"I am interviewed on This Week on @ABC this morning. Enjoy!","http://web.archive.org/save/http://twitter.com/realDonaldTrump/status/714075020113240066"
"I am interviewed on This Week on @ABC this morning. Enjoy!","http://web.archive.org/save/https://twitter.com/realDonaldTrump/status/714075020113240066"
"Wow, sleepy eyes @chucktodd is at it again. He is do totally biased. The things I am saying are correct. - far better vision than the others","http://web.archive.org/save/http://twitter.com/realDonaldTrump/status/714093135857631232"
"Wow, sleepy eyes @chucktodd is at it again. He is do totally biased. The things I am saying are correct. - far better vision than the others","http://web.archive.org/save/https://twitter.com/realDonaldTrump/status/714093135857631232"
"My statement on NATO being obsolete and disproportionately too expensive (and unfair) for the U.S. are now, finally, receiving plaudits!","http://web.archive.org/save/http://twitter.com/realDonaldTrump/status/714095595888238592"
"My statement on NATO being obsolete and disproportionately too expensive (and unfair) for the U.S. are now, finally, receiving plaudits!","http://web.archive.org/save/https://twitter.com/realDonaldTrump/status/714095595888238592"
"Happy Easter to all, have a great day!","http://web.archive.org/save/http://twitter.com/realDonaldTrump/status/714175472557424640"
"Happy Easter to all, have a great day!","http://web.archive.org/save/https://twitter.com/realDonaldTrump/status/714175472557424640"
"Another radical Islamic attack, this time in Pakistan, targeting Christian women &amp; children. At least 67 dead,400 injured. I alone can solve","http://web.archive.org/save/http://twitter.com/realDonaldTrump/status/714189569793646597"
"Another radical Islamic attack, this time in Pakistan, targeting Christian women &amp; children. At least 67 dead,400 injured. I alone can solve","http://web.archive.org/save/https://twitter.com/realDonaldTrump/status/714189569793646597"
"Why can't the pundits be honest? Hopefully we are all looking for a strong and great country again. I will make it strong and great!  JOBS!","http://web.archive.org/save/http://twitter.com/realDonaldTrump/status/714194279409848320"
"Why can't the pundits be honest? Hopefully we are all looking for a strong and great country again. I will make it strong and great!  JOBS!","http://web.archive.org/save/https://twitter.com/realDonaldTrump/status/714194279409848320"
"Just to show you how unfair Republican primary politics can be, I won the State of Louisiana and get less delegates than Cruz-Lawsuit coming","http://web.archive.org/save/http://twitter.com/realDonaldTrump/status/714198237675003904"
"Just to show you how unfair Republican primary politics can be, I won the State of Louisiana and get less delegates than Cruz-Lawsuit coming","http://web.archive.org/save/https://twitter.com/realDonaldTrump/status/714198237675003904"
"See Lyin' Ted, even the @DailyBeast (no fan of mine) says this story came from Rubio, not Trump! https://t.co/Okc8XajVnz","http://web.archive.org/save/http://twitter.com/realDonaldTrump/status/714214633016573953"
"See Lyin' Ted, even the @DailyBeast (no fan of mine) says this story came from Rubio, not Trump! https://t.co/Okc8XajVnz","http://web.archive.org/save/https://twitter.com/realDonaldTrump/status/714214633016573953"
"The United States cannot continue to make such bad, one-sided trade deals. There are only so many jobs we can give up. No more!","http://web.archive.org/save/http://twitter.com/realDonaldTrump/status/714260201927520256"
"The United States cannot continue to make such bad, one-sided trade deals. There are only so many jobs we can give up. No more!","http://web.archive.org/save/https://twitter.com/realDonaldTrump/status/714260201927520256"
"""@VictorConkle: #WIPrimary @realDonaldTrump will defeat ISIS and #MakeAmericaGreatAgain https://t.co/VWIJ7jUTaV""","http://web.archive.org/save/http://twitter.com/realDonaldTrump/status/714264864575922177"
"""@VictorConkle: #WIPrimary @realDonaldTrump will defeat ISIS and #MakeAmericaGreatAgain https://t.co/VWIJ7jUTaV""","http://web.archive.org/save/https://twitter.com/realDonaldTrump/status/714264864575922177"
"I will be interviewed on @foxandfriends at 7:30. Things are looking good, had a great Easter-look forward to spending the week in Wisconsin!","http://web.archive.org/save/http://twitter.com/realDonaldTrump/status/714411420104925184"
"I will be interviewed on @foxandfriends at 7:30. Things are looking good, had a great Easter-look forward to spending the week in Wisconsin!","http://web.archive.org/save/https://twitter.com/realDonaldTrump/status/714411420104925184"
"""@nellalda: @realDonaldTrump We stand by Trump 100%""  Thank you!","http://web.archive.org/save/http://twitter.com/realDonaldTrump/status/714423264039317505"
"""@nellalda: @realDonaldTrump We stand by Trump 100%""  Thank you!","http://web.archive.org/save/https://twitter.com/realDonaldTrump/status/714423264039317505"
"""Kirsten Powers: Anti- Trump Operative was Aggressively Shopping Cruz Story"" 
via the Gateway Pundit: https://t.co/batAmur1FD","http://web.archive.org/save/http://twitter.com/realDonaldTrump/status/714463489503404032"
"""Kirsten Powers: Anti- Trump Operative was Aggressively Shopping Cruz Story"" 
via the Gateway Pundit: https://t.co/batAmur1FD","http://web.archive.org/save/https://twitter.com/realDonaldTrump/status/714463489503404032"
"A detainee released from Gitmo has killed an American. When will our so-called ""leaders"" ever learn!","http://web.archive.org/save/http://twitter.com/realDonaldTrump/status/714503667261562880"
"A detainee released from Gitmo has killed an American. When will our so-called ""leaders"" ever learn!","http://web.archive.org/save/https://twitter.com/realDonaldTrump/status/714503667261562880"
"Ted Cruz is incensed that I want to refocus NATO on terrorism, as well as current mission, but also want others to PAY FAIR SHARE, a must!","http://web.archive.org/save/http://twitter.com/realDonaldTrump/status/714577392367443970"
"Ted Cruz is incensed that I want to refocus NATO on terrorism, as well as current mission, but also want others to PAY FAIR SHARE, a must!","http://web.archive.org/save/https://twitter.com/realDonaldTrump/status/714577392367443970"
"""@wolfblitzer:  Campaign-to-date popular GOP totals: @realDonaldTrump 7,546,980; @tedcruz 5,481,737; @JohnKasich 2,724,749"" A BIG DIFFERENCE","http://web.archive.org/save/http://twitter.com/realDonaldTrump/status/714578358022090752"
"""@wolfblitzer:  Campaign-to-date popular GOP totals: @realDonaldTrump 7,546,980; @tedcruz 5,481,737; @JohnKasich 2,724,749"" A BIG DIFFERENCE","http://web.archive.org/save/https://twitter.com/realDonaldTrump/status/714578358022090752"
"Just released that international gangs are all over our cities. This will end when I am President!","http://web.archive.org/save/http://twitter.com/realDonaldTrump/status/714581379351252996"
"Just released that international gangs are all over our cities. This will end when I am President!","http://web.archive.org/save/https://twitter.com/realDonaldTrump/status/714581379351252996"
"""@PaulaDuvall2:  Cruz will say anything that is contrary to what you have to say. If you're for Motherhood, he'll be against it!""","http://web.archive.org/save/http://twitter.com/realDonaldTrump/status/714581499362803713"
"""@PaulaDuvall2:  Cruz will say anything that is contrary to what you have to say. If you're for Motherhood, he'll be against it!""","http://web.archive.org/save/https://twitter.com/realDonaldTrump/status/714581499362803713"
"After the way I beat Gov. Scott Walker (and Jeb, Rand, Marco and all others) in the Presidential Primaries, no way he would ever endorse me!","http://web.archive.org/save/http://twitter.com/realDonaldTrump/status/714591260791713792"
"After the way I beat Gov. Scott Walker (and Jeb, Rand, Marco and all others) in the Presidential Primaries, no way he would ever endorse me!","http://web.archive.org/save/https://twitter.com/realDonaldTrump/status/714591260791713792"
"Lyin'Ted Cruz is weak &amp; losing big, so now he wants to debate again. But, according to Drudge,Time and on-line polls, I have won all debates","http://web.archive.org/save/http://twitter.com/realDonaldTrump/status/714617467839111173"
"Lyin'Ted Cruz is weak &amp; losing big, so now he wants to debate again. But, according to Drudge,Time and on-line polls, I have won all debates","http://web.archive.org/save/https://twitter.com/realDonaldTrump/status/714617467839111173"
"Lyin' Ted, I have already beaten you in all debates, and am way ahead of you in votes and delegates. You should focus on jobs &amp; illegal imm!","http://web.archive.org/save/http://twitter.com/realDonaldTrump/status/714619106151030784"
"Lyin' Ted, I have already beaten you in all debates, and am way ahead of you in votes and delegates. You should focus on jobs &amp; illegal imm!","http://web.archive.org/save/https://twitter.com/realDonaldTrump/status/714619106151030784"
"We need to secure our borders ASAP. No games, we must be smart, tough and vigilant. MAKE AMERICA GREAT AGAIN &amp; MAKE AMERICA STRONG AGAIN!","http://web.archive.org/save/http://twitter.com/realDonaldTrump/status/714619931938197504"
"We need to secure our borders ASAP. No games, we must be smart, tough and vigilant. MAKE AMERICA GREAT AGAIN &amp; MAKE AMERICA STRONG AGAIN!","http://web.archive.org/save/https://twitter.com/realDonaldTrump/status/714619931938197504"
"Wow, @CNN has nothing but my opponents on their shows. Really one-sided and unfair reporting. Maybe I shouldn't do their town-hall tonight!","http://web.archive.org/save/http://twitter.com/realDonaldTrump/status/714807977052610569"
"Wow, @CNN has nothing but my opponents on their shows. Really one-sided and unfair reporting. Maybe I shouldn't do their town-hall tonight!","http://web.archive.org/save/https://twitter.com/realDonaldTrump/status/714807977052610569"
"I have millions more votes/hundreds more dels than Cruz or Kasich, and yet am not being treated properly by the Republican Party or the RNC.","http://web.archive.org/save/http://twitter.com/realDonaldTrump/status/714818473382248448"
"I have millions more votes/hundreds more dels than Cruz or Kasich, and yet am not being treated properly by the Republican Party or the RNC.","http://web.archive.org/save/https://twitter.com/realDonaldTrump/status/714818473382248448"
"How come the @TODAYshow &amp; @chucktodd show the new @NBCNews Poll for Hillary vs Bernie but do not show the SAME poll where I am killing Cruz?","http://web.archive.org/save/http://twitter.com/realDonaldTrump/status/714825845504942080"
"How come the @TODAYshow &amp; @chucktodd show the new @NBCNews Poll for Hillary vs Bernie but do not show the SAME poll where I am killing Cruz?","http://web.archive.org/save/https://twitter.com/realDonaldTrump/status/714825845504942080"
"Wow, Corey Lewandowski, my campaign manager and a very decent man, was just charged with assaulting a reporter. Look at tapes-nothing there!","http://web.archive.org/save/http://twitter.com/realDonaldTrump/status/714855025055514624"
"Wow, Corey Lewandowski, my campaign manager and a very decent man, was just charged with assaulting a reporter. Look at tapes-nothing there!","http://web.archive.org/save/https://twitter.com/realDonaldTrump/status/714855025055514624"
"Why aren't people looking at this reporters earliest statement as to what happened, that is before she found out the episode was on tape?","http://web.archive.org/save/http://twitter.com/realDonaldTrump/status/714855791199719424"
"Why aren't people looking at this reporters earliest statement as to what happened, that is before she found out the episode was on tape?","http://web.archive.org/save/https://twitter.com/realDonaldTrump/status/714855791199719424"
"Victory press conference was over. 
Why is she allowed to grab me and shout questions? Can I press charges? https://t.co/qbW2RjkINX","http://web.archive.org/save/http://twitter.com/realDonaldTrump/status/714891184867508224"
"Victory press conference was over. 
Why is she allowed to grab me and shout questions? Can I press charges? https://t.co/qbW2RjkINX","http://web.archive.org/save/https://twitter.com/realDonaldTrump/status/714891184867508224"
"This was the reporters statement- when she found out there was tape from my facility, she changed her tune. https://t.co/N5815RS1At","http://web.archive.org/save/http://twitter.com/realDonaldTrump/status/714894618333212675"
"This was the reporters statement- when she found out there was tape from my facility, she changed her tune. https://t.co/N5815RS1At","http://web.archive.org/save/https://twitter.com/realDonaldTrump/status/714894618333212675"
"Why is this reporter touching me as I leave news conference? What is in her hand?? https://t.co/HQB8dl0fhn","http://web.archive.org/save/http://twitter.com/realDonaldTrump/status/714898756420939780"
"Why is this reporter touching me as I leave news conference? What is in her hand?? https://t.co/HQB8dl0fhn","http://web.archive.org/save/https://twitter.com/realDonaldTrump/status/714898756420939780"
"MAKE AMERICA GREAT AGAIN!
https://t.co/0w4ldD7dW3","http://web.archive.org/save/http://twitter.com/realDonaldTrump/status/714899439706574848"
"MAKE AMERICA GREAT AGAIN!
https://t.co/0w4ldD7dW3","http://web.archive.org/save/https://twitter.com/realDonaldTrump/status/714899439706574848"
"Thank you! #MakeAmericaGreatAgain https://t.co/sVUWI7JoGn","http://web.archive.org/save/http://twitter.com/realDonaldTrump/status/714911110575562753"
"Thank you! #MakeAmericaGreatAgain https://t.co/sVUWI7JoGn","http://web.archive.org/save/https://twitter.com/realDonaldTrump/status/714911110575562753"
"Trump defends campaign manager charged for bruising a reporter:
https://t.co/EKU5QMgjd4","http://web.archive.org/save/http://twitter.com/realDonaldTrump/status/714925079247847424"
"Trump defends campaign manager charged for bruising a reporter:
https://t.co/EKU5QMgjd4","http://web.archive.org/save/https://twitter.com/realDonaldTrump/status/714925079247847424"
"Thank you! #Trump2016 https://t.co/ZWZkHrtRQN","http://web.archive.org/save/http://twitter.com/realDonaldTrump/status/714926538714660866"
"Thank you! #Trump2016 https://t.co/ZWZkHrtRQN","http://web.archive.org/save/https://twitter.com/realDonaldTrump/status/714926538714660866"
"Final #'s just announced in the GREAT State of MO. TRUMP WINS! New certified #'s show a 365 vote increase for me- @ least 12 more delegates!","http://web.archive.org/save/http://twitter.com/realDonaldTrump/status/714967208439451650"
"Final #'s just announced in the GREAT State of MO. TRUMP WINS! New certified #'s show a 365 vote increase for me- @ least 12 more delegates!","http://web.archive.org/save/https://twitter.com/realDonaldTrump/status/714967208439451650"
".@DavidGregory got thrown off of TV by NBC, fired like a dog! Now he is on @CNN being nasty to me. Not nice!","http://web.archive.org/save/http://twitter.com/realDonaldTrump/status/715013260462960642"
".@DavidGregory got thrown off of TV by NBC, fired like a dog! Now he is on @CNN being nasty to me. Not nice!","http://web.archive.org/save/https://twitter.com/realDonaldTrump/status/715013260462960642"
"RT @DonaldJTrumpJr: Nice piece and video today in the Wall Street Journal: Trump‚Äôs three eldest children jump into campaign https://t.co/35‚Ä¶","http://web.archive.org/save/http://twitter.com/realDonaldTrump/status/715215099082878977"
"RT @DonaldJTrumpJr: Nice piece and video today in the Wall Street Journal: Trump‚Äôs three eldest children jump into campaign https://t.co/35‚Ä¶","http://web.archive.org/save/https://twitter.com/realDonaldTrump/status/715215099082878977"
"THANK YOU, NEW YORK!
#MakeAmericaGreatAgain #Trump2016
https://t.co/PuqiM93zOS https://t.co/fSgpKjwk2q","http://web.archive.org/save/http://twitter.com/realDonaldTrump/status/715216002347360256"
"THANK YOU, NEW YORK!
#MakeAmericaGreatAgain #Trump2016
https://t.co/PuqiM93zOS https://t.co/fSgpKjwk2q","http://web.archive.org/save/https://twitter.com/realDonaldTrump/status/715216002347360256"
"Please keep your thoughts &amp; prayers with Melissa Young- Miss Wisconsin 2005. https://t.co/D8RBfufIwH","http://web.archive.org/save/http://twitter.com/realDonaldTrump/status/715223526635094016"
"Please keep your thoughts &amp; prayers with Melissa Young- Miss Wisconsin 2005. https://t.co/D8RBfufIwH","http://web.archive.org/save/https://twitter.com/realDonaldTrump/status/715223526635094016"
"Congratulations to @CNN for having the wisdom to pick TRUMP! #MakeAmericaGreatAgain #Trump2016 https://t.co/Up8DhQulZ4","http://web.archive.org/save/http://twitter.com/realDonaldTrump/status/715286909824663552"
"Congratulations to @CNN for having the wisdom to pick TRUMP! #MakeAmericaGreatAgain #Trump2016 https://t.co/Up8DhQulZ4","http://web.archive.org/save/https://twitter.com/realDonaldTrump/status/715286909824663552"
"Thank you- Appleton, Wisconsin!
#WIPrimary #Trump2016 
https://t.co/XkbTWHpEvy https://t.co/klUNUV2J5S","http://web.archive.org/save/http://twitter.com/realDonaldTrump/status/715291320563146752"
"Thank you- Appleton, Wisconsin!
#WIPrimary #Trump2016 
https://t.co/XkbTWHpEvy https://t.co/klUNUV2J5S","http://web.archive.org/save/https://twitter.com/realDonaldTrump/status/715291320563146752"
"""@Gearssuxs: @loudobbsnews @realDonaldTrump I'm a democrat and switch over to republican just to vote for trump in the primary.""  Great!","http://web.archive.org/save/http://twitter.com/realDonaldTrump/status/715369991214866432"
"""@Gearssuxs: @loudobbsnews @realDonaldTrump I'm a democrat and switch over to republican just to vote for trump in the primary.""  Great!","http://web.archive.org/save/https://twitter.com/realDonaldTrump/status/715369991214866432"
"""@susanbirchfiel1: Nothing you say will change my mind! Woman for @realDonaldTrump https://t.co/MIq1iF2097""","http://web.archive.org/save/http://twitter.com/realDonaldTrump/status/715372505486245888"
"""@susanbirchfiel1: Nothing you say will change my mind! Woman for @realDonaldTrump https://t.co/MIq1iF2097""","http://web.archive.org/save/https://twitter.com/realDonaldTrump/status/715372505486245888"
"The Trump Doctrine: Peace Through Strength. #Trump2016 
https://t.co/2GD1TT8fXc https://t.co/tr1ILOoLUb","http://web.archive.org/save/http://twitter.com/realDonaldTrump/status/715536209385115649"
"The Trump Doctrine: Peace Through Strength. #Trump2016 
https://t.co/2GD1TT8fXc https://t.co/tr1ILOoLUb","http://web.archive.org/save/https://twitter.com/realDonaldTrump/status/715536209385115649"
"Just had a very nice meeting with @Reince Priebus and the @GOP. Looking forward to bringing the Party 
together --- and it will happen!","http://web.archive.org/save/http://twitter.com/realDonaldTrump/status/715616148335759360"
"Just had a very nice meeting with @Reince Priebus and the @GOP. Looking forward to bringing the Party 
together --- and it will happen!","http://web.archive.org/save/https://twitter.com/realDonaldTrump/status/715616148335759360"
"THANK YOU, WISCONSIN! #VoteTrump 
next Tuesday, April 5th! #WIPrimary
https://t.co/4tymy651ZP https://t.co/IOBhOXeBiN","http://web.archive.org/save/http://twitter.com/realDonaldTrump/status/715636703369691136"
"THANK YOU, WISCONSIN! #VoteTrump 
next Tuesday, April 5th! #WIPrimary
https://t.co/4tymy651ZP https://t.co/IOBhOXeBiN","http://web.archive.org/save/https://twitter.com/realDonaldTrump/status/715636703369691136"
"THANK YOU, AMERICA! #Trump2016
#MakeAmericaGreatAgain 
https://t.co/09hTbBgPHf https://t.co/uJnmDnvkUv","http://web.archive.org/save/http://twitter.com/realDonaldTrump/status/715664091893731329"
"THANK YOU, AMERICA! #Trump2016
#MakeAmericaGreatAgain 
https://t.co/09hTbBgPHf https://t.co/uJnmDnvkUv","http://web.archive.org/save/https://twitter.com/realDonaldTrump/status/715664091893731329"
"THANK YOU, NEW YORK! #Trump2016 https://t.co/ONDROBrDwr","http://web.archive.org/save/http://twitter.com/realDonaldTrump/status/715668280153911296"
"THANK YOU, NEW YORK! #Trump2016 https://t.co/ONDROBrDwr","http://web.archive.org/save/https://twitter.com/realDonaldTrump/status/715668280153911296"
"#MakeAmericaGreatAgain #Trump2016
https://t.co/aANxirUJJD https://t.co/VlMynYN3sd","http://web.archive.org/save/http://twitter.com/realDonaldTrump/status/715725628465680386"
"#MakeAmericaGreatAgain #Trump2016
https://t.co/aANxirUJJD https://t.co/VlMynYN3sd","http://web.archive.org/save/https://twitter.com/realDonaldTrump/status/715725628465680386"
"The Club For Growth,which asked me for $1,000,000 in an extortion attempt, just put up a Wisconsin ad with incorrect math.What a dumb group!","http://web.archive.org/save/http://twitter.com/realDonaldTrump/status/715756428447858688"
"The Club For Growth,which asked me for $1,000,000 in an extortion attempt, just put up a Wisconsin ad with incorrect math.What a dumb group!","http://web.archive.org/save/https://twitter.com/realDonaldTrump/status/715756428447858688"
"The Club For Growth said in their ad that 465 delegates (Cruz) plus 143 delegates (Kasich) is more than my 739 delegates. Try again!","http://web.archive.org/save/http://twitter.com/realDonaldTrump/status/715758039836594176"
"The Club For Growth said in their ad that 465 delegates (Cruz) plus 143 delegates (Kasich) is more than my 739 delegates. Try again!","http://web.archive.org/save/https://twitter.com/realDonaldTrump/status/715758039836594176"
"The National Border Patrol Council (NBPC) said that our open border is the biggest physical &amp; economic threat facing the American people!","http://web.archive.org/save/http://twitter.com/realDonaldTrump/status/715907761926750208"
"The National Border Patrol Council (NBPC) said that our open border is the biggest physical &amp; economic threat facing the American people!","http://web.archive.org/save/https://twitter.com/realDonaldTrump/status/715907761926750208"
"For the 1st time in American history, America‚Äôs 16,500 border patrol agents have issue a presidential primary endorsement‚Äîme! Thank you.","http://web.archive.org/save/http://twitter.com/realDonaldTrump/status/715907894584197120"
"For the 1st time in American history, America‚Äôs 16,500 border patrol agents have issue a presidential primary endorsement‚Äîme! Thank you.","http://web.archive.org/save/https://twitter.com/realDonaldTrump/status/715907894584197120"
"Does anybody like Lyin' Ted? https://t.co/h78ESEgEYg","http://web.archive.org/save/http://twitter.com/realDonaldTrump/status/715973328868085761"
"Does anybody like Lyin' Ted? https://t.co/h78ESEgEYg","http://web.archive.org/save/https://twitter.com/realDonaldTrump/status/715973328868085761"
"My new radio ad, airing today in Wisconsin! See you soon!
#WIPrimary #Trump2016 
https://t.co/iEbcYqyk3i","http://web.archive.org/save/http://twitter.com/realDonaldTrump/status/715980291672829953"
"My new radio ad, airing today in Wisconsin! See you soon!
#WIPrimary #Trump2016 
https://t.co/iEbcYqyk3i","http://web.archive.org/save/https://twitter.com/realDonaldTrump/status/715980291672829953"
"We must build a great wall between Mexico and the United States! https://t.co/05SjuRJFbf","http://web.archive.org/save/http://twitter.com/realDonaldTrump/status/716019755682045952"
"We must build a great wall between Mexico and the United States! https://t.co/05SjuRJFbf","http://web.archive.org/save/https://twitter.com/realDonaldTrump/status/716019755682045952"
"Can you believe that Ted Cruz, who has been killing our country on trade for so long, just put out a Wisconsin ad talking about trade?","http://web.archive.org/save/http://twitter.com/realDonaldTrump/status/716020373045841920"
"Can you believe that Ted Cruz, who has been killing our country on trade for so long, just put out a Wisconsin ad talking about trade?","http://web.archive.org/save/https://twitter.com/realDonaldTrump/status/716020373045841920"
"MAKE AMERICA GREAT AGAIN! 
https://t.co/SULeDE2PYp","http://web.archive.org/save/http://twitter.com/realDonaldTrump/status/716031548382773248"
"MAKE AMERICA GREAT AGAIN! 
https://t.co/SULeDE2PYp","http://web.archive.org/save/https://twitter.com/realDonaldTrump/status/716031548382773248"
"Is it possible for @megynkelly to cover anyone but Donald Trump on her terrible show. She totally misrepresents my words and positions! BAD.","http://web.archive.org/save/http://twitter.com/realDonaldTrump/status/716078699175682053"
"Is it possible for @megynkelly to cover anyone but Donald Trump on her terrible show. She totally misrepresents my words and positions! BAD.","http://web.archive.org/save/https://twitter.com/realDonaldTrump/status/716078699175682053"
"If @megynkelly stopped covering me on her show, her ratings would drop like a rock! My h to h interview with @AC360 beat her by millions!","http://web.archive.org/save/http://twitter.com/realDonaldTrump/status/716085112610426880"
"If @megynkelly stopped covering me on her show, her ratings would drop like a rock! My h to h interview with @AC360 beat her by millions!","http://web.archive.org/save/https://twitter.com/realDonaldTrump/status/716085112610426880"
"I will be in Wisconsin until the election. Jobs, trade and immigration will be big factors. I will bring jobs back home - make great deals!","http://web.archive.org/save/http://twitter.com/realDonaldTrump/status/716088246258651136"
"I will be in Wisconsin until the election. Jobs, trade and immigration will be big factors. I will bring jobs back home - make great deals!","http://web.archive.org/save/https://twitter.com/realDonaldTrump/status/716088246258651136"
"Wisconsin has suffered a great loss of jobs and trade, but if I win, all of the bad things happening in the U.S. will be rapidly reversed!","http://web.archive.org/save/http://twitter.com/realDonaldTrump/status/716222480738869248"
"Wisconsin has suffered a great loss of jobs and trade, but if I win, all of the bad things happening in the U.S. will be rapidly reversed!","http://web.archive.org/save/https://twitter.com/realDonaldTrump/status/716222480738869248"
"Join me on Monday, April 4th in Milwaukee! #WIPrimary #Trump2016
Tickets: https://t.co/L0PmEwdRxn https://t.co/F7P4s6oAzN","http://web.archive.org/save/http://twitter.com/realDonaldTrump/status/716344003789266944"
"Join me on Monday, April 4th in Milwaukee! #WIPrimary #Trump2016
Tickets: https://t.co/L0PmEwdRxn https://t.co/F7P4s6oAzN","http://web.archive.org/save/https://twitter.com/realDonaldTrump/status/716344003789266944"
"Great honor to have @GOP General Counsel, #JohnRyder as a Trump delegate in TN. RNC meeting well worth it! Unifying the party!","http://web.archive.org/save/http://twitter.com/realDonaldTrump/status/716359318828769280"
"Great honor to have @GOP General Counsel, #JohnRyder as a Trump delegate in TN. RNC meeting well worth it! Unifying the party!","http://web.archive.org/save/https://twitter.com/realDonaldTrump/status/716359318828769280"
".@HeyTammyBruce- Thank you for your nice words on Fox today. They never use my full statements on nuclear, which you would agree with!","http://web.archive.org/save/http://twitter.com/realDonaldTrump/status/716362171404435458"
".@HeyTammyBruce- Thank you for your nice words on Fox today. They never use my full statements on nuclear, which you would agree with!","http://web.archive.org/save/https://twitter.com/realDonaldTrump/status/716362171404435458"
".@FoxNews should be ashamed for allowing experts to explain how to make a nuclear attack!","http://web.archive.org/save/http://twitter.com/realDonaldTrump/status/716362367119069185"
".@FoxNews should be ashamed for allowing experts to explain how to make a nuclear attack!","http://web.archive.org/save/https://twitter.com/realDonaldTrump/status/716362367119069185"
"A GREAT DAY IN WISCONSIN!
Thank you #Racine &amp; #Wausau! Just arrived in #EauClaire! #Trump2016
#WIPrimary #TrumpTrain https://t.co/a0iKqNepD5","http://web.archive.org/save/http://twitter.com/realDonaldTrump/status/716412682581053440"
"A GREAT DAY IN WISCONSIN!
Thank you #Racine &amp; #Wausau! Just arrived in #EauClaire! #Trump2016
#WIPrimary #TrumpTrain https://t.co/a0iKqNepD5","http://web.archive.org/save/https://twitter.com/realDonaldTrump/status/716412682581053440"
"I will be interviewed by @jdickerson on @FaceTheNation tomorrow morning. Enjoy! #Trump2016","http://web.archive.org/save/http://twitter.com/realDonaldTrump/status/716462678802345984"
"I will be interviewed by @jdickerson on @FaceTheNation tomorrow morning. Enjoy! #Trump2016","http://web.archive.org/save/https://twitter.com/realDonaldTrump/status/716462678802345984"
"Thank you Eau Claire, Wisconsin. 
#VoteTrump on Tuesday, April 5th!
MAKE AMERICA GREAT AGAIN! https://t.co/JI5JqwHnMC","http://web.archive.org/save/http://twitter.com/realDonaldTrump/status/716464023273910273"
"Thank you Eau Claire, Wisconsin. 
#VoteTrump on Tuesday, April 5th!
MAKE AMERICA GREAT AGAIN! https://t.co/JI5JqwHnMC","http://web.archive.org/save/https://twitter.com/realDonaldTrump/status/716464023273910273"
"""@FaceTheNation: Tune in for our sit-down interview with Republican frontrunner @realDonaldTrump! https://t.co/oVm8ozIC8h""","http://web.archive.org/save/http://twitter.com/realDonaldTrump/status/716590192413507584"
"""@FaceTheNation: Tune in for our sit-down interview with Republican frontrunner @realDonaldTrump! https://t.co/oVm8ozIC8h""","http://web.archive.org/save/https://twitter.com/realDonaldTrump/status/716590192413507584"
"I will be on @FoxNewsSunday with Chris Wallace this morning. Enjoy!","http://web.archive.org/save/http://twitter.com/realDonaldTrump/status/716600252934041601"
"I will be on @FoxNewsSunday with Chris Wallace this morning. Enjoy!","http://web.archive.org/save/https://twitter.com/realDonaldTrump/status/716600252934041601"
"""@Wheels155:@CNN is reviewing the week,but majority of the show about @realDonaldTrump cuz there would be 0.0 ratings if not. Media's a JOKE","http://web.archive.org/save/http://twitter.com/realDonaldTrump/status/716620675071537152"
"""@Wheels155:@CNN is reviewing the week,but majority of the show about @realDonaldTrump cuz there would be 0.0 ratings if not. Media's a JOKE","http://web.archive.org/save/https://twitter.com/realDonaldTrump/status/716620675071537152"
"""@Margee11: #WISCONSIN VOTE SMART @tedcruz RECORDS R SEALED.. WHAT IS HE HIDING? SAVE AMERICA W/ @realDonaldTrump https://t.co/kMuAoGF99S""","http://web.archive.org/save/http://twitter.com/realDonaldTrump/status/716621438535471104"
"""@Margee11: #WISCONSIN VOTE SMART @tedcruz RECORDS R SEALED.. WHAT IS HE HIDING? SAVE AMERICA W/ @realDonaldTrump https://t.co/kMuAoGF99S""","http://web.archive.org/save/https://twitter.com/realDonaldTrump/status/716621438535471104"
"""@007cigarjoe: #MakeAmericaGreatAgain #Trump2016 @realDonaldTrump IS THE ONLY DEAL !!! https://t.co/PQHIM7AbvK""","http://web.archive.org/save/http://twitter.com/realDonaldTrump/status/716621639564324865"
"""@007cigarjoe: #MakeAmericaGreatAgain #Trump2016 @realDonaldTrump IS THE ONLY DEAL !!! https://t.co/PQHIM7AbvK""","http://web.archive.org/save/https://twitter.com/realDonaldTrump/status/716621639564324865"
"Thank you! #Trump2016 #WIPrimary https://t.co/alx0AY6E8J","http://web.archive.org/save/http://twitter.com/realDonaldTrump/status/716622947901915136"
"Thank you! #Trump2016 #WIPrimary https://t.co/alx0AY6E8J","http://web.archive.org/save/https://twitter.com/realDonaldTrump/status/716622947901915136"
"""@GOPjenna: ""I don't care about the game, I care about the PEOPLE."" And that's exactly why WE THE PEOPLE love you so much! #Trump2016""","http://web.archive.org/save/http://twitter.com/realDonaldTrump/status/716639648873844740"
"""@GOPjenna: ""I don't care about the game, I care about the PEOPLE."" And that's exactly why WE THE PEOPLE love you so much! #Trump2016""","http://web.archive.org/save/https://twitter.com/realDonaldTrump/status/716639648873844740"
"Thank you New York, and Pennsylvania! 
#MakeAmericaGreatAgain #Trump2016 https://t.co/sziCGsvGbz","http://web.archive.org/save/http://twitter.com/realDonaldTrump/status/716683752227913728"
"Thank you New York, and Pennsylvania! 
#MakeAmericaGreatAgain #Trump2016 https://t.co/sziCGsvGbz","http://web.archive.org/save/https://twitter.com/realDonaldTrump/status/716683752227913728"
"Thank you Miss Katie's Diner!
#MakeAmericaGreatAgain #Trump2016
https://t.co/oYpUYJmpKI https://t.co/uTSIiVqPkT","http://web.archive.org/save/http://twitter.com/realDonaldTrump/status/716688097237458945"
"Thank you Miss Katie's Diner!
#MakeAmericaGreatAgain #Trump2016
https://t.co/oYpUYJmpKI https://t.co/uTSIiVqPkT","http://web.archive.org/save/https://twitter.com/realDonaldTrump/status/716688097237458945"
"I will be in Milwaukee, Wisconsin- tomorrow at 7pmE with @MELANIATRUMP. Join us! #WIPrimary #Trump2016 https://t.co/L0PmEwdRxn","http://web.archive.org/save/http://twitter.com/realDonaldTrump/status/716727859876917248"
"I will be in Milwaukee, Wisconsin- tomorrow at 7pmE with @MELANIATRUMP. Join us! #WIPrimary #Trump2016 https://t.co/L0PmEwdRxn","http://web.archive.org/save/https://twitter.com/realDonaldTrump/status/716727859876917248"
"Congratulations to @gohermie for winning the @ShellHouOpen. We are all proud of you @TNGCBedminster &amp; all @TrumpGolf clubs! Great going!","http://web.archive.org/save/http://twitter.com/realDonaldTrump/status/716774329837420544"
"Congratulations to @gohermie for winning the @ShellHouOpen. We are all proud of you @TNGCBedminster &amp; all @TrumpGolf clubs! Great going!","http://web.archive.org/save/https://twitter.com/realDonaldTrump/status/716774329837420544"
"I am on @FoxNews with @greta doing a town hall, from Wisconsin- now! Enjoy!
#MakeAmericaGreatAgain #Trump2016","http://web.archive.org/save/http://twitter.com/realDonaldTrump/status/716780878777556994"
"I am on @FoxNews with @greta doing a town hall, from Wisconsin- now! Enjoy!
#MakeAmericaGreatAgain #Trump2016","http://web.archive.org/save/https://twitter.com/realDonaldTrump/status/716780878777556994"
"A great night in West Allis, Wisconsin! Thank you! #VoteTrumpWI #WIPrimary 
https://t.co/4x9gw1RhWS https://t.co/syGyqtOebs","http://web.archive.org/save/http://twitter.com/realDonaldTrump/status/716811670031581185"
"A great night in West Allis, Wisconsin! Thank you! #VoteTrumpWI #WIPrimary 
https://t.co/4x9gw1RhWS https://t.co/syGyqtOebs","http://web.archive.org/save/https://twitter.com/realDonaldTrump/status/716811670031581185"
"A great day in Wisconsin, many stops, many great people! Melania is joining me on Monday. Big crowds. MAKE AMERICA GREAT AGAIN!","http://web.archive.org/save/http://twitter.com/realDonaldTrump/status/716826069777645568"
"A great day in Wisconsin, many stops, many great people! Melania is joining me on Monday. Big crowds. MAKE AMERICA GREAT AGAIN!","http://web.archive.org/save/https://twitter.com/realDonaldTrump/status/716826069777645568"
"This Tweet from @realDonaldTrump has been withheld in response to a report from the copyright holder.","http://web.archive.org/save/http://twitter.com/realDonaldTrump/status/717003103871115267"
"This Tweet from @realDonaldTrump has been withheld in response to a report from the copyright holder.","http://web.archive.org/save/https://twitter.com/realDonaldTrump/status/717003103871115267"
"Just departing La Crosse, Wisconsin. Thank you! #Trump2016 #WIPrimary
https://t.co/xk2cVAz0eY https://t.co/7umXgUjEzi","http://web.archive.org/save/http://twitter.com/realDonaldTrump/status/717027537990365186"
"Just departing La Crosse, Wisconsin. Thank you! #Trump2016 #WIPrimary
https://t.co/xk2cVAz0eY https://t.co/7umXgUjEzi","http://web.archive.org/save/https://twitter.com/realDonaldTrump/status/717027537990365186"
"Congratulations Jim Herman! We are all proud of you @TrumpGolf!
https://t.co/RuuTippjw1","http://web.archive.org/save/http://twitter.com/realDonaldTrump/status/717050067840929792"
"Congratulations Jim Herman! We are all proud of you @TrumpGolf!
https://t.co/RuuTippjw1","http://web.archive.org/save/https://twitter.com/realDonaldTrump/status/717050067840929792"
"Will be interviewed on @SeanHannity on @FoxNews from #Wisconsin tonight. My wife, Melania, will join me for the entire show.","http://web.archive.org/save/http://twitter.com/realDonaldTrump/status/717088318068891648"
"Will be interviewed on @SeanHannity on @FoxNews from #Wisconsin tonight. My wife, Melania, will join me for the entire show.","http://web.archive.org/save/https://twitter.com/realDonaldTrump/status/717088318068891648"
"Wow, great news from Wisconsin. Just made two speeches there with a big one coming tonight. Thank you! https://t.co/Bf95GysWDN","http://web.archive.org/save/http://twitter.com/realDonaldTrump/status/717092823326064640"
"Wow, great news from Wisconsin. Just made two speeches there with a big one coming tonight. Thank you! https://t.co/Bf95GysWDN","http://web.archive.org/save/https://twitter.com/realDonaldTrump/status/717092823326064640"
"Leaving Superior, Wisconsin now. Thank you! #Trump2016 #WIPrimary
https://t.co/AoTBAQgcZr https://t.co/2C4HEwrTQF","http://web.archive.org/save/http://twitter.com/realDonaldTrump/status/717096171068661761"
"Leaving Superior, Wisconsin now. Thank you! #Trump2016 #WIPrimary
https://t.co/AoTBAQgcZr https://t.co/2C4HEwrTQF","http://web.archive.org/save/https://twitter.com/realDonaldTrump/status/717096171068661761"
"MAKE AMERICA GREAT AGAIN!
https://t.co/yypR5snYBC","http://web.archive.org/save/http://twitter.com/realDonaldTrump/status/717140417469349888"
"MAKE AMERICA GREAT AGAIN!
https://t.co/yypR5snYBC","http://web.archive.org/save/https://twitter.com/realDonaldTrump/status/717140417469349888"
"I will be on @SeanHannity @FoxNews- tonight at 10pmE w/ @MELANIATRUMP, from Wisconsin. Enjoy! #WIPrimary #Trump2016 https://t.co/znfxf2wyrr","http://web.archive.org/save/http://twitter.com/realDonaldTrump/status/717158349008011264"
"I will be on @SeanHannity @FoxNews- tonight at 10pmE w/ @MELANIATRUMP, from Wisconsin. Enjoy! #WIPrimary #Trump2016 https://t.co/znfxf2wyrr","http://web.archive.org/save/https://twitter.com/realDonaldTrump/status/717158349008011264"
"""@vikkideiter: Something VERY close to my heart. I'm a NAVY VET! I love @realDonaldTrump's  VETERANS ADMINISTRATION REFORMS.","http://web.archive.org/save/http://twitter.com/realDonaldTrump/status/717170068430397440"
"""@vikkideiter: Something VERY close to my heart. I'm a NAVY VET! I love @realDonaldTrump's  VETERANS ADMINISTRATION REFORMS.","http://web.archive.org/save/https://twitter.com/realDonaldTrump/status/717170068430397440"
"""@FoxNews: @ScottBaio: ""#DonaldTrump is the only guy, I think, that has the will &amp; the nerve to attack &amp; to fight."" https://t.co/DjkdAzT3WV","http://web.archive.org/save/http://twitter.com/realDonaldTrump/status/717189147497091072"
"""@FoxNews: @ScottBaio: ""#DonaldTrump is the only guy, I think, that has the will &amp; the nerve to attack &amp; to fight."" https://t.co/DjkdAzT3WV","http://web.archive.org/save/https://twitter.com/realDonaldTrump/status/717189147497091072"
"MAKE AMERICA GREAT AGAIN!
https://t.co/iiXHgM7aA2","http://web.archive.org/save/http://twitter.com/realDonaldTrump/status/717192412213420032"
"MAKE AMERICA GREAT AGAIN!
https://t.co/iiXHgM7aA2","http://web.archive.org/save/https://twitter.com/realDonaldTrump/status/717192412213420032"
"Good morning Wisconsin! The polls are now open! #VoteTrump today &amp; we will MakeAmericaGreatAgain! https://t.co/cXvX5SCF3c","http://web.archive.org/save/http://twitter.com/realDonaldTrump/status/717321031321432064"
"Good morning Wisconsin! The polls are now open! #VoteTrump today &amp; we will MakeAmericaGreatAgain! https://t.co/cXvX5SCF3c","http://web.archive.org/save/https://twitter.com/realDonaldTrump/status/717321031321432064"
"Wisconsin, we will MAKE AMERICA GREAT AGAIN!","http://web.archive.org/save/http://twitter.com/realDonaldTrump/status/717395599633563648"
"Wisconsin, we will MAKE AMERICA GREAT AGAIN!","http://web.archive.org/save/https://twitter.com/realDonaldTrump/status/717395599633563648"
"""@roadsho: Challenge to all WI gun owners. Vote @realDonaldTrump.The only candidate that will protect your rights! https://t.co/qjTYLj8bxM","http://web.archive.org/save/http://twitter.com/realDonaldTrump/status/717400207898591232"
"""@roadsho: Challenge to all WI gun owners. Vote @realDonaldTrump.The only candidate that will protect your rights! https://t.co/qjTYLj8bxM","http://web.archive.org/save/https://twitter.com/realDonaldTrump/status/717400207898591232"
"RT @EricTrump: #Wisconsin: To find your voting location visit https://t.co/9VgGcAJDkK #MakeAmericaGreatAgain  #TrumpTrain üöÇüí®üí®üá∫üá∏üá∫üá∏üá∫üá∏ https:/‚Ä¶","http://web.archive.org/save/http://twitter.com/realDonaldTrump/status/717401379443195911"
"RT @EricTrump: #Wisconsin: To find your voting location visit https://t.co/9VgGcAJDkK #MakeAmericaGreatAgain  #TrumpTrain üöÇüí®üí®üá∫üá∏üá∫üá∏üá∫üá∏ https:/‚Ä¶","http://web.archive.org/save/https://twitter.com/realDonaldTrump/status/717401379443195911"
"Wow, @Politico is in total disarray 
with almost everybody quitting. Good
news -- bad, dishonest journalists! https://t.co/xTvGLDXY5O","http://web.archive.org/save/http://twitter.com/realDonaldTrump/status/717433113882787840"
"Wow, @Politico is in total disarray 
with almost everybody quitting. Good
news -- bad, dishonest journalists! https://t.co/xTvGLDXY5O","http://web.archive.org/save/https://twitter.com/realDonaldTrump/status/717433113882787840"
"RT @DonaldJTrumpJr: Last chance #Wisconsin: Find your polling location for today's primary &amp; go vote! Visit https://t.co/LC20hcigoQ üá∫üá∏üá∫üá∏ #T‚Ä¶","http://web.archive.org/save/http://twitter.com/realDonaldTrump/status/717455981047914496"
"RT @DonaldJTrumpJr: Last chance #Wisconsin: Find your polling location for today's primary &amp; go vote! Visit https://t.co/LC20hcigoQ üá∫üá∏üá∫üá∏ #T‚Ä¶","http://web.archive.org/save/https://twitter.com/realDonaldTrump/status/717455981047914496"
"Still time to get out and VOTE!
#WIPrimary #Trump2016 #MAGA
https://t.co/HjnGrR25Vf","http://web.archive.org/save/http://twitter.com/realDonaldTrump/status/717483825446707200"
"Still time to get out and VOTE!
#WIPrimary #Trump2016 #MAGA
https://t.co/HjnGrR25Vf","http://web.archive.org/save/https://twitter.com/realDonaldTrump/status/717483825446707200"
"It is so great to be back home! Looking forward to a great rally tonight in Bethpage, Long Island!","http://web.archive.org/save/http://twitter.com/realDonaldTrump/status/717753959176396801"
"It is so great to be back home! Looking forward to a great rally tonight in Bethpage, Long Island!","http://web.archive.org/save/https://twitter.com/realDonaldTrump/status/717753959176396801"
"I was not scheduled to be on the @oreillyfactor. Pure fiction!","http://web.archive.org/save/http://twitter.com/realDonaldTrump/status/717872177782124545"
"I was not scheduled to be on the @oreillyfactor. Pure fiction!","http://web.archive.org/save/https://twitter.com/realDonaldTrump/status/717872177782124545"
"Unbelievable evening. Just made a speech in front 17,000 amazing New Yorkers in Bethpage, Long Island--- great to be home!","http://web.archive.org/save/http://twitter.com/realDonaldTrump/status/717872274569822208"
"Unbelievable evening. Just made a speech in front 17,000 amazing New Yorkers in Bethpage, Long Island--- great to be home!","http://web.archive.org/save/https://twitter.com/realDonaldTrump/status/717872274569822208"
"#MakeAmericaGreatAgain #Trump2016 https://t.co/hjygbNsxee","http://web.archive.org/save/http://twitter.com/realDonaldTrump/status/717910383491751936"
"#MakeAmericaGreatAgain #Trump2016 https://t.co/hjygbNsxee","http://web.archive.org/save/https://twitter.com/realDonaldTrump/status/717910383491751936"
"Ted Cruz attacked New Yorkers and New York values- we don't forget! https://t.co/83ur9C1qhB","http://web.archive.org/save/http://twitter.com/realDonaldTrump/status/718159369033162752"
"Ted Cruz attacked New Yorkers and New York values- we don't forget! https://t.co/83ur9C1qhB","http://web.archive.org/save/https://twitter.com/realDonaldTrump/status/718159369033162752"
"""@gracefulme3: @seanhannity @tedcruz @realDonaldTrump Cruz is hated in New York. He should go home - no place for a phony""","http://web.archive.org/save/http://twitter.com/realDonaldTrump/status/718259314197164034"
"""@gracefulme3: @seanhannity @tedcruz @realDonaldTrump Cruz is hated in New York. He should go home - no place for a phony""","http://web.archive.org/save/https://twitter.com/realDonaldTrump/status/718259314197164034"
"""@Genie115: #MakeAmericaGreatAgain we can only do that with @realDonaldTrump RT https://t.co/RViAgxoa4t""","http://web.archive.org/save/http://twitter.com/realDonaldTrump/status/718268624012754944"
"""@Genie115: #MakeAmericaGreatAgain we can only do that with @realDonaldTrump RT https://t.co/RViAgxoa4t""","http://web.archive.org/save/https://twitter.com/realDonaldTrump/status/718268624012754944"
"""@Keeblerqueen: @RealRudyGiulian @realDonaldTrump Thanks Rudy!!! Trump will be a great president!!""","http://web.archive.org/save/http://twitter.com/realDonaldTrump/status/718268906176122881"
"""@Keeblerqueen: @RealRudyGiulian @realDonaldTrump Thanks Rudy!!! Trump will be a great president!!""","http://web.archive.org/save/https://twitter.com/realDonaldTrump/status/718268906176122881"
"""@DiCristo13: @realDonaldTrump let's have the policy speeches on immigration, economy,  foreign policy, and NATO! https://t.co/Uuit2hWmhW""","http://web.archive.org/save/http://twitter.com/realDonaldTrump/status/718269255872081922"
"""@DiCristo13: @realDonaldTrump let's have the policy speeches on immigration, economy,  foreign policy, and NATO! https://t.co/Uuit2hWmhW""","http://web.archive.org/save/https://twitter.com/realDonaldTrump/status/718269255872081922"
"""@iamDaveK: @realDonaldTrump first WWE Hall of Famer to become president?""","http://web.archive.org/save/http://twitter.com/realDonaldTrump/status/718269634814865410"
"""@iamDaveK: @realDonaldTrump first WWE Hall of Famer to become president?""","http://web.archive.org/save/https://twitter.com/realDonaldTrump/status/718269634814865410"
"So great to be in New York. Catching up on many things (remember, I am still running a major business while I campaign) and loving it!","http://web.archive.org/save/http://twitter.com/realDonaldTrump/status/718408900375154688"
"So great to be in New York. Catching up on many things (remember, I am still running a major business while I campaign) and loving it!","http://web.archive.org/save/https://twitter.com/realDonaldTrump/status/718408900375154688"
"""@WPayton344: @PaulManafort Great Interview on CNN-Being from CT- I am thrilled you are part of this Team-GO TRUMP!""","http://web.archive.org/save/http://twitter.com/realDonaldTrump/status/718409541273194497"
"""@WPayton344: @PaulManafort Great Interview on CNN-Being from CT- I am thrilled you are part of this Team-GO TRUMP!""","http://web.archive.org/save/https://twitter.com/realDonaldTrump/status/718409541273194497"
"""@glozee1: Great interview with @PaulManafort on @CNN regarding @realDonaldTrump path to victory #NewDay #MakeAmericaGreatAgain @DanScavino""","http://web.archive.org/save/http://twitter.com/realDonaldTrump/status/718410250437705729"
"""@glozee1: Great interview with @PaulManafort on @CNN regarding @realDonaldTrump path to victory #NewDay #MakeAmericaGreatAgain @DanScavino""","http://web.archive.org/save/https://twitter.com/realDonaldTrump/status/718410250437705729"
"""@R_U_OK_UK: @realDonaldTrump @glozee1 @PaulManafort @CNN @DanScavino Vote trump to save the west. Don't become like Europe - #WakeUpAmerica","http://web.archive.org/save/http://twitter.com/realDonaldTrump/status/718410936562925568"
"""@R_U_OK_UK: @realDonaldTrump @glozee1 @PaulManafort @CNN @DanScavino Vote trump to save the west. Don't become like Europe - #WakeUpAmerica","http://web.archive.org/save/https://twitter.com/realDonaldTrump/status/718410936562925568"
"Jennifer is a terrific person. https://t.co/EHL702civ5","http://web.archive.org/save/http://twitter.com/realDonaldTrump/status/718516815782088704"
"Jennifer is a terrific person. https://t.co/EHL702civ5","http://web.archive.org/save/https://twitter.com/realDonaldTrump/status/718516815782088704"
"Looks like I was right about NATO. I had no doubt. https://t.co/x6Ne3sjAWz","http://web.archive.org/save/http://twitter.com/realDonaldTrump/status/718518072861192192"
"Looks like I was right about NATO. I had no doubt. https://t.co/x6Ne3sjAWz","http://web.archive.org/save/https://twitter.com/realDonaldTrump/status/718518072861192192"
"Nobody beats me on National Security. 
https://t.co/sCrj4Ha1I5","http://web.archive.org/save/http://twitter.com/realDonaldTrump/status/718530443272970240"
"Nobody beats me on National Security. 
https://t.co/sCrj4Ha1I5","http://web.archive.org/save/https://twitter.com/realDonaldTrump/status/718530443272970240"
"‚ÄúDonald Trump‚ÄîThe Disrupter‚Äù will air on @FoxNews Saturday night and Sunday night at 8 PM ET. Anchored by @BretBaier. @johnrobertsFox","http://web.archive.org/save/http://twitter.com/realDonaldTrump/status/718546390390071296"
"‚ÄúDonald Trump‚ÄîThe Disrupter‚Äù will air on @FoxNews Saturday night and Sunday night at 8 PM ET. Anchored by @BretBaier. @johnrobertsFox","http://web.archive.org/save/https://twitter.com/realDonaldTrump/status/718546390390071296"
"""@Cam: Reports are RNC has received +1 million postcards so far! If I get more info on ## I'll post @AnnCoulter https://t.co/yhyWihDdMq""","http://web.archive.org/save/http://twitter.com/realDonaldTrump/status/718617242422939649"
"""@Cam: Reports are RNC has received +1 million postcards so far! If I get more info on ## I'll post @AnnCoulter https://t.co/yhyWihDdMq""","http://web.archive.org/save/https://twitter.com/realDonaldTrump/status/718617242422939649"
"""@kirstiealley: HELLO BOYS! this is my formal endorsement of @realDonaldTrump &amp; I'm a woman! (last I checked) And Rudy, U R amazing!","http://web.archive.org/save/http://twitter.com/realDonaldTrump/status/718618061683703808"
"""@kirstiealley: HELLO BOYS! this is my formal endorsement of @realDonaldTrump &amp; I'm a woman! (last I checked) And Rudy, U R amazing!","http://web.archive.org/save/https://twitter.com/realDonaldTrump/status/718618061683703808"
"""@RepMartinDaniel: We support you #HaileyPuckett. You will go far in life. Smart and courageous!","http://web.archive.org/save/http://twitter.com/realDonaldTrump/status/718626552704077824"
"""@RepMartinDaniel: We support you #HaileyPuckett. You will go far in life. Smart and courageous!","http://web.archive.org/save/https://twitter.com/realDonaldTrump/status/718626552704077824"
"""@redneckgp: All you haters out there, STOP trashing the only candidate @realDonaldTrump that will put ALL OF YOU &amp; AMERICA FIRST  #trump""","http://web.archive.org/save/http://twitter.com/realDonaldTrump/status/718627523417010178"
"""@redneckgp: All you haters out there, STOP trashing the only candidate @realDonaldTrump that will put ALL OF YOU &amp; AMERICA FIRST  #trump""","http://web.archive.org/save/https://twitter.com/realDonaldTrump/status/718627523417010178"
"""@RepaloneLori: @realDonaldTrump @kirstiealley we love you and know you will do an awesome job! Saw you in bethpage !! üëèüëèüëè"" Thank you.","http://web.archive.org/save/http://twitter.com/realDonaldTrump/status/718627776178360323"
"""@RepaloneLori: @realDonaldTrump @kirstiealley we love you and know you will do an awesome job! Saw you in bethpage !! üëèüëèüëè"" Thank you.","http://web.archive.org/save/https://twitter.com/realDonaldTrump/status/718627776178360323"
"""@lilrachiepoo: @realDonaldTrump Thank you, Mr. Trump, for your personal and financial sacrifices in this journey to #MAKEAMERICAGREATAGAIN""","http://web.archive.org/save/http://twitter.com/realDonaldTrump/status/718628272188309505"
"""@lilrachiepoo: @realDonaldTrump Thank you, Mr. Trump, for your personal and financial sacrifices in this journey to #MAKEAMERICAGREATAGAIN""","http://web.archive.org/save/https://twitter.com/realDonaldTrump/status/718628272188309505"
"""@AlexNightrasor: @realDonaldTrump @lilrachiepoo Trump will be our best president since Reagan!","http://web.archive.org/save/http://twitter.com/realDonaldTrump/status/718632666057285632"
"""@AlexNightrasor: @realDonaldTrump @lilrachiepoo Trump will be our best president since Reagan!","http://web.archive.org/save/https://twitter.com/realDonaldTrump/status/718632666057285632"
"""@DnGLax:  Yes! Thank U 4 coming to LI! It was a thrill 2 B part of it! U will get the job done! #MakeAmericaGreatAgain #trump2016 üá∫üá∏""","http://web.archive.org/save/http://twitter.com/realDonaldTrump/status/718634255107166208"
"""@DnGLax:  Yes! Thank U 4 coming to LI! It was a thrill 2 B part of it! U will get the job done! #MakeAmericaGreatAgain #trump2016 üá∫üá∏""","http://web.archive.org/save/https://twitter.com/realDonaldTrump/status/718634255107166208"
"Isn't it a shame that the person who will have by far the most delegates and many millions more votes than anyone else, me, still must fight","http://web.archive.org/save/http://twitter.com/realDonaldTrump/status/718636301587771392"
"Isn't it a shame that the person who will have by far the most delegates and many millions more votes than anyone else, me, still must fight","http://web.archive.org/save/https://twitter.com/realDonaldTrump/status/718636301587771392"
"Bernie Sanders says that Hillary Clinton is unqualified to be president. Based on her decision making ability, I can go along with that!","http://web.archive.org/save/http://twitter.com/realDonaldTrump/status/718761006068051968"
"Bernie Sanders says that Hillary Clinton is unqualified to be president. Based on her decision making ability, I can go along with that!","http://web.archive.org/save/https://twitter.com/realDonaldTrump/status/718761006068051968"
"""@gene70: @realDonaldTrump Fugedaboudit!!! The woman in New York love Donald Trump!!! https://t.co/ZcfT90hGEX""","http://web.archive.org/save/http://twitter.com/realDonaldTrump/status/718766507199766528"
"""@gene70: @realDonaldTrump Fugedaboudit!!! The woman in New York love Donald Trump!!! https://t.co/ZcfT90hGEX""","http://web.archive.org/save/https://twitter.com/realDonaldTrump/status/718766507199766528"
"""@gene70: @realDonaldTrump The Real Person Of The Year! https://t.co/3yFUZALNVn""  Wow!","http://web.archive.org/save/http://twitter.com/realDonaldTrump/status/718771185757077504"
"""@gene70: @realDonaldTrump The Real Person Of The Year! https://t.co/3yFUZALNVn""  Wow!","http://web.archive.org/save/https://twitter.com/realDonaldTrump/status/718771185757077504"
"A great honor to visit the 9/11 Memorial Museum with my wife, @MELANIATRUMP, today. #NewYorkValues https://t.co/eKCEWRD0Ro","http://web.archive.org/save/http://twitter.com/realDonaldTrump/status/718913705111613440"
"A great honor to visit the 9/11 Memorial Museum with my wife, @MELANIATRUMP, today. #NewYorkValues https://t.co/eKCEWRD0Ro","http://web.archive.org/save/https://twitter.com/realDonaldTrump/status/718913705111613440"
"""@vivhall3: @realDonaldTrump here your delegate replaced at CO GOP convention. https://t.co/NxYhzdcMS0"" Very sad!","http://web.archive.org/save/http://twitter.com/realDonaldTrump/status/718992948193570816"
"""@vivhall3: @realDonaldTrump here your delegate replaced at CO GOP convention. https://t.co/NxYhzdcMS0"" Very sad!","http://web.archive.org/save/https://twitter.com/realDonaldTrump/status/718992948193570816"
"""@Theresa_Cali: Poll shows @realDonaldTrump leads among registered Republican women with 44%. üëçüèª https://t.co/yQmh3iSPBY"" Thank you!","http://web.archive.org/save/http://twitter.com/realDonaldTrump/status/718993345197027328"
"""@Theresa_Cali: Poll shows @realDonaldTrump leads among registered Republican women with 44%. üëçüèª https://t.co/yQmh3iSPBY"" Thank you!","http://web.archive.org/save/https://twitter.com/realDonaldTrump/status/718993345197027328"
"""@PennyHicks13: @Carolde @kisster1 @FoxNews   Your tax and economic plans are second to none! https://t.co/Q08Kp4esxl Media shld report.","http://web.archive.org/save/http://twitter.com/realDonaldTrump/status/718993739348361216"
"""@PennyHicks13: @Carolde @kisster1 @FoxNews   Your tax and economic plans are second to none! https://t.co/Q08Kp4esxl Media shld report.","http://web.archive.org/save/https://twitter.com/realDonaldTrump/status/718993739348361216"
"""@Kids123Nicholas: @gqforbes  @RepTomMarino @realDonaldTrump.Lets get it done Philadelphia Pa.Make Trump your pick for president now.","http://web.archive.org/save/http://twitter.com/realDonaldTrump/status/718996943100375040"
"""@Kids123Nicholas: @gqforbes  @RepTomMarino @realDonaldTrump.Lets get it done Philadelphia Pa.Make Trump your pick for president now.","http://web.archive.org/save/https://twitter.com/realDonaldTrump/status/718996943100375040"
"""@Mutual408Grace: @realDonaldTrump @gene70 California women love Mr Trump too. Will make it happen in New York on April 19. Go out &amp; vote.""","http://web.archive.org/save/http://twitter.com/realDonaldTrump/status/718997528923021312"
"""@Mutual408Grace: @realDonaldTrump @gene70 California women love Mr Trump too. Will make it happen in New York on April 19. Go out &amp; vote.""","http://web.archive.org/save/https://twitter.com/realDonaldTrump/status/718997528923021312"
"""@governor_savage: @realDonaldTrump is the only person who can save us from this corrupt political mess. #MakeAmericaGreatAgain""","http://web.archive.org/save/http://twitter.com/realDonaldTrump/status/718997676747067392"
"""@governor_savage: @realDonaldTrump is the only person who can save us from this corrupt political mess. #MakeAmericaGreatAgain""","http://web.archive.org/save/https://twitter.com/realDonaldTrump/status/718997676747067392"
"""@AnnCoulter: GOP is trying to steal nomination from the winner (Trump) not block an insurgent catching up 2 frontrunner (Sanders).","http://web.archive.org/save/http://twitter.com/realDonaldTrump/status/718998170315976708"
"""@AnnCoulter: GOP is trying to steal nomination from the winner (Trump) not block an insurgent catching up 2 frontrunner (Sanders).","http://web.archive.org/save/https://twitter.com/realDonaldTrump/status/718998170315976708"
"""@metalmom888:  @Theresa_Cali If the GOP screws Trump, his millions will walk from the GOP never to return! They better think long and hard""","http://web.archive.org/save/http://twitter.com/realDonaldTrump/status/718998304810512385"
"""@metalmom888:  @Theresa_Cali If the GOP screws Trump, his millions will walk from the GOP never to return! They better think long and hard""","http://web.archive.org/save/https://twitter.com/realDonaldTrump/status/718998304810512385"
"""@becker_berta: @vivhall3 @Reince Millions more will burn their Republican registration if GOP continues to subvert the will of the people.""","http://web.archive.org/save/http://twitter.com/realDonaldTrump/status/718999512283484160"
"""@becker_berta: @vivhall3 @Reince Millions more will burn their Republican registration if GOP continues to subvert the will of the people.""","http://web.archive.org/save/https://twitter.com/realDonaldTrump/status/718999512283484160"
"""@jlopez05391: @realDonaldTrump Rochester loves you! See you tomorrow! #MakeAmericaGreatAgain #Trump2016 #TrumpTrain"" A big crowd!","http://web.archive.org/save/http://twitter.com/realDonaldTrump/status/719001329759363072"
"""@jlopez05391: @realDonaldTrump Rochester loves you! See you tomorrow! #MakeAmericaGreatAgain #Trump2016 #TrumpTrain"" A big crowd!","http://web.archive.org/save/https://twitter.com/realDonaldTrump/status/719001329759363072"
"""@getreal1234: @realDonaldTrump @Kids123Nicholas @gqforbes @RepTomMarino let's go Pa he has my vote Go Trump""","http://web.archive.org/save/http://twitter.com/realDonaldTrump/status/719124172903997441"
"""@getreal1234: @realDonaldTrump @Kids123Nicholas @gqforbes @RepTomMarino let's go Pa he has my vote Go Trump""","http://web.archive.org/save/https://twitter.com/realDonaldTrump/status/719124172903997441"
"""@agentvf: New Jersey Man Joseph Hornick Willing to Go to Jail for Flying Trump Flag - Breitbart https://t.co/zky3vlOJu4  @Q102Philly""","http://web.archive.org/save/http://twitter.com/realDonaldTrump/status/719125225728827396"
"""@agentvf: New Jersey Man Joseph Hornick Willing to Go to Jail for Flying Trump Flag - Breitbart https://t.co/zky3vlOJu4  @Q102Philly""","http://web.archive.org/save/https://twitter.com/realDonaldTrump/status/719125225728827396"
"The @nytimes purposely covers me so inaccurately. I want other nations to pay the U.S. for our defense of them. We are the suckers-no more!","http://web.archive.org/save/http://twitter.com/realDonaldTrump/status/719158083684069376"
"The @nytimes purposely covers me so inaccurately. I want other nations to pay the U.S. for our defense of them. We are the suckers-no more!","http://web.archive.org/save/https://twitter.com/realDonaldTrump/status/719158083684069376"
"I win a state in votes and then get non-representative delegates because they are offered all sorts of goodies by Cruz campaign. Bad system!","http://web.archive.org/save/http://twitter.com/realDonaldTrump/status/719159990834081794"
"I win a state in votes and then get non-representative delegates because they are offered all sorts of goodies by Cruz campaign. Bad system!","http://web.archive.org/save/https://twitter.com/realDonaldTrump/status/719159990834081794"
"#MakeAmericaGreatAgain #Trump2016
https://t.co/TvFgM4TqKj","http://web.archive.org/save/http://twitter.com/realDonaldTrump/status/719244517929578496"
"#MakeAmericaGreatAgain #Trump2016
https://t.co/TvFgM4TqKj","http://web.archive.org/save/https://twitter.com/realDonaldTrump/status/719244517929578496"
"How is it possible that the people of the great State of Colorado never got to vote in the Republican Primary? Great anger - totally unfair!","http://web.archive.org/save/http://twitter.com/realDonaldTrump/status/719321288301486081"
"How is it possible that the people of the great State of Colorado never got to vote in the Republican Primary? Great anger - totally unfair!","http://web.archive.org/save/https://twitter.com/realDonaldTrump/status/719321288301486081"
"The people of Colorado had their vote taken away from them by the phony politicians. Biggest story in politics. This will not be allowed!","http://web.archive.org/save/http://twitter.com/realDonaldTrump/status/719326834538778625"
"The people of Colorado had their vote taken away from them by the phony politicians. Biggest story in politics. This will not be allowed!","http://web.archive.org/save/https://twitter.com/realDonaldTrump/status/719326834538778625"
"I will be interviewed on @foxandfriends at 7:00 A.M. Enjoy!","http://web.archive.org/save/http://twitter.com/realDonaldTrump/status/719476340576100353"
"I will be interviewed on @foxandfriends at 7:00 A.M. Enjoy!","http://web.archive.org/save/https://twitter.com/realDonaldTrump/status/719476340576100353"
"""@TimeHasCome1: @WayneDupreeShow @ThePatriot143 Trump needs to hold a massive protest rally in Colorado. He'd get 100k &amp; own the news cycle""","http://web.archive.org/save/http://twitter.com/realDonaldTrump/status/719484455556161538"
"""@TimeHasCome1: @WayneDupreeShow @ThePatriot143 Trump needs to hold a massive protest rally in Colorado. He'd get 100k &amp; own the news cycle""","http://web.archive.org/save/https://twitter.com/realDonaldTrump/status/719484455556161538"
"""@autoprofessor17: @realDonaldTrump Great job on Fox n Friends this morning. Very well spoken and presidential. #TrumpTrain""","http://web.archive.org/save/http://twitter.com/realDonaldTrump/status/719484713182838784"
"""@autoprofessor17: @realDonaldTrump Great job on Fox n Friends this morning. Very well spoken and presidential. #TrumpTrain""","http://web.archive.org/save/https://twitter.com/realDonaldTrump/status/719484713182838784"
"""@WVTTS1017: @realDonaldTrump just listened to you on fox. I love you so much.""  Thank you!","http://web.archive.org/save/http://twitter.com/realDonaldTrump/status/719484822834581504"
"""@WVTTS1017: @realDonaldTrump just listened to you on fox. I love you so much.""  Thank you!","http://web.archive.org/save/https://twitter.com/realDonaldTrump/status/719484822834581504"
"""@AnnesLimo: @realDonaldTrump @WVTTS1017 Thanks for Rochester rally.""  Great people, thank you!","http://web.archive.org/save/http://twitter.com/realDonaldTrump/status/719500540657459201"
"""@AnnesLimo: @realDonaldTrump @WVTTS1017 Thanks for Rochester rally.""  Great people, thank you!","http://web.archive.org/save/https://twitter.com/realDonaldTrump/status/719500540657459201"
"This is happening all over our country‚Äîgreat people being disenfranchised by
politicians. Repub party is in trouble! https://t.co/wNXRqVl9Uu","http://web.archive.org/save/http://twitter.com/realDonaldTrump/status/719548022871482370"
"This is happening all over our country‚Äîgreat people being disenfranchised by
politicians. Repub party is in trouble! https://t.co/wNXRqVl9Uu","http://web.archive.org/save/https://twitter.com/realDonaldTrump/status/719548022871482370"
"Colorado Trump Delegates Scratched from Ballots at GOP Convention https://t.co/WLkmYjJJR9","http://web.archive.org/save/http://twitter.com/realDonaldTrump/status/719626295248863232"
"Colorado Trump Delegates Scratched from Ballots at GOP Convention https://t.co/WLkmYjJJR9","http://web.archive.org/save/https://twitter.com/realDonaldTrump/status/719626295248863232"
"Why does the liberal media think Bill O'Reilly  (@oreillyfactor) is a complete and total vulgarian? I don't think so!","http://web.archive.org/save/http://twitter.com/realDonaldTrump/status/719630780499128320"
"Why does the liberal media think Bill O'Reilly  (@oreillyfactor) is a complete and total vulgarian? I don't think so!","http://web.archive.org/save/https://twitter.com/realDonaldTrump/status/719630780499128320"
"Leaving for Albany, New York now, massive crowd expected. Very exciting!","http://web.archive.org/save/http://twitter.com/realDonaldTrump/status/719630850716000257"
"Leaving for Albany, New York now, massive crowd expected. Very exciting!","http://web.archive.org/save/https://twitter.com/realDonaldTrump/status/719630850716000257"
"A very interesting piece, by a very good writer, @KirstenPowers of @USATODAY and @FoxNews. https://t.co/gLuMitRitg","http://web.archive.org/save/http://twitter.com/realDonaldTrump/status/719648132225699840"
"A very interesting piece, by a very good writer, @KirstenPowers of @USATODAY and @FoxNews. https://t.co/gLuMitRitg","http://web.archive.org/save/https://twitter.com/realDonaldTrump/status/719648132225699840"
"Tune in &amp; join me live in Albany, New York! 7pmE start time! I love you New York! #Trump2016 #TrumpTrain 
https://t.co/rY5zqUX9Wu","http://web.archive.org/save/http://twitter.com/realDonaldTrump/status/719658640848723968"
"Tune in &amp; join me live in Albany, New York! 7pmE start time! I love you New York! #Trump2016 #TrumpTrain 
https://t.co/rY5zqUX9Wu","http://web.archive.org/save/https://twitter.com/realDonaldTrump/status/719658640848723968"
"Join me in Rome, NY- tomorrow!
#Trump2016 #NYPrimary
Tickets available: https://t.co/VGCdQubia1","http://web.archive.org/save/http://twitter.com/realDonaldTrump/status/719662034573504517"
"Join me in Rome, NY- tomorrow!
#Trump2016 #NYPrimary
Tickets available: https://t.co/VGCdQubia1","http://web.archive.org/save/https://twitter.com/realDonaldTrump/status/719662034573504517"
"Thank you Albany, New York!
#MakeAmericaGreatAgain #Trump2016
https://t.co/IAOuSY5VDC https://t.co/WcItUuxej8","http://web.archive.org/save/http://twitter.com/realDonaldTrump/status/719699403435585537"
"Thank you Albany, New York!
#MakeAmericaGreatAgain #Trump2016
https://t.co/IAOuSY5VDC https://t.co/WcItUuxej8","http://web.archive.org/save/https://twitter.com/realDonaldTrump/status/719699403435585537"
"WOW, great new poll- New York! Thank you for your support! #Trump2016
#NewYorkValues https://t.co/kuvCXJXjcr https://t.co/WSVmdI8vfZ","http://web.archive.org/save/http://twitter.com/realDonaldTrump/status/719830679765270528"
"WOW, great new poll- New York! Thank you for your support! #Trump2016
#NewYorkValues https://t.co/kuvCXJXjcr https://t.co/WSVmdI8vfZ","http://web.archive.org/save/https://twitter.com/realDonaldTrump/status/719830679765270528"
"Missouri just confirmed #Trump2016 as the official winner- with an additional 12 delegates. #MakeAmericaGreatAgain https://t.co/AVTkCAne5w","http://web.archive.org/save/http://twitter.com/realDonaldTrump/status/719918725936373761"
"Missouri just confirmed #Trump2016 as the official winner- with an additional 12 delegates. #MakeAmericaGreatAgain https://t.co/AVTkCAne5w","http://web.archive.org/save/https://twitter.com/realDonaldTrump/status/719918725936373761"
"THANK YOU California, Maryland, New York, and Pennsylvania! See you soon!
#MakeAmericaGreatAgain #Trump2016 https://t.co/2lyqnMRIGq","http://web.archive.org/save/http://twitter.com/realDonaldTrump/status/719920610210615296"
"THANK YOU California, Maryland, New York, and Pennsylvania! See you soon!
#MakeAmericaGreatAgain #Trump2016 https://t.co/2lyqnMRIGq","http://web.archive.org/save/https://twitter.com/realDonaldTrump/status/719920610210615296"
"I LOVE NEW YORK! #NewYorkValues 
https://t.co/dbTDhYAX1v","http://web.archive.org/save/http://twitter.com/realDonaldTrump/status/720012484174811136"
"I LOVE NEW YORK! #NewYorkValues 
https://t.co/dbTDhYAX1v","http://web.archive.org/save/https://twitter.com/realDonaldTrump/status/720012484174811136"
"Great to be on @andersoncooper tonight with my wonderful family. Will be rebroadcast at 12:00 A.M.  (EASTERN).","http://web.archive.org/save/http://twitter.com/realDonaldTrump/status/720097594207268864"
"Great to be on @andersoncooper tonight with my wonderful family. Will be rebroadcast at 12:00 A.M.  (EASTERN).","http://web.archive.org/save/https://twitter.com/realDonaldTrump/status/720097594207268864"
"#MakeAmericaGreatAgain #Trump2016  https://t.co/l5TyL8U4e8","http://web.archive.org/save/http://twitter.com/realDonaldTrump/status/720116836617072641"
"#MakeAmericaGreatAgain #Trump2016  https://t.co/l5TyL8U4e8","http://web.archive.org/save/https://twitter.com/realDonaldTrump/status/720116836617072641"
"#MakeAmericaGreatAgain #Trump2016 https://t.co/249n3yLQxS","http://web.archive.org/save/http://twitter.com/realDonaldTrump/status/720117231821156352"
"#MakeAmericaGreatAgain #Trump2016 https://t.co/249n3yLQxS","http://web.archive.org/save/https://twitter.com/realDonaldTrump/status/720117231821156352"
"Join me in Pittsburgh- tonight at 7pmE! #Trump2016 #TrumpTrain
Tickets: https://t.co/TrKj5lGXup","http://web.archive.org/save/http://twitter.com/realDonaldTrump/status/720247344197820416"
"Join me in Pittsburgh- tonight at 7pmE! #Trump2016 #TrumpTrain
Tickets: https://t.co/TrKj5lGXup","http://web.archive.org/save/https://twitter.com/realDonaldTrump/status/720247344197820416"
"Will be interviewed by @SeanHannity on @FoxNews tonight at 10pm from Pennsylvania. Enjoy! #Trump2016 https://t.co/8IJ40zKS90","http://web.archive.org/save/http://twitter.com/realDonaldTrump/status/720417893696040960"
"Will be interviewed by @SeanHannity on @FoxNews tonight at 10pm from Pennsylvania. Enjoy! #Trump2016 https://t.co/8IJ40zKS90","http://web.archive.org/save/https://twitter.com/realDonaldTrump/status/720417893696040960"
"Biggest story in politics is now happening in the great State of Colorado where over one million people have been precluded from voting!","http://web.archive.org/save/http://twitter.com/realDonaldTrump/status/720458178698338304"
"Biggest story in politics is now happening in the great State of Colorado where over one million people have been precluded from voting!","http://web.archive.org/save/https://twitter.com/realDonaldTrump/status/720458178698338304"
"The rules DID CHANGE in Colorado shortly after I entered the race in June because the pols and their bosses knew I would win with the voters","http://web.archive.org/save/http://twitter.com/realDonaldTrump/status/720460065958989827"
"The rules DID CHANGE in Colorado shortly after I entered the race in June because the pols and their bosses knew I would win with the voters","http://web.archive.org/save/https://twitter.com/realDonaldTrump/status/720460065958989827"
"Big protest march in Colorado on Friday afternoon! Don't let the bosses take your vote!","http://web.archive.org/save/http://twitter.com/realDonaldTrump/status/720464540375375873"
"Big protest march in Colorado on Friday afternoon! Don't let the bosses take your vote!","http://web.archive.org/save/https://twitter.com/realDonaldTrump/status/720464540375375873"
"Thank you Pittsburgh, Pennsylvania!
#MakeAmericaGreatAgain #Trump2016 https://t.co/7WHS3vbXSw","http://web.archive.org/save/http://twitter.com/realDonaldTrump/status/720473496187498496"
"Thank you Pittsburgh, Pennsylvania!
#MakeAmericaGreatAgain #Trump2016 https://t.co/7WHS3vbXSw","http://web.archive.org/save/https://twitter.com/realDonaldTrump/status/720473496187498496"
"Join me on Saturday- in Syracuse, New York! #NYPrimary #Trump2016
https://t.co/F6JkPKb1hn https://t.co/yfJZUlDdCM","http://web.archive.org/save/http://twitter.com/realDonaldTrump/status/720671808861696003"
"Join me on Saturday- in Syracuse, New York! #NYPrimary #Trump2016
https://t.co/F6JkPKb1hn https://t.co/yfJZUlDdCM","http://web.archive.org/save/https://twitter.com/realDonaldTrump/status/720671808861696003"
"MAKE AMERICA GREAT AGAIN!
https://t.co/VxVOG3c5RZ","http://web.archive.org/save/http://twitter.com/realDonaldTrump/status/720821603064524800"
"MAKE AMERICA GREAT AGAIN!
https://t.co/VxVOG3c5RZ","http://web.archive.org/save/https://twitter.com/realDonaldTrump/status/720821603064524800"
"Thank you America! #Trump2016 https://t.co/PTKkrLeuCB","http://web.archive.org/save/http://twitter.com/realDonaldTrump/status/721083678387003396"
"Thank you America! #Trump2016 https://t.co/PTKkrLeuCB","http://web.archive.org/save/https://twitter.com/realDonaldTrump/status/721083678387003396"
"Thank you, @NYPost! #Trump2016
https://t.co/KzGweIxaEo","http://web.archive.org/save/http://twitter.com/realDonaldTrump/status/721093904527925249"
"Thank you, @NYPost! #Trump2016
https://t.co/KzGweIxaEo","http://web.archive.org/save/https://twitter.com/realDonaldTrump/status/721093904527925249"
"Join me this weekend! #NYPrimary
4/16: SYRACUSE - NOON
https://t.co/Eu43S1wJN9
4/16: WATERTOWN - 3pm
https://t.co/UdOZzisJhA 
#Trump2016","http://web.archive.org/save/http://twitter.com/realDonaldTrump/status/721140843525050369"
"Join me this weekend! #NYPrimary
4/16: SYRACUSE - NOON
https://t.co/Eu43S1wJN9
4/16: WATERTOWN - 3pm
https://t.co/UdOZzisJhA 
#Trump2016","http://web.archive.org/save/https://twitter.com/realDonaldTrump/status/721140843525050369"
"""@Bubble709_: @realDonaldTrump Praying for your family and your win in New York."" Thank you!","http://web.archive.org/save/http://twitter.com/realDonaldTrump/status/721144689647316992"
"""@Bubble709_: @realDonaldTrump Praying for your family and your win in New York."" Thank you!","http://web.archive.org/save/https://twitter.com/realDonaldTrump/status/721144689647316992"
"""@wdct8110: @realDonaldTrump We love you Donald ! Finally someone who actually cares about us .. !! https://t.co/BKoQu1mm4A""","http://web.archive.org/save/http://twitter.com/realDonaldTrump/status/721144953192247296"
"""@wdct8110: @realDonaldTrump We love you Donald ! Finally someone who actually cares about us .. !! https://t.co/BKoQu1mm4A""","http://web.archive.org/save/https://twitter.com/realDonaldTrump/status/721144953192247296"
"""@herb_stamper: @JackoffJosh711 @SenFrankNiceley @FoxNews @WSJ we are becoming a third world country because of jerks like him"" Great!","http://web.archive.org/save/http://twitter.com/realDonaldTrump/status/721145563970936833"
"""@herb_stamper: @JackoffJosh711 @SenFrankNiceley @FoxNews @WSJ we are becoming a third world country because of jerks like him"" Great!","http://web.archive.org/save/https://twitter.com/realDonaldTrump/status/721145563970936833"
"""@dmharvey89: @realDonaldTrump @wdct8110 I just voted for @realDonaldTrump in Indiana. Everyone I talk to was following suit!"" Fantastic!","http://web.archive.org/save/http://twitter.com/realDonaldTrump/status/721306189867413504"
"""@dmharvey89: @realDonaldTrump @wdct8110 I just voted for @realDonaldTrump in Indiana. Everyone I talk to was following suit!"" Fantastic!","http://web.archive.org/save/https://twitter.com/realDonaldTrump/status/721306189867413504"
"I will be interviewed on @foxandfriends at 9:00 A.M. I will be talking about the rigged and boss controlled Republican primaries!","http://web.archive.org/save/http://twitter.com/realDonaldTrump/status/721307257472999424"
"I will be interviewed on @foxandfriends at 9:00 A.M. I will be talking about the rigged and boss controlled Republican primaries!","http://web.archive.org/save/https://twitter.com/realDonaldTrump/status/721307257472999424"
"#ICYMI: @foxandfriends this morning. 
https://t.co/s5pUEdCWI0","http://web.archive.org/save/http://twitter.com/realDonaldTrump/status/721344559205244928"
"#ICYMI: @foxandfriends this morning. 
https://t.co/s5pUEdCWI0","http://web.archive.org/save/https://twitter.com/realDonaldTrump/status/721344559205244928"
"Just arrived in Syracuse, NY. Big crowd, great place! We will bring back the desperately needed jobs. #NYPrimary https://t.co/vOEQDsEAKC","http://web.archive.org/save/http://twitter.com/realDonaldTrump/status/721371631118127104"
"Just arrived in Syracuse, NY. Big crowd, great place! We will bring back the desperately needed jobs. #NYPrimary https://t.co/vOEQDsEAKC","http://web.archive.org/save/https://twitter.com/realDonaldTrump/status/721371631118127104"
"THANK YOU, SYRACUSE! #NYPrimary
https://t.co/9oHimG204Y https://t.co/agy5p8NCox","http://web.archive.org/save/http://twitter.com/realDonaldTrump/status/721401779276144640"
"THANK YOU, SYRACUSE! #NYPrimary
https://t.co/9oHimG204Y https://t.co/agy5p8NCox","http://web.archive.org/save/https://twitter.com/realDonaldTrump/status/721401779276144640"
"""@Trump_Supporter: ""Trump Holds 66% Favorable Rating in New York ‚Äì Leads Hillary Clinton by 19pts in Empire... https://t.co/sGAS3bFpCy","http://web.archive.org/save/http://twitter.com/realDonaldTrump/status/721450040552722433"
"""@Trump_Supporter: ""Trump Holds 66% Favorable Rating in New York ‚Äì Leads Hillary Clinton by 19pts in Empire... https://t.co/sGAS3bFpCy","http://web.archive.org/save/https://twitter.com/realDonaldTrump/status/721450040552722433"
"""@Trumptbird: Dear  I'm starting to believe that you're actually going to WIN! #Trump2016 #presidenttrump #primary https://t.co/l7IcxN64gz""","http://web.archive.org/save/http://twitter.com/realDonaldTrump/status/721450217384579076"
"""@Trumptbird: Dear  I'm starting to believe that you're actually going to WIN! #Trump2016 #presidenttrump #primary https://t.co/l7IcxN64gz""","http://web.archive.org/save/https://twitter.com/realDonaldTrump/status/721450217384579076"
"""@AshleyEdam: New CBS Poll shows defections from Cruz's core supporters &amp; increased support for @realDonaldTrump ...Not surprising.""","http://web.archive.org/save/http://twitter.com/realDonaldTrump/status/721450634520584192"
"""@AshleyEdam: New CBS Poll shows defections from Cruz's core supporters &amp; increased support for @realDonaldTrump ...Not surprising.""","http://web.archive.org/save/https://twitter.com/realDonaldTrump/status/721450634520584192"
"""@Ollie_621: @FoxNews @realDonaldTrump I think it's more like 64%. #VoteTrumpNYüóΩ #MakeAmericaGreatAgain!","http://web.archive.org/save/http://twitter.com/realDonaldTrump/status/721458878622363648"
"""@Ollie_621: @FoxNews @realDonaldTrump I think it's more like 64%. #VoteTrumpNYüóΩ #MakeAmericaGreatAgain!","http://web.archive.org/save/https://twitter.com/realDonaldTrump/status/721458878622363648"
"Will be on Hannity tonight. Rebroadcast of town hall from Pittsburgh, PA. 8:00pm on FOX. Enjoy! #Trump2016 https://t.co/ZhaxXnAohm","http://web.archive.org/save/http://twitter.com/realDonaldTrump/status/721485578278203397"
"Will be on Hannity tonight. Rebroadcast of town hall from Pittsburgh, PA. 8:00pm on FOX. Enjoy! #Trump2016 https://t.co/ZhaxXnAohm","http://web.archive.org/save/https://twitter.com/realDonaldTrump/status/721485578278203397"
"See you tomorrow Dutchess County, 
New York! #NYPrimary #TrumpTrain
https://t.co/z9LOIkEyOq https://t.co/caMLixZfda","http://web.archive.org/save/http://twitter.com/realDonaldTrump/status/721491758236962816"
"See you tomorrow Dutchess County, 
New York! #NYPrimary #TrumpTrain
https://t.co/z9LOIkEyOq https://t.co/caMLixZfda","http://web.archive.org/save/https://twitter.com/realDonaldTrump/status/721491758236962816"
"Thank you California, Connecticut, Maryland, and Pennsylvania!
#MakeAmericaGreatAgain #Trump2016 https://t.co/pwFFHyzSE6","http://web.archive.org/save/http://twitter.com/realDonaldTrump/status/721495328097042432"
"Thank you California, Connecticut, Maryland, and Pennsylvania!
#MakeAmericaGreatAgain #Trump2016 https://t.co/pwFFHyzSE6","http://web.archive.org/save/https://twitter.com/realDonaldTrump/status/721495328097042432"
"#MakeAmericaGreatAgain #NYPrimary 
https://t.co/x0smlMCWau","http://web.archive.org/save/http://twitter.com/realDonaldTrump/status/721531225916223488"
"#MakeAmericaGreatAgain #NYPrimary 
https://t.co/x0smlMCWau","http://web.archive.org/save/https://twitter.com/realDonaldTrump/status/721531225916223488"
"I'll be in one of my favorite places this morning, Staten Island. Big crowd, will be fun!","http://web.archive.org/save/http://twitter.com/realDonaldTrump/status/721691854849318912"
"I'll be in one of my favorite places this morning, Staten Island. Big crowd, will be fun!","http://web.archive.org/save/https://twitter.com/realDonaldTrump/status/721691854849318912"
"Lyin' Ted Cruz will never be able to beat Hillary. Despite a rigged delegate system, I am hundreds of delegates ahead of him.","http://web.archive.org/save/http://twitter.com/realDonaldTrump/status/721693297429901312"
"Lyin' Ted Cruz will never be able to beat Hillary. Despite a rigged delegate system, I am hundreds of delegates ahead of him.","http://web.archive.org/save/https://twitter.com/realDonaldTrump/status/721693297429901312"
"Lyin' Ted Cruz can't get votes (I am millions ahead of him) so he has to get his delegates from the Republican bosses. It won't work!","http://web.archive.org/save/http://twitter.com/realDonaldTrump/status/721694330805755904"
"Lyin' Ted Cruz can't get votes (I am millions ahead of him) so he has to get his delegates from the Republican bosses. It won't work!","http://web.archive.org/save/https://twitter.com/realDonaldTrump/status/721694330805755904"
"Crooked Hillary Clinton is spending a fortune on ads against me. I am the one person she doesn't want to run against. Will be such fun!","http://web.archive.org/save/http://twitter.com/realDonaldTrump/status/721695114943442946"
"Crooked Hillary Clinton is spending a fortune on ads against me. I am the one person she doesn't want to run against. Will be such fun!","http://web.archive.org/save/https://twitter.com/realDonaldTrump/status/721695114943442946"
"I would have millions of votes more than Hillary except for the fact that I had 17 opponents and she just had a socialist named Bernie!","http://web.archive.org/save/http://twitter.com/realDonaldTrump/status/721708342838747136"
"I would have millions of votes more than Hillary except for the fact that I had 17 opponents and she just had a socialist named Bernie!","http://web.archive.org/save/https://twitter.com/realDonaldTrump/status/721708342838747136"
"Thank you, California! Will see you soon! #MakeAmericaGreatAgain 
https://t.co/VyxSXUEkZn https://t.co/5rk1U4dQ7r","http://web.archive.org/save/http://twitter.com/realDonaldTrump/status/721805701325172736"
"Thank you, California! Will see you soon! #MakeAmericaGreatAgain 
https://t.co/VyxSXUEkZn https://t.co/5rk1U4dQ7r","http://web.archive.org/save/https://twitter.com/realDonaldTrump/status/721805701325172736"
"Thank you for today's endorsement, New York Veteran Police Association! 
#NewYorkValues https://t.co/AMFBymUXuZ https://t.co/ZQHmkBDUnA","http://web.archive.org/save/http://twitter.com/realDonaldTrump/status/721836860356628482"
"Thank you for today's endorsement, New York Veteran Police Association! 
#NewYorkValues https://t.co/AMFBymUXuZ https://t.co/ZQHmkBDUnA","http://web.archive.org/save/https://twitter.com/realDonaldTrump/status/721836860356628482"
"""@DiamondandSilk: .@realDonaldTrump is who we need 2 fix this corrupted, rigged system. 4 no Profit, Under budget &amp; ahead of schedule.","http://web.archive.org/save/http://twitter.com/realDonaldTrump/status/721987186732703744"
"""@DiamondandSilk: .@realDonaldTrump is who we need 2 fix this corrupted, rigged system. 4 no Profit, Under budget &amp; ahead of schedule.","http://web.archive.org/save/https://twitter.com/realDonaldTrump/status/721987186732703744"
"Lyin' Ted Cruz can't win with the voters so he has to sell himself to the bosses-I am millions of VOTES ahead! Hillary would destroy him &amp; K","http://web.archive.org/save/http://twitter.com/realDonaldTrump/status/722016321119121409"
"Lyin' Ted Cruz can't win with the voters so he has to sell himself to the bosses-I am millions of VOTES ahead! Hillary would destroy him &amp; K","http://web.archive.org/save/https://twitter.com/realDonaldTrump/status/722016321119121409"
"Kasich only looks O.K. in polls against Hillary because nobody views him as a threat and therefore have placed ZERO negative ads against him","http://web.archive.org/save/http://twitter.com/realDonaldTrump/status/722017428520243201"
"Kasich only looks O.K. in polls against Hillary because nobody views him as a threat and therefore have placed ZERO negative ads against him","http://web.archive.org/save/https://twitter.com/realDonaldTrump/status/722017428520243201"
"New York, we will make America great again! https://t.co/KyxbaW4fsL","http://web.archive.org/save/http://twitter.com/realDonaldTrump/status/722120138057740288"
"New York, we will make America great again! https://t.co/KyxbaW4fsL","http://web.archive.org/save/https://twitter.com/realDonaldTrump/status/722120138057740288"
"Lyin‚Äô Ted Cruz even voted against Superstorm Sandy aid and September 11th help. So many New Yorkers devastated. Cruz hates New York!","http://web.archive.org/save/http://twitter.com/realDonaldTrump/status/722181629528141824"
"Lyin‚Äô Ted Cruz even voted against Superstorm Sandy aid and September 11th help. So many New Yorkers devastated. Cruz hates New York!","http://web.archive.org/save/https://twitter.com/realDonaldTrump/status/722181629528141824"
"#MakeAmericaGreatAgain #NYPrimary
https://t.co/awow5pyn7n","http://web.archive.org/save/http://twitter.com/realDonaldTrump/status/722264735966748672"
"#MakeAmericaGreatAgain #NYPrimary
https://t.co/awow5pyn7n","http://web.archive.org/save/https://twitter.com/realDonaldTrump/status/722264735966748672"
"Thank you Buffalo! #NYPrimary 
https://t.co/Z9QphVlZft https://t.co/4ujDuOvLPj","http://web.archive.org/save/http://twitter.com/realDonaldTrump/status/722266479660556289"
"Thank you Buffalo! #NYPrimary 
https://t.co/Z9QphVlZft https://t.co/4ujDuOvLPj","http://web.archive.org/save/https://twitter.com/realDonaldTrump/status/722266479660556289"
"I am on @foxandfriends at 7:00 A.M. ENJOY!","http://web.archive.org/save/http://twitter.com/realDonaldTrump/status/722379509060788224"
"I am on @foxandfriends at 7:00 A.M. ENJOY!","http://web.archive.org/save/https://twitter.com/realDonaldTrump/status/722379509060788224"
"A big day for New York and for our COUNTRY! MAKE AMERICA GREAT AGAIN!","http://web.archive.org/save/http://twitter.com/realDonaldTrump/status/722397728475582465"
"A big day for New York and for our COUNTRY! MAKE AMERICA GREAT AGAIN!","http://web.archive.org/save/https://twitter.com/realDonaldTrump/status/722397728475582465"
"Thank you Eric! https://t.co/pu1vDiQlrV","http://web.archive.org/save/http://twitter.com/realDonaldTrump/status/722443916742639617"
"Thank you Eric! https://t.co/pu1vDiQlrV","http://web.archive.org/save/https://twitter.com/realDonaldTrump/status/722443916742639617"
"Join me in Indianapolis, Indiana tomorrow at 3pm! #Trump2016
#MakeAmericaGreatAgain
Tickets: https://t.co/36c7PLAqyq https://t.co/JBNYtk3FyE","http://web.archive.org/save/http://twitter.com/realDonaldTrump/status/722455189911953409"
"Join me in Indianapolis, Indiana tomorrow at 3pm! #Trump2016
#MakeAmericaGreatAgain
Tickets: https://t.co/36c7PLAqyq https://t.co/JBNYtk3FyE","http://web.archive.org/save/https://twitter.com/realDonaldTrump/status/722455189911953409"
"#ICYMI: #Trump2016 closing speech in
Buffalo, New York!
#VoteTrumpNY¬†https://t.co/tS6mWn2oth","http://web.archive.org/save/http://twitter.com/realDonaldTrump/status/722471042367778816"
"#ICYMI: #Trump2016 closing speech in
Buffalo, New York!
#VoteTrumpNY¬†https://t.co/tS6mWn2oth","http://web.archive.org/save/https://twitter.com/realDonaldTrump/status/722471042367778816"
"LETS GO AMERICA! Time to take back
our country, and #MakeAmericaGreatAgain
Watch video &amp; go
#VoteTrump!¬†https://t.co/lsKdqGFyvQ","http://web.archive.org/save/http://twitter.com/realDonaldTrump/status/722483180826181633"
"LETS GO AMERICA! Time to take back
our country, and #MakeAmericaGreatAgain
Watch video &amp; go
#VoteTrump!¬†https://t.co/lsKdqGFyvQ","http://web.archive.org/save/https://twitter.com/realDonaldTrump/status/722483180826181633"
"#MakeAmericaGreatAgain
#Trump2016¬†https://t.co/awow5pyn7n","http://web.archive.org/save/http://twitter.com/realDonaldTrump/status/722489659117420544"
"#MakeAmericaGreatAgain
#Trump2016¬†https://t.co/awow5pyn7n","http://web.archive.org/save/https://twitter.com/realDonaldTrump/status/722489659117420544"
"Who did the House Task Force on
Urgent Fiscal Issues call- when America needed HELP? 
https://t.co/Q1NErOtW9V","http://web.archive.org/save/http://twitter.com/realDonaldTrump/status/722501079297048576"
"Who did the House Task Force on
Urgent Fiscal Issues call- when America needed HELP? 
https://t.co/Q1NErOtW9V","http://web.archive.org/save/https://twitter.com/realDonaldTrump/status/722501079297048576"
"1988 with Oprah- discussing why I would never rule out a run for #POTUS.
#Trump2016 #VoteTrumpNY #PrimaryDay https://t.co/9rup33Rl29","http://web.archive.org/save/http://twitter.com/realDonaldTrump/status/722511721257181184"
"1988 with Oprah- discussing why I would never rule out a run for #POTUS.
#Trump2016 #VoteTrumpNY #PrimaryDay https://t.co/9rup33Rl29","http://web.archive.org/save/https://twitter.com/realDonaldTrump/status/722511721257181184"
"Discussing #NewYorkValues
in Buffalo last night- on the eve of the #NYPrimary.
LETS GO NY! #VoteTrump 
https://t.co/6x8Dag7REA","http://web.archive.org/save/http://twitter.com/realDonaldTrump/status/722528613690654724"
"Discussing #NewYorkValues
in Buffalo last night- on the eve of the #NYPrimary.
LETS GO NY! #VoteTrump 
https://t.co/6x8Dag7REA","http://web.archive.org/save/https://twitter.com/realDonaldTrump/status/722528613690654724"
"RT @DonaldJTrumpJr: A message from Donald J. Trump to NEW YORK!
  https://t.co/FMosFLn8yq","http://web.archive.org/save/http://twitter.com/realDonaldTrump/status/722540379799740416"
"RT @DonaldJTrumpJr: A message from Donald J. Trump to NEW YORK!
  https://t.co/FMosFLn8yq","http://web.archive.org/save/https://twitter.com/realDonaldTrump/status/722540379799740416"
"Polls close in 3 hours! Everyone get out and VOTE!
#Trump2016 #MakeAmericaGreatAgain
https://t.co/EuFxefFu0D","http://web.archive.org/save/http://twitter.com/realDonaldTrump/status/722545371809980417"
"Polls close in 3 hours! Everyone get out and VOTE!
#Trump2016 #MakeAmericaGreatAgain
https://t.co/EuFxefFu0D","http://web.archive.org/save/https://twitter.com/realDonaldTrump/status/722545371809980417"
"""@kdk144: @realDonaldTrump Everybody is ""In A New York State of Mind"" now!""","http://web.archive.org/save/http://twitter.com/realDonaldTrump/status/722573028677304320"
"""@kdk144: @realDonaldTrump Everybody is ""In A New York State of Mind"" now!""","http://web.archive.org/save/https://twitter.com/realDonaldTrump/status/722573028677304320"
"""@keksec__org: @realDonaldTrump Your policies will make this state and country great again! #MakeAmericaGreatAgain https://t.co/SWxV3YCbqb""","http://web.archive.org/save/http://twitter.com/realDonaldTrump/status/722573329400520704"
"""@keksec__org: @realDonaldTrump Your policies will make this state and country great again! #MakeAmericaGreatAgain https://t.co/SWxV3YCbqb""","http://web.archive.org/save/https://twitter.com/realDonaldTrump/status/722573329400520704"
"""@GreenSkyDeb: Look everybody, DonaldTrump will win it on the first ballot so keep praying!!! #TrumpTrain #Trump2016 #MakeAmericaGreatAgain""","http://web.archive.org/save/http://twitter.com/realDonaldTrump/status/722576418752892928"
"""@GreenSkyDeb: Look everybody, DonaldTrump will win it on the first ballot so keep praying!!! #TrumpTrain #Trump2016 #MakeAmericaGreatAgain""","http://web.archive.org/save/https://twitter.com/realDonaldTrump/status/722576418752892928"
".@CNN is so negative it is impossible to watch. Terrible panel, angry haters. Bill O  @oreillyfactor said such an amazing thing about me!","http://web.archive.org/save/http://twitter.com/realDonaldTrump/status/722589315923054592"
".@CNN is so negative it is impossible to watch. Terrible panel, angry haters. Bill O  @oreillyfactor said such an amazing thing about me!","http://web.archive.org/save/https://twitter.com/realDonaldTrump/status/722589315923054592"
