"It is the honor of my life to serve our country, alongside President @realDonaldTrump, as the 48th Vice President oâ€¦ https://t.co/EH19nOUqxQ","http://web.archive.org/save/http://twitter.com/VP/status/822505454450470912"
"It is the honor of my life to serve our country, alongside President @realDonaldTrump, as the 48th Vice President oâ€¦ https://t.co/EH19nOUqxQ","http://web.archive.org/save/https://twitter.com/VP/status/822505454450470912"
"Inspiring Inaugural Address from President @realDonaldTrump. History starts being made today and America will startâ€¦ https://t.co/TAcbWDtVKD","http://web.archive.org/save/http://twitter.com/VP/status/822536488646742019"
"Inspiring Inaugural Address from President @realDonaldTrump. History starts being made today and America will startâ€¦ https://t.co/TAcbWDtVKD","http://web.archive.org/save/https://twitter.com/VP/status/822536488646742019"
"RT @POTUS: #InaugurationDay SpeechðŸ‡ºðŸ‡¸
https://t.co/2h8yWMYQz9 https://t.co/Q9u8n9vez2","http://web.archive.org/save/http://twitter.com/VP/status/822550488759631881"
"RT @POTUS: #InaugurationDay SpeechðŸ‡ºðŸ‡¸
https://t.co/2h8yWMYQz9 https://t.co/Q9u8n9vez2","http://web.archive.org/save/https://twitter.com/VP/status/822550488759631881"
"After riding in parade to the @WhiteHouse, we visited my new office &amp; added to a Pence family tradition with a photâ€¦ https://t.co/2kL3hwZ52m","http://web.archive.org/save/http://twitter.com/VP/status/822573752093380608"
"After riding in parade to the @WhiteHouse, we visited my new office &amp; added to a Pence family tradition with a photâ€¦ https://t.co/2kL3hwZ52m","http://web.archive.org/save/https://twitter.com/VP/status/822573752093380608"
"Making the historic journey from US Capitol to The @WhiteHouse with Karen &amp; our children at our sides is a memory wâ€¦ https://t.co/bGEcXMh3dv","http://web.archive.org/save/http://twitter.com/VP/status/822579166176509956"
"Making the historic journey from US Capitol to The @WhiteHouse with Karen &amp; our children at our sides is a memory wâ€¦ https://t.co/bGEcXMh3dv","http://web.archive.org/save/https://twitter.com/VP/status/822579166176509956"
"RT @PressSec: The @vp has sworn in James Mattis as the Secretary of Defense #Inauguration https://t.co/ob5ApYf2Vd","http://web.archive.org/save/http://twitter.com/VP/status/822604046032863234"
"RT @PressSec: The @vp has sworn in James Mattis as the Secretary of Defense #Inauguration https://t.co/ob5ApYf2Vd","http://web.archive.org/save/https://twitter.com/VP/status/822604046032863234"
"Thanks to everyone for a wonderful inaugural evening. #MAGAðŸ‡ºðŸ‡¸ https://t.co/ya0qvucFI8","http://web.archive.org/save/http://twitter.com/VP/status/822675771055542272"
"Thanks to everyone for a wonderful inaugural evening. #MAGAðŸ‡ºðŸ‡¸ https://t.co/ya0qvucFI8","http://web.archive.org/save/https://twitter.com/VP/status/822675771055542272"
"Appreciate the prayers for His continued blessings upon our country during the National Prayer Service. https://t.co/2jVaFmacWB","http://web.archive.org/save/http://twitter.com/VP/status/822906896805990402"
"Appreciate the prayers for His continued blessings upon our country during the National Prayer Service. https://t.co/2jVaFmacWB","http://web.archive.org/save/https://twitter.com/VP/status/822906896805990402"
"America's ðŸ‡ºðŸ‡¸ intelligence community does valiant work to keep us safe from worldwide threats. We honor their work tâ€¦ https://t.co/1uHPwRSNya","http://web.archive.org/save/http://twitter.com/VP/status/822962653115006978"
"America's ðŸ‡ºðŸ‡¸ intelligence community does valiant work to keep us safe from worldwide threats. We honor their work tâ€¦ https://t.co/1uHPwRSNya","http://web.archive.org/save/https://twitter.com/VP/status/822962653115006978"
"It is my distinct honor to administer the Oath of Office to this group of talented men &amp; women as Assistants to Preâ€¦ https://t.co/9XcoIyyoP3","http://web.archive.org/save/http://twitter.com/VP/status/823259172342992896"
"It is my distinct honor to administer the Oath of Office to this group of talented men &amp; women as Assistants to Preâ€¦ https://t.co/9XcoIyyoP3","http://web.archive.org/save/https://twitter.com/VP/status/823259172342992896"
"Law enforcement worked tirelessly to secure the inauguration. Today the President &amp; I thanked them during a receptiâ€¦ https://t.co/slnXPRGg7l","http://web.archive.org/save/http://twitter.com/VP/status/823287485828567041"
"Law enforcement worked tirelessly to secure the inauguration. Today the President &amp; I thanked them during a receptiâ€¦ https://t.co/slnXPRGg7l","http://web.archive.org/save/https://twitter.com/VP/status/823287485828567041"
"Proud to stand w/ President Trump signing EOs: withdrawing US from TPP, prohibiting int'l abortion funding &amp; freeziâ€¦ https://t.co/SghaddvqJh","http://web.archive.org/save/http://twitter.com/VP/status/823671714718580736"
"Proud to stand w/ President Trump signing EOs: withdrawing US from TPP, prohibiting int'l abortion funding &amp; freeziâ€¦ https://t.co/SghaddvqJh","http://web.archive.org/save/https://twitter.com/VP/status/823671714718580736"
"Tonight I had the privilege to administer the Oath of Office to Mike Pompeo as the new Director of the Central Inteâ€¦ https://t.co/v2oAu0NG4L","http://web.archive.org/save/http://twitter.com/VP/status/823722247038898180"
"Tonight I had the privilege to administer the Oath of Office to Mike Pompeo as the new Director of the Central Inteâ€¦ https://t.co/v2oAu0NG4L","http://web.archive.org/save/https://twitter.com/VP/status/823722247038898180"
"Good discussion with President @realDonaldTrump and automotive leaders about creating new auto jobs in the U.S. ðŸ‡ºðŸ‡¸ https://t.co/p9CVcvLQPk","http://web.archive.org/save/http://twitter.com/VP/status/823917963975806976"
"Good discussion with President @realDonaldTrump and automotive leaders about creating new auto jobs in the U.S. ðŸ‡ºðŸ‡¸ https://t.co/p9CVcvLQPk","http://web.archive.org/save/https://twitter.com/VP/status/823917963975806976"
"Action today by President @realDonaldTrump will create jobs and help lower American energy costs. https://t.co/qtOVNNUzO3","http://web.archive.org/save/http://twitter.com/VP/status/824030484183261185"
"Action today by President @realDonaldTrump will create jobs and help lower American energy costs. https://t.co/qtOVNNUzO3","http://web.archive.org/save/https://twitter.com/VP/status/824030484183261185"
"It was my privilege to administer the Oath of Office to the new United States Ambassador to the United Nationsâ€¦ https://t.co/G7qx7Qz1Mv","http://web.archive.org/save/http://twitter.com/VP/status/824298556777525248"
"It was my privilege to administer the Oath of Office to the new United States Ambassador to the United Nationsâ€¦ https://t.co/G7qx7Qz1Mv","http://web.archive.org/save/https://twitter.com/VP/status/824298556777525248"
"Our new UN Ambassador @nikkihaley is getting right to work with President @realDonaldTrump and @SenRubioPress. https://t.co/7Ib1DjuAYt","http://web.archive.org/save/http://twitter.com/VP/status/824316490048487424"
"Our new UN Ambassador @nikkihaley is getting right to work with President @realDonaldTrump and @SenRubioPress. https://t.co/7Ib1DjuAYt","http://web.archive.org/save/https://twitter.com/VP/status/824316490048487424"
"The Dow closes above 20K for 1st time in history. US economy is being unleashed under President @realDonaldTrump. ðŸ‡ºðŸ‡¸ https://t.co/z4f7KdDMXm","http://web.archive.org/save/http://twitter.com/VP/status/824384975374086145"
"The Dow closes above 20K for 1st time in history. US economy is being unleashed under President @realDonaldTrump. ðŸ‡ºðŸ‡¸ https://t.co/z4f7KdDMXm","http://web.archive.org/save/https://twitter.com/VP/status/824384975374086145"
"RT @POTUS: .@VP Mike Pence administers the oath of office to Secretary John F. Kelly @DHSgov this afternoon. https://t.co/RNa3DsAsPe","http://web.archive.org/save/http://twitter.com/VP/status/824438411025080324"
"RT @POTUS: .@VP Mike Pence administers the oath of office to Secretary John F. Kelly @DHSgov this afternoon. https://t.co/RNa3DsAsPe","http://web.archive.org/save/https://twitter.com/VP/status/824438411025080324"
"Beautiful morning for @SecondLady Karen Pence and my 1st flight aboard Marine Two. Next stop Air Force Two. Will beâ€¦ https://t.co/hr6eUSNsbp","http://web.archive.org/save/http://twitter.com/VP/status/824632240915243008"
"Beautiful morning for @SecondLady Karen Pence and my 1st flight aboard Marine Two. Next stop Air Force Two. Will beâ€¦ https://t.co/hr6eUSNsbp","http://web.archive.org/save/https://twitter.com/VP/status/824632240915243008"
"Humbled to board Air Force Two for 1st time with @SecondLady. We will see you shortly in Philadelphia to talk aboutâ€¦ https://t.co/YBtdkxGg1i","http://web.archive.org/save/http://twitter.com/VP/status/824636243808055296"
"Humbled to board Air Force Two for 1st time with @SecondLady. We will see you shortly in Philadelphia to talk aboutâ€¦ https://t.co/YBtdkxGg1i","http://web.archive.org/save/https://twitter.com/VP/status/824636243808055296"
"Work benefiting the American people will get done in DC. Great discussion w/ GOP House &amp; Senate members about movinâ€¦ https://t.co/zuPyf2PlHf","http://web.archive.org/save/http://twitter.com/VP/status/824709054459248646"
"Work benefiting the American people will get done in DC. Great discussion w/ GOP House &amp; Senate members about movinâ€¦ https://t.co/zuPyf2PlHf","http://web.archive.org/save/https://twitter.com/VP/status/824709054459248646"
"This is Nat'l School Choice Week. @POTUS &amp; I are committed to making a great education possible for all our children https://t.co/TdsCfhqtxy","http://web.archive.org/save/http://twitter.com/VP/status/824733321347403776"
"This is Nat'l School Choice Week. @POTUS &amp; I are committed to making a great education possible for all our children https://t.co/TdsCfhqtxy","http://web.archive.org/save/https://twitter.com/VP/status/824733321347403776"
"Honored to meet with Pro-Life leaders in my office tonight. Just told them I look forward to addressing Nationalâ€¦ https://t.co/TZV4id4N8R","http://web.archive.org/save/http://twitter.com/VP/status/824757313441525761"
"Honored to meet with Pro-Life leaders in my office tonight. Just told them I look forward to addressing Nationalâ€¦ https://t.co/TZV4id4N8R","http://web.archive.org/save/https://twitter.com/VP/status/824757313441525761"
"WATCH LIVE now as @SecondLady, @KellyannePolls and I take the stage at @March_for_Life https://t.co/RWlC2fykKI","http://web.archive.org/save/http://twitter.com/VP/status/825027839523188736"
"WATCH LIVE now as @SecondLady, @KellyannePolls and I take the stage at @March_for_Life https://t.co/RWlC2fykKI","http://web.archive.org/save/https://twitter.com/VP/status/825027839523188736"
"Life is winning in America. Today's @March_for_Life is a celebration of the progress that we have made in the cause.","http://web.archive.org/save/http://twitter.com/VP/status/825029993159917568"
"Life is winning in America. Today's @March_for_Life is a celebration of the progress that we have made in the cause.","http://web.archive.org/save/https://twitter.com/VP/status/825029993159917568"
"One week ago today, we witnessed the historic inauguration of a president who stands for the right to life - President @realDonaldTrump.","http://web.archive.org/save/http://twitter.com/VP/status/825030353270218753"
"One week ago today, we witnessed the historic inauguration of a president who stands for the right to life - President @realDonaldTrump.","http://web.archive.org/save/https://twitter.com/VP/status/825030353270218753"
"Let this movement be known for love not anger - for compassion not confrontation. #MarchforLife","http://web.archive.org/save/http://twitter.com/VP/status/825031510625492993"
"Let this movement be known for love not anger - for compassion not confrontation. #MarchforLife","http://web.archive.org/save/https://twitter.com/VP/status/825031510625492993"
".@POTUS and I stand with the @March_for_Life. Be assured, we will not rest until we restore a culture of life for ourselves &amp; our posterity.","http://web.archive.org/save/http://twitter.com/VP/status/825031677386821632"
".@POTUS and I stand with the @March_for_Life. Be assured, we will not rest until we restore a culture of life for ourselves &amp; our posterity.","http://web.archive.org/save/https://twitter.com/VP/status/825031677386821632"
"We have come to a historic moment in the cause of life, and we must meet this moment with respect and compassion for every American.","http://web.archive.org/save/http://twitter.com/VP/status/825031823709323264"
"We have come to a historic moment in the cause of life, and we must meet this moment with respect and compassion for every American.","http://web.archive.org/save/https://twitter.com/VP/status/825031823709323264"
"It was my honor to speak at the @March_for_Life today w/ my family &amp; share the commitment of @POTUS to restore cultâ€¦ https://t.co/edIXEnPKSw","http://web.archive.org/save/http://twitter.com/VP/status/825054991232692224"
"It was my honor to speak at the @March_for_Life today w/ my family &amp; share the commitment of @POTUS to restore cultâ€¦ https://t.co/edIXEnPKSw","http://web.archive.org/save/https://twitter.com/VP/status/825054991232692224"
"RT @marc_lotter: At @March_for_Life: @VP Mike Pence tells crowd ""life is winning again in America."" ðŸ‡ºðŸ‡¸ https://t.co/LK8Txm6LuV","http://web.archive.org/save/http://twitter.com/VP/status/825070831248236544"
"RT @marc_lotter: At @March_for_Life: @VP Mike Pence tells crowd ""life is winning again in America."" ðŸ‡ºðŸ‡¸ https://t.co/LK8Txm6LuV","http://web.archive.org/save/https://twitter.com/VP/status/825070831248236544"
"This #HolocaustRemembrance Day, we join the Jewish people to remember the victims &amp; honor the survivors of the past for sake of the future.","http://web.archive.org/save/http://twitter.com/VP/status/825107821461114880"
"This #HolocaustRemembrance Day, we join the Jewish people to remember the victims &amp; honor the survivors of the past for sake of the future.","http://web.archive.org/save/https://twitter.com/VP/status/825107821461114880"
"Welcomed my good friend Governor @EricGreitens to the White House today. He is doing a great job for the people ofâ€¦ https://t.co/JnIHfT9K6W","http://web.archive.org/save/http://twitter.com/VP/status/825416197017575425"
"Welcomed my good friend Governor @EricGreitens to the White House today. He is doing a great job for the people ofâ€¦ https://t.co/JnIHfT9K6W","http://web.archive.org/save/https://twitter.com/VP/status/825416197017575425"
"RT @POTUS: YOUR WEEKLY ADDRESS: https://t.co/iCUns5IOJ5","http://web.archive.org/save/http://twitter.com/VP/status/825436122222297088"
"RT @POTUS: YOUR WEEKLY ADDRESS: https://t.co/iCUns5IOJ5","http://web.archive.org/save/https://twitter.com/VP/status/825436122222297088"
"Good discussion this afternoon with two transformative leaders of the conservative movement, Gov @ScottWalker &amp; Speâ€¦ https://t.co/U6HUTbJpl5","http://web.archive.org/save/http://twitter.com/VP/status/825454423145115648"
"Good discussion this afternoon with two transformative leaders of the conservative movement, Gov @ScottWalker &amp; Speâ€¦ https://t.co/U6HUTbJpl5","http://web.archive.org/save/https://twitter.com/VP/status/825454423145115648"
"We mourn the loss of a hero in battle against radical Islamic terror. Our prayers go to loved ones of fallen servicâ€¦ https://t.co/0aqNcwOXyG","http://web.archive.org/save/http://twitter.com/VP/status/825785019402694656"
"We mourn the loss of a hero in battle against radical Islamic terror. Our prayers go to loved ones of fallen servicâ€¦ https://t.co/0aqNcwOXyG","http://web.archive.org/save/https://twitter.com/VP/status/825785019402694656"
"Grateful to welcome King Abdullah II of Jordan this morning as first foreign leader to visit VP Residence. https://t.co/LXjWcD8jRi","http://web.archive.org/save/http://twitter.com/VP/status/826163177490628608"
"Grateful to welcome King Abdullah II of Jordan this morning as first foreign leader to visit VP Residence. https://t.co/LXjWcD8jRi","http://web.archive.org/save/https://twitter.com/VP/status/826163177490628608"
"Congrats to newly sworn-in @USDOT Secretary @ElaineChao, who will oversee historic investments in our nation's infrâ€¦ https://t.co/4lqyODD1ny","http://web.archive.org/save/http://twitter.com/VP/status/826589378906640384"
"Congrats to newly sworn-in @USDOT Secretary @ElaineChao, who will oversee historic investments in our nation's infrâ€¦ https://t.co/4lqyODD1ny","http://web.archive.org/save/https://twitter.com/VP/status/826589378906640384"
"Tune in LIVE now as @realDonaldTrump announces his nominee for the Supreme Court of the United States â€”&gt; https://t.co/yya8lPI0nb","http://web.archive.org/save/http://twitter.com/VP/status/826596438578757633"
"Tune in LIVE now as @realDonaldTrump announces his nominee for the Supreme Court of the United States â€”&gt; https://t.co/yya8lPI0nb","http://web.archive.org/save/https://twitter.com/VP/status/826596438578757633"
"Tonight, @POTUS nominated a Supreme Court Justice who will uphold the God-given liberties enshrined in our constituâ€¦ https://t.co/KArN4gfRnM","http://web.archive.org/save/http://twitter.com/VP/status/826599338856083456"
"Tonight, @POTUS nominated a Supreme Court Justice who will uphold the God-given liberties enshrined in our constituâ€¦ https://t.co/KArN4gfRnM","http://web.archive.org/save/https://twitter.com/VP/status/826599338856083456"
"Judge Gorsuch is one of the most mainstream, respected, and exceptionally qualified Supreme Court nominees in American history.","http://web.archive.org/save/http://twitter.com/VP/status/826599863748018176"
"Judge Gorsuch is one of the most mainstream, respected, and exceptionally qualified Supreme Court nominees in American history.","http://web.archive.org/save/https://twitter.com/VP/status/826599863748018176"
"Supreme Court nominee Judge Gorsuch firmly stands as a strict constructionist, fitting the mold of the late Justice Antonin Scalia.","http://web.archive.org/save/http://twitter.com/VP/status/826601251790012416"
"Supreme Court nominee Judge Gorsuch firmly stands as a strict constructionist, fitting the mold of the late Justice Antonin Scalia.","http://web.archive.org/save/https://twitter.com/VP/status/826601251790012416"
"RT @GorsuchFacts: .@POTUS Trump has chosen a #SCOTUS with a brilliant legal mind, sterling academic credentials, &amp; a commitment to constituâ€¦","http://web.archive.org/save/http://twitter.com/VP/status/826605554797858816"
"RT @GorsuchFacts: .@POTUS Trump has chosen a #SCOTUS with a brilliant legal mind, sterling academic credentials, &amp; a commitment to constituâ€¦","http://web.archive.org/save/https://twitter.com/VP/status/826605554797858816"
"RT @GorsuchFacts: Tune in during the 2pm EST hour as @VP joins @rushlimbaugh to discuss @POTUS Trump's #SCOTUS pick: https://t.co/U3PZnsYXHâ€¦","http://web.archive.org/save/http://twitter.com/VP/status/826862679298076672"
"RT @GorsuchFacts: Tune in during the 2pm EST hour as @VP joins @rushlimbaugh to discuss @POTUS Trump's #SCOTUS pick: https://t.co/U3PZnsYXHâ€¦","http://web.archive.org/save/https://twitter.com/VP/status/826862679298076672"
"RT @marc_lotter: Tune in right now to @rushlimbaugh to hear @VP talk about extremely qualified Supreme Court nominee @GorsuchFacts. https:/â€¦","http://web.archive.org/save/http://twitter.com/VP/status/826871682702905345"
"RT @marc_lotter: Tune in right now to @rushlimbaugh to hear @VP talk about extremely qualified Supreme Court nominee @GorsuchFacts. https:/â€¦","http://web.archive.org/save/https://twitter.com/VP/status/826871682702905345"
"Grateful for @SenateMajLdr's strong support for President @realDonaldTrump's Supreme Court nominee, Judge Gorsuch. https://t.co/qngrd3mnoD","http://web.archive.org/save/http://twitter.com/VP/status/826897447268077570"
"Grateful for @SenateMajLdr's strong support for President @realDonaldTrump's Supreme Court nominee, Judge Gorsuch. https://t.co/qngrd3mnoD","http://web.archive.org/save/https://twitter.com/VP/status/826897447268077570"
"RT @SenateMajLdr: Meeting w #NeilGorsuch &amp; @VP this morning only solidifies my support for @POTUS' selection for #SCOTUS. He will be an outâ€¦","http://web.archive.org/save/http://twitter.com/VP/status/826897665082396672"
"RT @SenateMajLdr: Meeting w #NeilGorsuch &amp; @VP this morning only solidifies my support for @POTUS' selection for #SCOTUS. He will be an outâ€¦","http://web.archive.org/save/https://twitter.com/VP/status/826897665082396672"
"Tune in to @NewsHour tonight as I sit down with @JudyWoodruff to discuss @POTUS' SCOTUS nominee. Watch the intervieâ€¦ https://t.co/HAJXz4Ru3o","http://web.archive.org/save/http://twitter.com/VP/status/826909716605460480"
"Tune in to @NewsHour tonight as I sit down with @JudyWoodruff to discuss @POTUS' SCOTUS nominee. Watch the intervieâ€¦ https://t.co/HAJXz4Ru3o","http://web.archive.org/save/https://twitter.com/VP/status/826909716605460480"
"Dorothy Height, an inspiring civil rights leader, will be honored in the @USPS Black Heritage stamp series.â€¦ https://t.co/gGvcWp2MmX","http://web.archive.org/save/http://twitter.com/VP/status/826928518042882048"
"Dorothy Height, an inspiring civil rights leader, will be honored in the @USPS Black Heritage stamp series.â€¦ https://t.co/gGvcWp2MmX","http://web.archive.org/save/https://twitter.com/VP/status/826928518042882048"
"It is my tremendous honor to join @POTUS to administer Oath of Office to our new Secretary of State Rex Tillerson. https://t.co/teKslOorCw","http://web.archive.org/save/http://twitter.com/VP/status/826948185532821507"
"It is my tremendous honor to join @POTUS to administer Oath of Office to our new Secretary of State Rex Tillerson. https://t.co/teKslOorCw","http://web.archive.org/save/https://twitter.com/VP/status/826948185532821507"
"RT @POTUS: Congratulations to our new Secretary of State Rex Tillerson, sworn-in this evening by @VP Mike Pence. https://t.co/YvLoJZUKj8","http://web.archive.org/save/http://twitter.com/VP/status/826961430784122880"
"RT @POTUS: Congratulations to our new Secretary of State Rex Tillerson, sworn-in this evening by @VP Mike Pence. https://t.co/YvLoJZUKj8","http://web.archive.org/save/https://twitter.com/VP/status/826961430784122880"
"As #BlackHistoryMonthÂ begins, we remember when Pres. Lincoln submitted the 13th Amendment, ending slavery, to the states #NationalFreedomDay","http://web.archive.org/save/http://twitter.com/VP/status/826973464078716935"
"As #BlackHistoryMonthÂ begins, we remember when Pres. Lincoln submitted the 13th Amendment, ending slavery, to the states #NationalFreedomDay","http://web.archive.org/save/https://twitter.com/VP/status/826973464078716935"
".@POTUS and I enjoyed welcoming @harleydavidson execs &amp; union leaders to the @WhiteHouse to discuss keeping Americaâ€¦ https://t.co/jkzcf5fFyt","http://web.archive.org/save/http://twitter.com/VP/status/827251368146644992"
".@POTUS and I enjoyed welcoming @harleydavidson execs &amp; union leaders to the @WhiteHouse to discuss keeping Americaâ€¦ https://t.co/jkzcf5fFyt","http://web.archive.org/save/https://twitter.com/VP/status/827251368146644992"
"Honored to welcome German Vice Chancellor &amp; Min. for Foreign Affairs Gabriel to the White House today to discuss NAâ€¦ https://t.co/V5o4SQIfGa","http://web.archive.org/save/http://twitter.com/VP/status/827263211284029441"
"Honored to welcome German Vice Chancellor &amp; Min. for Foreign Affairs Gabriel to the White House today to discuss NAâ€¦ https://t.co/V5o4SQIfGa","http://web.archive.org/save/https://twitter.com/VP/status/827263211284029441"
"This #BlackHistoryMonth, join us in celebrating the contributions of African Americans in our nation's history. https://t.co/b6mQ0z8pVw","http://web.archive.org/save/http://twitter.com/VP/status/827276956391530500"
"This #BlackHistoryMonth, join us in celebrating the contributions of African Americans in our nation's history. https://t.co/b6mQ0z8pVw","http://web.archive.org/save/https://twitter.com/VP/status/827276956391530500"
"In meeting w/ Minister Gabriel, I told him I'll attend Munich Security Conference, where I'll share our views on Transatlantic relationship.","http://web.archive.org/save/http://twitter.com/VP/status/827292728048353281"
"In meeting w/ Minister Gabriel, I told him I'll attend Munich Security Conference, where I'll share our views on Transatlantic relationship.","http://web.archive.org/save/https://twitter.com/VP/status/827292728048353281"
"After Munich I'll head to Brussels, where I look forward to engaging with European Allies &amp; partners &amp; discussing how to strengthen our ties","http://web.archive.org/save/http://twitter.com/VP/status/827293113865613318"
"After Munich I'll head to Brussels, where I look forward to engaging with European Allies &amp; partners &amp; discussing how to strengthen our ties","http://web.archive.org/save/https://twitter.com/VP/status/827293113865613318"
"Tune in to @FoxNews tonight at 10 p.m. ET as I sit down w/ @seanhannity to discuss the need for an up or down voteâ€¦ https://t.co/LXqFtM0SQe","http://web.archive.org/save/http://twitter.com/VP/status/827298645125033985"
"Tune in to @FoxNews tonight at 10 p.m. ET as I sit down w/ @seanhannity to discuss the need for an up or down voteâ€¦ https://t.co/LXqFtM0SQe","http://web.archive.org/save/https://twitter.com/VP/status/827298645125033985"
"This Nat'l Catholic Schools Week, we extend our appreciation to those working to ensure every child has access to aâ€¦ https://t.co/eYqo0igs1c","http://web.archive.org/save/http://twitter.com/VP/status/827600470780821505"
"This Nat'l Catholic Schools Week, we extend our appreciation to those working to ensure every child has access to aâ€¦ https://t.co/eYqo0igs1c","http://web.archive.org/save/https://twitter.com/VP/status/827600470780821505"
"Proud to stand alongside @POTUS as he signed an EO that will help empower Americans to make their own financial decâ€¦ https://t.co/M5XtRVJAhk","http://web.archive.org/save/http://twitter.com/VP/status/827646813326995457"
"Proud to stand alongside @POTUS as he signed an EO that will help empower Americans to make their own financial decâ€¦ https://t.co/M5XtRVJAhk","http://web.archive.org/save/https://twitter.com/VP/status/827646813326995457"
"RT @POTUS: .@VP Pence on the #economy: https://t.co/3sZaoWh3au","http://web.archive.org/save/http://twitter.com/VP/status/827655590163972097"
"RT @POTUS: .@VP Pence on the #economy: https://t.co/3sZaoWh3au","http://web.archive.org/save/https://twitter.com/VP/status/827655590163972097"
"Couldn't pass this close to the Liberty Bell ðŸ”” without stopping by to see this symbol of American Freedom for myselâ€¦ https://t.co/c6gJX4bLgT","http://web.archive.org/save/http://twitter.com/VP/status/827911610811478016"
"Couldn't pass this close to the Liberty Bell ðŸ”” without stopping by to see this symbol of American Freedom for myselâ€¦ https://t.co/c6gJX4bLgT","http://web.archive.org/save/https://twitter.com/VP/status/827911610811478016"
"WATCH LIVE at noon as I join the Philadelphia @FedSoc to discuss the Constitution &amp; #SCOTUS nominee @GorsuchFacts. https://t.co/w6zuiBssf5","http://web.archive.org/save/http://twitter.com/VP/status/827921870783705089"
"WATCH LIVE at noon as I join the Philadelphia @FedSoc to discuss the Constitution &amp; #SCOTUS nominee @GorsuchFacts. https://t.co/w6zuiBssf5","http://web.archive.org/save/https://twitter.com/VP/status/827921870783705089"
"#SCOTUS nominee Judge Gorsuch has sterling academic credentials, a brilliant legal mind and an unwavering commitmenâ€¦ https://t.co/PI1NDSZc8b","http://web.archive.org/save/http://twitter.com/VP/status/827927491973103621"
"#SCOTUS nominee Judge Gorsuch has sterling academic credentials, a brilliant legal mind and an unwavering commitmenâ€¦ https://t.co/PI1NDSZc8b","http://web.archive.org/save/https://twitter.com/VP/status/827927491973103621"
"Judge Gorsuch is a worthy successor to Justice Antonin Scalia. Our Constitution &amp; our country will be stronger with him on the Supreme Court","http://web.archive.org/save/http://twitter.com/VP/status/827927621187014656"
"Judge Gorsuch is a worthy successor to Justice Antonin Scalia. Our Constitution &amp; our country will be stronger with him on the Supreme Court","http://web.archive.org/save/https://twitter.com/VP/status/827927621187014656"
"Judge Gorsuch is one of the most mainstream, respected, and exceptionally qualified Supreme Court nominees in American history.","http://web.archive.org/save/http://twitter.com/VP/status/827927710005604352"
"Judge Gorsuch is one of the most mainstream, respected, and exceptionally qualified Supreme Court nominees in American history.","http://web.archive.org/save/https://twitter.com/VP/status/827927710005604352"
"Judge Gorsuch has defended the Constitutionâ€™s unique system of federalism that restricts the national gov to specific and enumerated powers.","http://web.archive.org/save/http://twitter.com/VP/status/827928872318562305"
"Judge Gorsuch has defended the Constitutionâ€™s unique system of federalism that restricts the national gov to specific and enumerated powers.","http://web.archive.org/save/https://twitter.com/VP/status/827928872318562305"
"Rest assured, we will work w/ Senate leadership to ensure that Judge Gorsuch gets an up-or-down vote on the Senate floor- one way the other","http://web.archive.org/save/http://twitter.com/VP/status/827930043787640833"
"Rest assured, we will work w/ Senate leadership to ensure that Judge Gorsuch gets an up-or-down vote on the Senate floor- one way the other","http://web.archive.org/save/https://twitter.com/VP/status/827930043787640833"
"This SCOTUS seat doesn't belong to any party, ideology, or interest group. It belongs to the American peopleâ€“and Amâ€¦ https://t.co/HjOW4CeWwa","http://web.archive.org/save/http://twitter.com/VP/status/827930136859254785"
"This SCOTUS seat doesn't belong to any party, ideology, or interest group. It belongs to the American peopleâ€“and Amâ€¦ https://t.co/HjOW4CeWwa","http://web.archive.org/save/https://twitter.com/VP/status/827930136859254785"
"It gave me chills to stand in room where Founding Fathers created the greatest charter of liberty world has ever seâ€¦ https://t.co/yvK9Z1MFLF","http://web.archive.org/save/http://twitter.com/VP/status/827940392632991744"
"It gave me chills to stand in room where Founding Fathers created the greatest charter of liberty world has ever seâ€¦ https://t.co/yvK9Z1MFLF","http://web.archive.org/save/https://twitter.com/VP/status/827940392632991744"
"RT @marc_lotter: Protecting Americans from terror, Supreme Court &amp; helping small business, watch @VP Mike Pence on @FoxNewsSunday. https://â€¦","http://web.archive.org/save/http://twitter.com/VP/status/828241987564367874"
"RT @marc_lotter: Protecting Americans from terror, Supreme Court &amp; helping small business, watch @VP Mike Pence on @FoxNewsSunday. https://â€¦","http://web.archive.org/save/https://twitter.com/VP/status/828241987564367874"
"RT @marc_lotter: .@VP Mike Pence discusses @POTUS actions to keep Americans safe with @chucktodd on @MeetThePress. https://t.co/llt3KIw7EX","http://web.archive.org/save/http://twitter.com/VP/status/828243176020406272"
"RT @marc_lotter: .@VP Mike Pence discusses @POTUS actions to keep Americans safe with @chucktodd on @MeetThePress. https://t.co/llt3KIw7EX","http://web.archive.org/save/https://twitter.com/VP/status/828243176020406272"
"Honored to welcome on Air Force 2, as our guests to the Super Bowl LI, two American heroes ðŸ‡ºðŸ‡¸who were injured in thâ€¦ https://t.co/9uNA1sbrl1","http://web.archive.org/save/http://twitter.com/VP/status/828310998796873728"
"Honored to welcome on Air Force 2, as our guests to the Super Bowl LI, two American heroes ðŸ‡ºðŸ‡¸who were injured in thâ€¦ https://t.co/9uNA1sbrl1","http://web.archive.org/save/https://twitter.com/VP/status/828310998796873728"
"En route to Houston for Super Bowl LI. Our traveling group includes a serviceman who supports the @AtlantaFalcons &amp;â€¦ https://t.co/5yYkh0m68y","http://web.archive.org/save/http://twitter.com/VP/status/828316763003768833"
"En route to Houston for Super Bowl LI. Our traveling group includes a serviceman who supports the @AtlantaFalcons &amp;â€¦ https://t.co/5yYkh0m68y","http://web.archive.org/save/https://twitter.com/VP/status/828316763003768833"
"Anyone who knows the Pence family knows we can't pass up good BBQ. Had to stop by Pappa's in Houston on the way toâ€¦ https://t.co/uWqvWmNSR2","http://web.archive.org/save/http://twitter.com/VP/status/828357409563361280"
"Anyone who knows the Pence family knows we can't pass up good BBQ. Had to stop by Pappa's in Houston on the way toâ€¦ https://t.co/uWqvWmNSR2","http://web.archive.org/save/https://twitter.com/VP/status/828357409563361280"
"It's a great honor to visit with Former President @GeorgeHWBush &amp; Barbara Bush. Their service to our nation ðŸ‡ºðŸ‡¸ is aâ€¦ https://t.co/oVJOC5nhXk","http://web.archive.org/save/http://twitter.com/VP/status/828399870931243008"
"It's a great honor to visit with Former President @GeorgeHWBush &amp; Barbara Bush. Their service to our nation ðŸ‡ºðŸ‡¸ is aâ€¦ https://t.co/oVJOC5nhXk","http://web.archive.org/save/https://twitter.com/VP/status/828399870931243008"
"Headed back to DC on Air Force Two with our ðŸ‡ºðŸ‡¸ heroes. Incredible comeback. One of the best Super Bowls ever. Congratulations to @Patriots.","http://web.archive.org/save/http://twitter.com/VP/status/828461276116484096"
"Headed back to DC on Air Force Two with our ðŸ‡ºðŸ‡¸ heroes. Incredible comeback. One of the best Super Bowls ever. Congratulations to @Patriots.","http://web.archive.org/save/https://twitter.com/VP/status/828461276116484096"
"We owe a debt of gratitude to our service members. Grateful to pay a small thanks &amp; spend time with our brave heroes https://t.co/ALuheHxPv3","http://web.archive.org/save/http://twitter.com/VP/status/828666954642763776"
"We owe a debt of gratitude to our service members. Grateful to pay a small thanks &amp; spend time with our brave heroes https://t.co/ALuheHxPv3","http://web.archive.org/save/https://twitter.com/VP/status/828666954642763776"
"Happy birthday to Pres. Reagan. His leadership inspired a generation to believe in America. Honored to have been swâ€¦ https://t.co/5Tq5ofbPVu","http://web.archive.org/save/http://twitter.com/VP/status/828707727543111687"
"Happy birthday to Pres. Reagan. His leadership inspired a generation to believe in America. Honored to have been swâ€¦ https://t.co/5Tq5ofbPVu","http://web.archive.org/save/https://twitter.com/VP/status/828707727543111687"
".@POTUS and I extend our thanks to those in law enforcement who protect our communities and are dedicated to our saâ€¦ https://t.co/biLnB0MwoL","http://web.archive.org/save/http://twitter.com/VP/status/829007595956498432"
".@POTUS and I extend our thanks to those in law enforcement who protect our communities and are dedicated to our saâ€¦ https://t.co/biLnB0MwoL","http://web.archive.org/save/https://twitter.com/VP/status/829007595956498432"
"Todayâ€™s vote to confirm Education Secretary @BetsyDeVos was a vote for every child having a chance at a world-classâ€¦ https://t.co/jDZLYp0EJG","http://web.archive.org/save/http://twitter.com/VP/status/829020336477831172"
"Todayâ€™s vote to confirm Education Secretary @BetsyDeVos was a vote for every child having a chance at a world-classâ€¦ https://t.co/jDZLYp0EJG","http://web.archive.org/save/https://twitter.com/VP/status/829020336477831172"
"While on the Hill, popped into House @RepublicanStudy Committee lunchâ€”a group I was honored to chair &amp; will work wiâ€¦ https://t.co/7VeoScKcRO","http://web.archive.org/save/http://twitter.com/VP/status/829034363664875528"
"While on the Hill, popped into House @RepublicanStudy Committee lunchâ€”a group I was honored to chair &amp; will work wiâ€¦ https://t.co/7VeoScKcRO","http://web.archive.org/save/https://twitter.com/VP/status/829034363664875528"
"My vote for @BetsyDeVos was the easiest vote I ever cast. An Education Secretary who is one of the foremost advocatâ€¦ https://t.co/z2pDuC86pB","http://web.archive.org/save/http://twitter.com/VP/status/829106978597240833"
"My vote for @BetsyDeVos was the easiest vote I ever cast. An Education Secretary who is one of the foremost advocatâ€¦ https://t.co/z2pDuC86pB","http://web.archive.org/save/https://twitter.com/VP/status/829106978597240833"
"RT @POTUS: .@BetsyDeVos sworn in as Secretary of Education by @VP Mike Pence moments ago. Congratulations! https://t.co/uzneL25V7F","http://web.archive.org/save/http://twitter.com/VP/status/829125451465502721"
"RT @POTUS: .@BetsyDeVos sworn in as Secretary of Education by @VP Mike Pence moments ago. Congratulations! https://t.co/uzneL25V7F","http://web.archive.org/save/https://twitter.com/VP/status/829125451465502721"
"Our nation's success depends on our students' education. @BetsyDeVos will help us ensure every child has the best sâ€¦ https://t.co/Vj8S5I2eTM","http://web.archive.org/save/http://twitter.com/VP/status/829127810560249856"
"Our nation's success depends on our students' education. @BetsyDeVos will help us ensure every child has the best sâ€¦ https://t.co/Vj8S5I2eTM","http://web.archive.org/save/https://twitter.com/VP/status/829127810560249856"
"A Right to Try law is fundamentally about restoring hope &amp; giving terminally ill patients a fighting chance. @POTUSâ€¦ https://t.co/OHtUtOBmMJ","http://web.archive.org/save/http://twitter.com/VP/status/829133257061056512"
"A Right to Try law is fundamentally about restoring hope &amp; giving terminally ill patients a fighting chance. @POTUSâ€¦ https://t.co/OHtUtOBmMJ","http://web.archive.org/save/https://twitter.com/VP/status/829133257061056512"
"Thank you to the DC metro area law enforcement agencies for their work protecting our communities, including new reâ€¦ https://t.co/n8iVi84Ovq","http://web.archive.org/save/http://twitter.com/VP/status/829344291587813380"
"Thank you to the DC metro area law enforcement agencies for their work protecting our communities, including new reâ€¦ https://t.co/n8iVi84Ovq","http://web.archive.org/save/https://twitter.com/VP/status/829344291587813380"
"Standing side-by-side w/ America's workers &amp; businesses, @POTUS delivers on his promise to promote job growth &amp; unlâ€¦ https://t.co/01Bi7H8OvP","http://web.archive.org/save/http://twitter.com/VP/status/829423686985867264"
"Standing side-by-side w/ America's workers &amp; businesses, @POTUS delivers on his promise to promote job growth &amp; unlâ€¦ https://t.co/01Bi7H8OvP","http://web.archive.org/save/https://twitter.com/VP/status/829423686985867264"
"RT @realDonaldTrump: Congratulations to our new Attorney General, @SenatorSessions! https://t.co/e0buP1K83z","http://web.archive.org/save/http://twitter.com/VP/status/829510642826625024"
"RT @realDonaldTrump: Congratulations to our new Attorney General, @SenatorSessions! https://t.co/e0buP1K83z","http://web.archive.org/save/https://twitter.com/VP/status/829510642826625024"
"RT @realDonaldTrump: Join us live in the Oval Office for the swearing in of our new Attorney General, @SenatorSessions!
LIVE: https://t.co/â€¦","http://web.archive.org/save/http://twitter.com/VP/status/829723691575566336"
"RT @realDonaldTrump: Join us live in the Oval Office for the swearing in of our new Attorney General, @SenatorSessions!
LIVE: https://t.co/â€¦","http://web.archive.org/save/https://twitter.com/VP/status/829723691575566336"
"Privileged to swear in Attorney General Jeff Sessions. @POTUS &amp; I have faith in your commitment to the Constitutionâ€¦ https://t.co/MvnHEtmlPb","http://web.archive.org/save/http://twitter.com/VP/status/829730017206734848"
"Privileged to swear in Attorney General Jeff Sessions. @POTUS &amp; I have faith in your commitment to the Constitutionâ€¦ https://t.co/MvnHEtmlPb","http://web.archive.org/save/https://twitter.com/VP/status/829730017206734848"
"Congratulations to Alabama's new Senator, Luther Strange. I'm confident you'll serve the great people of Alabama wiâ€¦ https://t.co/shUMgjY4sH","http://web.archive.org/save/http://twitter.com/VP/status/829785397202972672"
"Congratulations to Alabama's new Senator, Luther Strange. I'm confident you'll serve the great people of Alabama wiâ€¦ https://t.co/shUMgjY4sH","http://web.archive.org/save/https://twitter.com/VP/status/829785397202972672"
"Productive listening session w/ bipartisan group of senators. Our Constitution &amp; country will be stronger with Judgâ€¦ https://t.co/EEWGxdC8WN","http://web.archive.org/save/http://twitter.com/VP/status/829800897932824577"
"Productive listening session w/ bipartisan group of senators. Our Constitution &amp; country will be stronger with Judgâ€¦ https://t.co/EEWGxdC8WN","http://web.archive.org/save/https://twitter.com/VP/status/829800897932824577"
"Truly honored to have a discussion with an inspiring group of African American cadets at @WestPoint_USMA. Proud ofâ€¦ https://t.co/AHarunkQOE","http://web.archive.org/save/http://twitter.com/VP/status/829827671995609088"
"Truly honored to have a discussion with an inspiring group of African American cadets at @WestPoint_USMA. Proud ofâ€¦ https://t.co/AHarunkQOE","http://web.archive.org/save/https://twitter.com/VP/status/829827671995609088"
"LISTEN LIVE as I join @WestPoint_USMA's Henry O. Flipper Dinner to honor our courageous African American heroes: https://t.co/1fMEfxdz1b","http://web.archive.org/save/http://twitter.com/VP/status/829843908439977984"
"LISTEN LIVE as I join @WestPoint_USMA's Henry O. Flipper Dinner to honor our courageous African American heroes: https://t.co/1fMEfxdz1b","http://web.archive.org/save/https://twitter.com/VP/status/829843908439977984"
"Tonight we look back on the generations of African Americans who have defended &amp; died for this country, as far back as the hour of its birth","http://web.archive.org/save/http://twitter.com/VP/status/829848377244393472"
"Tonight we look back on the generations of African Americans who have defended &amp; died for this country, as far back as the hour of its birth","http://web.archive.org/save/https://twitter.com/VP/status/829848377244393472"
"Under @POTUS Trumpâ€™s leadership, I can promise our soldiers three things. https://t.co/F3nSGfgHxX","http://web.archive.org/save/http://twitter.com/VP/status/829855931160752128"
"Under @POTUS Trumpâ€™s leadership, I can promise our soldiers three things. https://t.co/F3nSGfgHxX","http://web.archive.org/save/https://twitter.com/VP/status/829855931160752128"
".@POTUS and I will always have the backs of our soldiers. They will have everything they need to defeat our enemies and protect our country.","http://web.archive.org/save/http://twitter.com/VP/status/829856112258215937"
".@POTUS and I will always have the backs of our soldiers. They will have everything they need to defeat our enemies and protect our country.","http://web.archive.org/save/https://twitter.com/VP/status/829856112258215937"
"Second, know that our soldiers &amp; their families will always have @POTUS Trump and my prayers, and the prayers of the entire American people.","http://web.archive.org/save/http://twitter.com/VP/status/829856241144958976"
"Second, know that our soldiers &amp; their families will always have @POTUS Trump and my prayers, and the prayers of the entire American people.","http://web.archive.org/save/https://twitter.com/VP/status/829856241144958976"
"Last, know that @POTUS and I will always support our troops, not second-guess them, &amp; we'll never call their service or sacrifice a failure.","http://web.archive.org/save/http://twitter.com/VP/status/829856454546952193"
"Last, know that @POTUS and I will always support our troops, not second-guess them, &amp; we'll never call their service or sacrifice a failure.","http://web.archive.org/save/https://twitter.com/VP/status/829856454546952193"
"Grateful to join @WestPoint_USMA to award the Henry O. Flipper award and honor a few inspiring heroes who have overâ€¦ https://t.co/rqoGf5fl7f","http://web.archive.org/save/http://twitter.com/VP/status/829857848171569152"
"Grateful to join @WestPoint_USMA to award the Henry O. Flipper award and honor a few inspiring heroes who have overâ€¦ https://t.co/rqoGf5fl7f","http://web.archive.org/save/https://twitter.com/VP/status/829857848171569152"
"Join us LIVE now for the swearing-in of @SecPriceMD as our new Health and Human Services Secretary: https://t.co/VaWiqfrEtD","http://web.archive.org/save/http://twitter.com/VP/status/830090904547577857"
"Join us LIVE now for the swearing-in of @SecPriceMD as our new Health and Human Services Secretary: https://t.co/VaWiqfrEtD","http://web.archive.org/save/https://twitter.com/VP/status/830090904547577857"
"Health and Human Services @SecPriceMD will ensure we carry out @POTUS vision for a health-care system that works foâ€¦ https://t.co/35qOzPofht","http://web.archive.org/save/http://twitter.com/VP/status/830098840715923456"
"Health and Human Services @SecPriceMD will ensure we carry out @POTUS vision for a health-care system that works foâ€¦ https://t.co/35qOzPofht","http://web.archive.org/save/https://twitter.com/VP/status/830098840715923456"
"Honored to host Deputy Prime Minister Aso to discuss strengthening US-Japan economic cooperation and increasing invâ€¦ https://t.co/8nN5rlPgN4","http://web.archive.org/save/http://twitter.com/VP/status/830141622042099713"
"Honored to host Deputy Prime Minister Aso to discuss strengthening US-Japan economic cooperation and increasing invâ€¦ https://t.co/8nN5rlPgN4","http://web.archive.org/save/https://twitter.com/VP/status/830141622042099713"
"Japan has a strong ally in this administration. Look forward to partnering with Prime Minister @AbeShinzo and Japan https://t.co/cXljYvBSnC","http://web.archive.org/save/http://twitter.com/VP/status/830185796892241924"
"Japan has a strong ally in this administration. Look forward to partnering with Prime Minister @AbeShinzo and Japan https://t.co/cXljYvBSnC","http://web.archive.org/save/https://twitter.com/VP/status/830185796892241924"
"Thanks! Iâ€™ll start putting it to good use next week. Under the Constitution I may be Senate President, but I'll nevâ€¦ https://t.co/o3Z1QubIs7","http://web.archive.org/save/http://twitter.com/VP/status/830195749472317441"
"Thanks! Iâ€™ll start putting it to good use next week. Under the Constitution I may be Senate President, but I'll nevâ€¦ https://t.co/o3Z1QubIs7","http://web.archive.org/save/https://twitter.com/VP/status/830195749472317441"
"Called Colombian President @JuanManSantos today. Pledged cooperation on security &amp; congratulated on initial steps implementing peace accord.","http://web.archive.org/save/http://twitter.com/VP/status/830225605593538560"
"Called Colombian President @JuanManSantos today. Pledged cooperation on security &amp; congratulated on initial steps implementing peace accord.","http://web.archive.org/save/https://twitter.com/VP/status/830225605593538560"
"Spoke w/ Argentine Pres. @mauriciomacri on strengthening partnership and efforts to enhance job creation &amp; economic growth in our countries.","http://web.archive.org/save/http://twitter.com/VP/status/830231203148070913"
"Spoke w/ Argentine Pres. @mauriciomacri on strengthening partnership and efforts to enhance job creation &amp; economic growth in our countries.","http://web.archive.org/save/https://twitter.com/VP/status/830231203148070913"
"Great to host Sec Mattis, Sec Kelly &amp; Canadian delegation to deepen cooperation on trade, security &amp; fighting terroâ€¦ https://t.co/pInbF9ue2C","http://web.archive.org/save/http://twitter.com/VP/status/831240296486862848"
"Great to host Sec Mattis, Sec Kelly &amp; Canadian delegation to deepen cooperation on trade, security &amp; fighting terroâ€¦ https://t.co/pInbF9ue2C","http://web.archive.org/save/https://twitter.com/VP/status/831240296486862848"
"Visiting new office in the House of Reps. Discussing @POTUS agenda to #MAGA, including repeal &amp; replace of ObamaCarâ€¦ https://t.co/gTC5hAiscK","http://web.archive.org/save/http://twitter.com/VP/status/831261850583105536"
"Visiting new office in the House of Reps. Discussing @POTUS agenda to #MAGA, including repeal &amp; replace of ObamaCarâ€¦ https://t.co/gTC5hAiscK","http://web.archive.org/save/https://twitter.com/VP/status/831261850583105536"
"Meeting with lawmakers on the Hill to craft a solution to broaden healthcare access &amp; improve quality &amp; affordabiliâ€¦ https://t.co/8I08UC11Gk","http://web.archive.org/save/http://twitter.com/VP/status/831283510057062400"
"Meeting with lawmakers on the Hill to craft a solution to broaden healthcare access &amp; improve quality &amp; affordabiliâ€¦ https://t.co/8I08UC11Gk","http://web.archive.org/save/https://twitter.com/VP/status/831283510057062400"
"Spoke w/ Brazilian President @MichelTemer to discuss our shared commitment to security &amp; stimulating economic growth https://t.co/9G8jWyFYmD","http://web.archive.org/save/http://twitter.com/VP/status/831291248052944897"
"Spoke w/ Brazilian President @MichelTemer to discuss our shared commitment to security &amp; stimulating economic growth https://t.co/9G8jWyFYmD","http://web.archive.org/save/https://twitter.com/VP/status/831291248052944897"
"So proud of Karen's work to help impact children's lives through art therapy. Truly makes a profound difference. https://t.co/vgSaVi3Cbf","http://web.archive.org/save/http://twitter.com/VP/status/831306539675877378"
"So proud of Karen's work to help impact children's lives through art therapy. Truly makes a profound difference. https://t.co/vgSaVi3Cbf","http://web.archive.org/save/https://twitter.com/VP/status/831306539675877378"
"Working w/ @freedomcaucus to deliver on promises to repeal &amp; replace Obamacare, reform the tax code, invest in infrâ€¦ https://t.co/8V0EHX5p5d","http://web.archive.org/save/http://twitter.com/VP/status/831315868126679041"
"Working w/ @freedomcaucus to deliver on promises to repeal &amp; replace Obamacare, reform the tax code, invest in infrâ€¦ https://t.co/8V0EHX5p5d","http://web.archive.org/save/https://twitter.com/VP/status/831315868126679041"
"RT @WhiteHouse: Watch LIVE as @POTUS &amp; @VP participate in the swearing-in of Secretary of the Treasury, Steven Mnuchin: https://t.co/V5yUpSâ€¦","http://web.archive.org/save/http://twitter.com/VP/status/831317808432762882"
"RT @WhiteHouse: Watch LIVE as @POTUS &amp; @VP participate in the swearing-in of Secretary of the Treasury, Steven Mnuchin: https://t.co/V5yUpSâ€¦","http://web.archive.org/save/https://twitter.com/VP/status/831317808432762882"
"As one of America's foremost business leaders and economic experts, Steven Mnuchin will serve America well asâ€¦ https://t.co/5uNaeKk6bN","http://web.archive.org/save/http://twitter.com/VP/status/831338116225056768"
"As one of America's foremost business leaders and economic experts, Steven Mnuchin will serve America well asâ€¦ https://t.co/5uNaeKk6bN","http://web.archive.org/save/https://twitter.com/VP/status/831338116225056768"
"Don't ruin the surprise. Ready to share our 34th Valentine's Day with my valentine, Karen. https://t.co/PpokT6fWxi","http://web.archive.org/save/http://twitter.com/VP/status/831554042279104514"
"Don't ruin the surprise. Ready to share our 34th Valentine's Day with my valentine, Karen. https://t.co/PpokT6fWxi","http://web.archive.org/save/https://twitter.com/VP/status/831554042279104514"
"Stopped by Tuesday Group lunch w/ great GOP leaders in House. Discussing tax reform and repeal &amp; replace ObamaCare. https://t.co/0cT8a1BdPP","http://web.archive.org/save/http://twitter.com/VP/status/831554562364416009"
"Stopped by Tuesday Group lunch w/ great GOP leaders in House. Discussing tax reform and repeal &amp; replace ObamaCare. https://t.co/0cT8a1BdPP","http://web.archive.org/save/https://twitter.com/VP/status/831554562364416009"
"Surprised these students as they explored the roots of our nation's government on a tour of our historic U.S. Capitâ€¦ https://t.co/v0vQ1O7PTc","http://web.archive.org/save/http://twitter.com/VP/status/831589695926722560"
"Surprised these students as they explored the roots of our nation's government on a tour of our historic U.S. Capitâ€¦ https://t.co/v0vQ1O7PTc","http://web.archive.org/save/https://twitter.com/VP/status/831589695926722560"
"RT @WhiteHouse: Join us LIVE as @VP Pence participates in the swearing-in of Secretary of Veterans Affairs, Dr. David Shulkin: https://t.coâ€¦","http://web.archive.org/save/http://twitter.com/VP/status/831592344570957824"
"RT @WhiteHouse: Join us LIVE as @VP Pence participates in the swearing-in of Secretary of Veterans Affairs, Dr. David Shulkin: https://t.coâ€¦","http://web.archive.org/save/https://twitter.com/VP/status/831592344570957824"
"RT @WhiteHouse: And watch LIVE as @VP Pence participates in the swearing-in of @SBAgov Administrator, @Linda_McMahon: https://t.co/zYYnIQNcâ€¦","http://web.archive.org/save/http://twitter.com/VP/status/831604854732759041"
"RT @WhiteHouse: And watch LIVE as @VP Pence participates in the swearing-in of @SBAgov Administrator, @Linda_McMahon: https://t.co/zYYnIQNcâ€¦","http://web.archive.org/save/https://twitter.com/VP/status/831604854732759041"
"Few duties of the fed government are as important as caring for our American heroes. David Shulkin will leadâ€¦ https://t.co/GbDv16suBp","http://web.archive.org/save/http://twitter.com/VP/status/831635651183394818"
"Few duties of the fed government are as important as caring for our American heroes. David Shulkin will leadâ€¦ https://t.co/GbDv16suBp","http://web.archive.org/save/https://twitter.com/VP/status/831635651183394818"
".@Linda_McMahon worked hard to turn her small business into an American success story. Now, she'll lead @SBAgov andâ€¦ https://t.co/D8SfeFQIch","http://web.archive.org/save/http://twitter.com/VP/status/831638504685916161"
".@Linda_McMahon worked hard to turn her small business into an American success story. Now, she'll lead @SBAgov andâ€¦ https://t.co/D8SfeFQIch","http://web.archive.org/save/https://twitter.com/VP/status/831638504685916161"
"Enjoyed visiting with my friend @GovChristie at the @WhiteHouse today. Looking forward to Chris and fellow governorâ€¦ https://t.co/BxSLkmHeN1","http://web.archive.org/save/http://twitter.com/VP/status/831649940942254080"
"Enjoyed visiting with my friend @GovChristie at the @WhiteHouse today. Looking forward to Chris and fellow governorâ€¦ https://t.co/BxSLkmHeN1","http://web.archive.org/save/https://twitter.com/VP/status/831649940942254080"
"As @DeptVetAffairs Secretary, Dr. David Shulkin will fulfill our nation's promise to care for those who have sacrifâ€¦ https://t.co/9z3OTTTmRE","http://web.archive.org/save/http://twitter.com/VP/status/831656834356375553"
"As @DeptVetAffairs Secretary, Dr. David Shulkin will fulfill our nation's promise to care for those who have sacrifâ€¦ https://t.co/9z3OTTTmRE","http://web.archive.org/save/https://twitter.com/VP/status/831656834356375553"
"Small business is at the heart of the American success story, &amp; @Linda_McMahon knows this better than most. No oneâ€¦ https://t.co/4UGbU8t4n8","http://web.archive.org/save/http://twitter.com/VP/status/831657348347416578"
"Small business is at the heart of the American success story, &amp; @Linda_McMahon knows this better than most. No oneâ€¦ https://t.co/4UGbU8t4n8","http://web.archive.org/save/https://twitter.com/VP/status/831657348347416578"
"Great discussion led by @POTUS w/ @RILAtweets on encouraging job creation &amp; economic growth through tax relief forâ€¦ https://t.co/LOQ4LNN8Fq","http://web.archive.org/save/http://twitter.com/VP/status/831901290628268032"
"Great discussion led by @POTUS w/ @RILAtweets on encouraging job creation &amp; economic growth through tax relief forâ€¦ https://t.co/LOQ4LNN8Fq","http://web.archive.org/save/https://twitter.com/VP/status/831901290628268032"
"America stands in solidarity with Israel, our cherished ally. Proud to join POTUS in welcoming Prime Ministerâ€¦ https://t.co/FNlVXS6TWr","http://web.archive.org/save/http://twitter.com/VP/status/831941212097675266"
"America stands in solidarity with Israel, our cherished ally. Proud to join POTUS in welcoming Prime Ministerâ€¦ https://t.co/FNlVXS6TWr","http://web.archive.org/save/https://twitter.com/VP/status/831941212097675266"
"As @POTUS made clear, we are committed to working with Israel and our common allies in the region toward greater seâ€¦ https://t.co/3Nil9YWgSW","http://web.archive.org/save/http://twitter.com/VP/status/832004053475454976"
"As @POTUS made clear, we are committed to working with Israel and our common allies in the region toward greater seâ€¦ https://t.co/3Nil9YWgSW","http://web.archive.org/save/https://twitter.com/VP/status/832004053475454976"
"RT @realDonaldTrump: Venezuela should allow Leopoldo Lopez, a political prisoner &amp; husband of @liliantintori (just met w/ @marcorubio) outâ€¦","http://web.archive.org/save/http://twitter.com/VP/status/832036935652765700"
"RT @realDonaldTrump: Venezuela should allow Leopoldo Lopez, a political prisoner &amp; husband of @liliantintori (just met w/ @marcorubio) outâ€¦","http://web.archive.org/save/https://twitter.com/VP/status/832036935652765700"
"Honored to host Prime Minister Benjamin @Netanyahu for breakfast at VP Residence this am. Under @POTUS Trump, the Uâ€¦ https://t.co/0UFoCYWjjV","http://web.archive.org/save/http://twitter.com/VP/status/832220528945537025"
"Honored to host Prime Minister Benjamin @Netanyahu for breakfast at VP Residence this am. Under @POTUS Trump, the Uâ€¦ https://t.co/0UFoCYWjjV","http://web.archive.org/save/https://twitter.com/VP/status/832220528945537025"
"At this historic juncture in history, @POTUS &amp; I look forward to joining forces with our partners in Congress to reâ€¦ https://t.co/piW2vzR4uv","http://web.archive.org/save/http://twitter.com/VP/status/832318819439869953"
"At this historic juncture in history, @POTUS &amp; I look forward to joining forces with our partners in Congress to reâ€¦ https://t.co/piW2vzR4uv","http://web.archive.org/save/https://twitter.com/VP/status/832318819439869953"
"RT @netanyahu: An excellent meeting with @VP Mike Pence â€“ a true friend of Israel! https://t.co/XMp2gVOOD2","http://web.archive.org/save/http://twitter.com/VP/status/832350030333882368"
"RT @netanyahu: An excellent meeting with @VP Mike Pence â€“ a true friend of Israel! https://t.co/XMp2gVOOD2","http://web.archive.org/save/https://twitter.com/VP/status/832350030333882368"
