"After giving remarks at U.S. Embassy in #Paris earlier today, @flotus &amp; @POTUS greeted employees &amp; their families. https://t.co/By6F1xLTbn","http://web.archive.org/*/https://twitter.com/StephGrisham45/status/885528311077765124"
"After giving remarks at U.S. Embassy in #Paris earlier today, @flotus &amp; @POTUS greeted employees &amp; their families. https://t.co/By6F1xLTbn","http://web.archive.org/*/http://twitter.com/StephGrisham45/status/885528311077765124"
"After meeting w @Pontifex at Vatican City, @flotus had very special visit w children @bambinogesu children's hospit‚Ä¶ https://t.co/JP5nEo8tyh","http://web.archive.org/*/https://twitter.com/StephGrisham45/status/867388953967689731"
"After meeting w @Pontifex at Vatican City, @flotus had very special visit w children @bambinogesu children's hospit‚Ä¶ https://t.co/JP5nEo8tyh","http://web.archive.org/*/http://twitter.com/StephGrisham45/status/867388953967689731"
"After visiting w a little boy in need of heart transplant at @bambinogesu in Rome this AM, @flotus has learned they‚Ä¶ https://t.co/jwn5f82A6V","http://web.archive.org/*/https://twitter.com/StephGrisham45/status/867467630961184768"
"After visiting w a little boy in need of heart transplant at @bambinogesu in Rome this AM, @flotus has learned they‚Ä¶ https://t.co/jwn5f82A6V","http://web.archive.org/*/http://twitter.com/StephGrisham45/status/867467630961184768"
"After visit to @GE_Saudi all-women's business center today, @FLOTUS stopped by local #Riyadh craft bazaar to see so‚Ä¶ https://t.co/6o5IGPzWJ2","http://web.archive.org/*/https://twitter.com/StephGrisham45/status/866257678053584896"
"After visit to @GE_Saudi all-women's business center today, @FLOTUS stopped by local #Riyadh craft bazaar to see so‚Ä¶ https://t.co/6o5IGPzWJ2","http://web.archive.org/*/http://twitter.com/StephGrisham45/status/866257678053584896"
"As always, @flotus gets big smiles from the kiddos she visits. Great visit to Necker Hospital in #Paris, #France. https://t.co/ziHuMRShI9","http://web.archive.org/*/https://twitter.com/StephGrisham45/status/885456460091723776"
"As always, @flotus gets big smiles from the kiddos she visits. Great visit to Necker Hospital in #Paris, #France. https://t.co/ziHuMRShI9","http://web.archive.org/*/http://twitter.com/StephGrisham45/status/885456460091723776"
"Behind-the-scenes Garden tour on the South Lawn of @WhiteHouse today. This tree is oldest on grounds. More than 200‚Ä¶ https://t.co/SUBvaWakZT","http://web.archive.org/*/https://twitter.com/StephGrisham45/status/855070529849634817"
"Behind-the-scenes Garden tour on the South Lawn of @WhiteHouse today. This tree is oldest on grounds. More than 200‚Ä¶ https://t.co/SUBvaWakZT","http://web.archive.org/*/http://twitter.com/StephGrisham45/status/855070529849634817"
"Doing a walk-thru for tomorrow's @WhiteHouse Easter egg roll....sneak peek of the pic frame photo op!‚Ä¶ https://t.co/0XSBPVdZ0R","http://web.archive.org/*/https://twitter.com/StephGrisham45/status/853753081313583104"
"Doing a walk-thru for tomorrow's @WhiteHouse Easter egg roll....sneak peek of the pic frame photo op!‚Ä¶ https://t.co/0XSBPVdZ0R","http://web.archive.org/*/http://twitter.com/StephGrisham45/status/853753081313583104"
"East wing tours at @WhiteHouse now include the movie theater! https://t.co/lSjDdxg3Z9","http://web.archive.org/*/https://twitter.com/StephGrisham45/status/863065508014432256"
"East wing tours at @WhiteHouse now include the movie theater! https://t.co/lSjDdxg3Z9","http://web.archive.org/*/http://twitter.com/StephGrisham45/status/863065508014432256"
"Everyone is hard at work getting ready for tonight's Congressional ""picnic in the park"" on the south lawn‚Ä¶ https://t.co/7o6NxR0jMo","http://web.archive.org/*/https://twitter.com/StephGrisham45/status/877962152530804737"
"Everyone is hard at work getting ready for tonight's Congressional ""picnic in the park"" on the south lawn‚Ä¶ https://t.co/7o6NxR0jMo","http://web.archive.org/*/http://twitter.com/StephGrisham45/status/877962152530804737"
"#Family https://t.co/iybGPkr7Bx","http://web.archive.org/*/https://twitter.com/StephGrisham45/status/881292094924611585"
"#Family https://t.co/iybGPkr7Bx","http://web.archive.org/*/http://twitter.com/StephGrisham45/status/881292094924611585"
#fbf #MAGA https://t.co/UX9gdBDCwT","http://web.archive.org/*/https://twitter.com/StephGrisham45/status/847922128867528704"
#fbf #MAGA https://t.co/UX9gdBDCwT","http://web.archive.org/*/http://twitter.com/StephGrisham45/status/847922128867528704"
"Final day in #Hamburg  @FLOTUS participated in spousal program &amp; working luncheon re women's empowerment. Also joined husband @POTUS in mtg.","http://web.archive.org/*/https://twitter.com/StephGrisham45/status/883684422901522436"
"Final day in #Hamburg  @FLOTUS participated in spousal program &amp; working luncheon re women's empowerment. Also joined husband @POTUS in mtg.","http://web.archive.org/*/http://twitter.com/StephGrisham45/status/883684422901522436"
"First Lady Melania Trump's official @WhiteHouse portrait released today! https://t.co/cC5sBvS3XO @FLOTUS @MELANIATRUMP #FirstLady","http://web.archive.org/*/https://twitter.com/StephGrisham45/status/848925936410132480"
"First Lady Melania Trump's official @WhiteHouse portrait released today! https://t.co/cC5sBvS3XO @FLOTUS @MELANIATRUMP #FirstLady","http://web.archive.org/*/http://twitter.com/StephGrisham45/status/848925936410132480"
"First up on @FLOTUS schedule today was a visit to school here in #Riyadh. She met with several classrooms &amp; enjoyed‚Ä¶ https://t.co/WNUSsXYWWq","http://web.archive.org/*/https://twitter.com/StephGrisham45/status/866212533094502401"
"First up on @FLOTUS schedule today was a visit to school here in #Riyadh. She met with several classrooms &amp; enjoyed‚Ä¶ https://t.co/WNUSsXYWWq","http://web.archive.org/*/http://twitter.com/StephGrisham45/status/866212533094502401"
".@FLOTUS &amp; @POTUS are attending church services at Bethesda-by-the-Sea in Palm Beach today, followed by family brunch! Happy Easter to all!","http://web.archive.org/*/https://twitter.com/StephGrisham45/status/853631018284310529"
".@FLOTUS &amp; @POTUS are attending church services at Bethesda-by-the-Sea in Palm Beach today, followed by family brunch! Happy Easter to all!","http://web.archive.org/*/http://twitter.com/StephGrisham45/status/853631018284310529"
".@FLOTUS at tonight's Ohio rally w @POTUS: ""Washington has fought him every step of the way but I know my husband &amp; he will never give up.""","http://web.archive.org/*/https://twitter.com/StephGrisham45/status/889988408130625536"
".@FLOTUS at tonight's Ohio rally w @POTUS: ""Washington has fought him every step of the way but I know my husband &amp; he will never give up.""","http://web.archive.org/*/http://twitter.com/StephGrisham45/status/889988408130625536"
".@FLOTUS gives remarks &amp; introduces her husband @potus at U.S. Embassy meet &amp; greet. üá∫üá∏ https://t.co/lNhVfHOteX","http://web.archive.org/*/https://twitter.com/StephGrisham45/status/885446503963275264"
".@FLOTUS gives remarks &amp; introduces her husband @potus at U.S. Embassy meet &amp; greet. üá∫üá∏ https://t.co/lNhVfHOteX","http://web.archive.org/*/http://twitter.com/StephGrisham45/status/885446503963275264"
".@FLOTUS hosting China's First Lady Peng Liyuan today. The ladies visited Bak Middle School of the Arts. Amazing &amp;‚Ä¶ https://t.co/tNJoxBOvBI","http://web.archive.org/*/https://twitter.com/StephGrisham45/status/850377063966146566"
".@FLOTUS hosting China's First Lady Peng Liyuan today. The ladies visited Bak Middle School of the Arts. Amazing &amp;‚Ä¶ https://t.co/tNJoxBOvBI","http://web.archive.org/*/http://twitter.com/StephGrisham45/status/850377063966146566"
".@FLOTUS just arrived to Catania to participate in the spouse program w G7 Summit! Such a warm welcome for the üá∫üá∏First Lady!!","http://web.archive.org/*/https://twitter.com/StephGrisham45/status/868080396004675585"
".@FLOTUS just arrived to Catania to participate in the spouse program w G7 Summit! Such a warm welcome for the üá∫üá∏First Lady!!","http://web.archive.org/*/http://twitter.com/StephGrisham45/status/868080396004675585"
".@FLOTUS just concluded a very busy day in #Paris. Looking forward to #BastilleDay parade tomorrow. Bonne Nuit! https://t.co/9mP6JUMy92","http://web.archive.org/*/https://twitter.com/StephGrisham45/status/885624530672267264"
".@FLOTUS just concluded a very busy day in #Paris. Looking forward to #BastilleDay parade tomorrow. Bonne Nuit! https://t.co/9mP6JUMy92","http://web.archive.org/*/http://twitter.com/StephGrisham45/status/885624530672267264"
".@flotus just wrapping tea with Polish First Lady Agata Kornhauser-Duda. Excellent discussion.","http://web.archive.org/*/https://twitter.com/StephGrisham45/status/882888696101568512"
".@flotus just wrapping tea with Polish First Lady Agata Kornhauser-Duda. Excellent discussion.","http://web.archive.org/*/http://twitter.com/StephGrisham45/status/882888696101568512"
".@FLOTUS takes her role very seriously at home &amp; abroad! üá∫üá∏ #USA AS https://t.co/eIRyrBEfvJ","http://web.archive.org/*/https://twitter.com/StephGrisham45/status/866972814628093953"
".@FLOTUS takes her role very seriously at home &amp; abroad! üá∫üá∏ #USA AS https://t.co/eIRyrBEfvJ","http://web.archive.org/*/http://twitter.com/StephGrisham45/status/866972814628093953"
".@FLOTUS to lead the U.S. delegation to the 2017 @WeAreInvictus Games in #Toronto #Canada https://t.co/uOscRUtB4T","http://web.archive.org/*/https://twitter.com/StephGrisham45/status/890559972504981504"
".@FLOTUS to lead the U.S. delegation to the 2017 @WeAreInvictus Games in #Toronto #Canada https://t.co/uOscRUtB4T","http://web.archive.org/*/http://twitter.com/StephGrisham45/status/890559972504981504"
".@FLOTUS to lead the U.S. delegation to @WeAreInvictus Games in #Toronto #Canada in Sept! https://t.co/gPmjV3kWdu","http://web.archive.org/*/https://twitter.com/StephGrisham45/status/890565958779244546"
".@FLOTUS to lead the U.S. delegation to @WeAreInvictus Games in #Toronto #Canada in Sept! https://t.co/gPmjV3kWdu","http://web.archive.org/*/http://twitter.com/StephGrisham45/status/890565958779244546"
"""For all the noise &amp; all the fury, we are one family."" @SpeakerRyan","http://web.archive.org/*/https://twitter.com/StephGrisham45/status/875026120776830977"
"""For all the noise &amp; all the fury, we are one family."" @SpeakerRyan","http://web.archive.org/*/http://twitter.com/StephGrisham45/status/875026120776830977"
From East Wing to West Wing  
"FUN FACT: @FLOTUS Melania Trump is 1st First Lady to attend SCOTUS investiture since 1981. Nancy Reagan attended for Sandra Day O'Connor.","http://web.archive.org/*/https://twitter.com/StephGrisham45/status/875413233288589312"
"FUN FACT: @FLOTUS Melania Trump is 1st First Lady to attend SCOTUS investiture since 1981. Nancy Reagan attended for Sandra Day O'Connor.","http://web.archive.org/*/http://twitter.com/StephGrisham45/status/875413233288589312"
"Gates are about to open for 2017 Easter egg roll at @WhiteHouse! Tweet your fam pics to me so we can share!‚Ä¶ https://t.co/HT1OvmAj2e","http://web.archive.org/*/https://twitter.com/StephGrisham45/status/853933117954023425"
"Gates are about to open for 2017 Easter egg roll at @WhiteHouse! Tweet your fam pics to me so we can share!‚Ä¶ https://t.co/HT1OvmAj2e","http://web.archive.org/*/http://twitter.com/StephGrisham45/status/853933117954023425"
"Great evening at @WhiteHouse with @POTUS &amp; @FLOTUS hosting another bipartisan event! üá∫üá∏#PicnicInThePark https://t.co/oWsLqAA6C0","http://web.archive.org/*/https://twitter.com/StephGrisham45/status/879102847132020737"
"Great evening at @WhiteHouse with @POTUS &amp; @FLOTUS hosting another bipartisan event! üá∫üá∏#PicnicInThePark https://t.co/oWsLqAA6C0","http://web.archive.org/*/http://twitter.com/StephGrisham45/status/879102847132020737"
"Great event honoring some of our nation's heroes today at the @WhiteHouse! Hosted by @POTUS @FLOTUS @VP @SecondLady https://t.co/lBIDQCWMxv","http://web.archive.org/*/https://twitter.com/StephGrisham45/status/850047289859203074"
"Great event honoring some of our nation's heroes today at the @WhiteHouse! Hosted by @POTUS @FLOTUS @VP @SecondLady https://t.co/lBIDQCWMxv","http://web.archive.org/*/http://twitter.com/StephGrisham45/status/850047289859203074"
"Happening now: .@flotus visiting patients at Necker Hospital in #Paris, #France.","http://web.archive.org/*/https://twitter.com/StephGrisham45/status/885404799407140864"
"Happening now: .@flotus visiting patients at Necker Hospital in #Paris, #France.","http://web.archive.org/*/http://twitter.com/StephGrisham45/status/885404799407140864"
"Happening now: @PressSec talking w @greta about life at the @WhiteHouse - thank you to the @Newseum for hosting! https://t.co/m19H9n9Nl8","http://web.archive.org/*/https://twitter.com/StephGrisham45/status/852149552241135616"
"Happening now: @PressSec talking w @greta about life at the @WhiteHouse - thank you to the @Newseum for hosting! https://t.co/m19H9n9Nl8","http://web.archive.org/*/http://twitter.com/StephGrisham45/status/852149552241135616"
"#Happy4th everyone! https://t.co/rECUXtagRu","http://web.archive.org/*/https://twitter.com/StephGrisham45/status/882243861501837312"
"#Happy4th everyone! https://t.co/rECUXtagRu","http://web.archive.org/*/http://twitter.com/StephGrisham45/status/882243861501837312"
"Happy #BastilleDay! @FLOTUS &amp; @POTUS just arrived w U.S. Delegation to view the parade! https://t.co/PHBA2l4zC0","http://web.archive.org/*/https://twitter.com/StephGrisham45/status/885774759241408512"
"Happy #BastilleDay! @FLOTUS &amp; @POTUS just arrived w U.S. Delegation to view the parade! https://t.co/PHBA2l4zC0","http://web.archive.org/*/http://twitter.com/StephGrisham45/status/885774759241408512"
"Happy #MothersDay!! https://t.co/SXnYp0I7wv","http://web.archive.org/*/https://twitter.com/StephGrisham45/status/863782949216538624"
"Happy #MothersDay!! https://t.co/SXnYp0I7wv","http://web.archive.org/*/http://twitter.com/StephGrisham45/status/863782949216538624"
https://t.co/1Xpza0sa7B","http://web.archive.org/*/https://twitter.com/StephGrisham45/status/867690102344077312"
https://t.co/1Xpza0sa7B","http://web.archive.org/*/http://twitter.com/StephGrisham45/status/867690102344077312"
https://t.co/oETLTY5jIf from @KateBennett_DC","http://web.archive.org/*/https://twitter.com/StephGrisham45/status/890568607457038337"
https://t.co/oETLTY5jIf from @KateBennett_DC","http://web.archive.org/*/http://twitter.com/StephGrisham45/status/890568607457038337"
https://t.co/rYYp51mxDQ https://t.co/np7KYHglSv","http://web.archive.org/*/https://twitter.com/StephGrisham45/status/857247507960799232"
https://t.co/rYYp51mxDQ https://t.co/np7KYHglSv","http://web.archive.org/*/http://twitter.com/StephGrisham45/status/857247507960799232"
"ICYMI: @FLOTUS favorability ratings surge in new poll. https://t.co/rV0pO2zLAo","http://web.archive.org/*/https://twitter.com/StephGrisham45/status/883626988900057089"
"ICYMI: @FLOTUS favorability ratings surge in new poll. https://t.co/rV0pO2zLAo","http://web.archive.org/*/http://twitter.com/StephGrisham45/status/883626988900057089"
"If you are in DC, I encourage you to stop by @WhiteHouse to see! It's beautiful. Thank you to those who keep us saf‚Ä¶ https://t.co/kOIdkHIaS0","http://web.archive.org/*/https://twitter.com/StephGrisham45/status/864287546074943492"
"If you are in DC, I encourage you to stop by @WhiteHouse to see! It's beautiful. Thank you to those who keep us saf‚Ä¶ https://t.co/kOIdkHIaS0","http://web.archive.org/*/http://twitter.com/StephGrisham45/status/864287546074943492"
"""I'm here to support you and help you. I want to encourage you, and do whatever I can to help you achieve your drea‚Ä¶ https://t.co/gREStMtJ3I","http://web.archive.org/*/https://twitter.com/StephGrisham45/status/852957717765468163"
"""I'm here to support you and help you. I want to encourage you, and do whatever I can to help you achieve your drea‚Ä¶ https://t.co/gREStMtJ3I","http://web.archive.org/*/http://twitter.com/StephGrisham45/status/852957717765468163"
"It's official! @FLOTUS &amp; Barron have made the move to DC! #WelcomeHome https://t.co/P2QgN1iFi5","http://web.archive.org/*/https://twitter.com/StephGrisham45/status/874061783853608965"
"It's official! @FLOTUS &amp; Barron have made the move to DC! #WelcomeHome https://t.co/P2QgN1iFi5","http://web.archive.org/*/http://twitter.com/StephGrisham45/status/874061783853608965"
"I've been around since July 11, 2015. https://t.co/sHZyqwgIPL","http://web.archive.org/*/https://twitter.com/StephGrisham45/status/891486650206957568"
"I've been around since July 11, 2015. https://t.co/sHZyqwgIPL","http://web.archive.org/*/http://twitter.com/StephGrisham45/status/891486650206957568"
"Job perk: listening to military band playing on south lawn before POTUS welcomes @Patriots to the @WhiteHouse","http://web.archive.org/*/https://twitter.com/StephGrisham45/status/854748448041598980"
"Job perk: listening to military band playing on south lawn before POTUS welcomes @Patriots to the @WhiteHouse","http://web.archive.org/*/http://twitter.com/StephGrisham45/status/854748448041598980"
"@JoeLefty66 @CNN The @flotus is actually leading the US delegation to support the hero athletes competing in the 3r‚Ä¶ https://t.co/agCuzn26bV","http://web.archive.org/*/https://twitter.com/StephGrisham45/status/891096757353971713"
"@JoeLefty66 @CNN The @flotus is actually leading the US delegation to support the hero athletes competing in the 3r‚Ä¶ https://t.co/agCuzn26bV","http://web.archive.org/*/http://twitter.com/StephGrisham45/status/891096757353971713"
"@joyousgarratt Thank you so much Joy. Much appreciated. üá∫üá∏","http://web.archive.org/*/https://twitter.com/StephGrisham45/status/876453937423011841"
"@joyousgarratt Thank you so much Joy. Much appreciated. üá∫üá∏","http://web.archive.org/*/http://twitter.com/StephGrisham45/status/876453937423011841"
"Looks like quite the welcome for @POTUS &amp; @flotus in #TelAviv!! https://t.co/PMhoJ8ElW9","http://web.archive.org/*/https://twitter.com/StephGrisham45/status/866587145397514240"
"Looks like quite the welcome for @POTUS &amp; @flotus in #TelAviv!! https://t.co/PMhoJ8ElW9","http://web.archive.org/*/http://twitter.com/StephGrisham45/status/866587145397514240"
"Lots of press interest for @Flotus visit to Copernicus Science Center in Warsaw, Poland. #FLOTUSAbroad https://t.co/fkiHLPuhmW","http://web.archive.org/*/https://twitter.com/StephGrisham45/status/882899849674452993"
"Lots of press interest for @Flotus visit to Copernicus Science Center in Warsaw, Poland. #FLOTUSAbroad https://t.co/fkiHLPuhmW","http://web.archive.org/*/http://twitter.com/StephGrisham45/status/882899849674452993"
"Marine One has arrived - @POTUS &amp; @FLOTUS embark on their first International trip! Wheels up! üá∫üá∏ https://t.co/lgM2toyHs0","http://web.archive.org/*/https://twitter.com/StephGrisham45/status/865633620630806528"
"Marine One has arrived - @POTUS &amp; @FLOTUS embark on their first International trip! Wheels up! üá∫üá∏ https://t.co/lgM2toyHs0","http://web.archive.org/*/http://twitter.com/StephGrisham45/status/865633620630806528"
"@MatthewNussbaum I think if you talk to campaign embeds, or folks on AF1 on Easter Sunday, they can tell you about‚Ä¶ https://t.co/Fsg6T7EZcs","http://web.archive.org/*/https://twitter.com/StephGrisham45/status/891509968771440640"
"@MatthewNussbaum I think if you talk to campaign embeds, or folks on AF1 on Easter Sunday, they can tell you about‚Ä¶ https://t.co/Fsg6T7EZcs","http://web.archive.org/*/http://twitter.com/StephGrisham45/status/891509968771440640"
"Morning shows setting up for this years @WhiteHouse Easter egg roll! Rain or shine it will be great. #EasterEggRoll https://t.co/DuMOQpjYIm","http://web.archive.org/*/https://twitter.com/StephGrisham45/status/853907466010189825"
"Morning shows setting up for this years @WhiteHouse Easter egg roll! Rain or shine it will be great. #EasterEggRoll https://t.co/DuMOQpjYIm","http://web.archive.org/*/http://twitter.com/StephGrisham45/status/853907466010189825"
"My new fav flower blooming on the South lawn of @WhiteHouse - take a moment to enjoy something beautiful today. üåª https://t.co/flvfeTzImo","http://web.archive.org/*/https://twitter.com/StephGrisham45/status/864558476198109184"
"My new fav flower blooming on the South lawn of @WhiteHouse - take a moment to enjoy something beautiful today. üåª https://t.co/flvfeTzImo","http://web.archive.org/*/http://twitter.com/StephGrisham45/status/864558476198109184"
"Not a dry eye in the place (me included!) when U.S. Army chorus sang ""Wind Beneath My Wings"" at @WhiteHouse event h‚Ä¶ https://t.co/CANJTr1aCG","http://web.archive.org/*/https://twitter.com/StephGrisham45/status/863104933012393984"
"Not a dry eye in the place (me included!) when U.S. Army chorus sang ""Wind Beneath My Wings"" at @WhiteHouse event h‚Ä¶ https://t.co/CANJTr1aCG","http://web.archive.org/*/http://twitter.com/StephGrisham45/status/863104933012393984"
"@NStrom45 @WhiteHouse allium!","http://web.archive.org/*/https://twitter.com/StephGrisham45/status/864563296501977088"
"@NStrom45 @WhiteHouse allium!","http://web.archive.org/*/http://twitter.com/StephGrisham45/status/864563296501977088"
"On her final day in #Warsaw, @FLOTUS is participating in spousal program &amp; a working luncheon around women's empowerment. #G20","http://web.archive.org/*/https://twitter.com/StephGrisham45/status/883659211447697410"
"On her final day in #Warsaw, @FLOTUS is participating in spousal program &amp; a working luncheon around women's empowerment. #G20","http://web.archive.org/*/http://twitter.com/StephGrisham45/status/883659211447697410"
"Our entire administration appreciates all you do to keep us safe! Thank you @SecretService https://t.co/q8gnXkjDOF","http://web.archive.org/*/https://twitter.com/StephGrisham45/status/882865500421844992"
"Our entire administration appreciates all you do to keep us safe! Thank you @SecretService https://t.co/q8gnXkjDOF","http://web.archive.org/*/http://twitter.com/StephGrisham45/status/882865500421844992"
"People headed to the south lawn for this year's #EasterEggRoll - welcome to @WhiteHouse! https://t.co/7t0ltDV6NY","http://web.archive.org/*/https://twitter.com/StephGrisham45/status/853940364461342720"
"People headed to the south lawn for this year's #EasterEggRoll - welcome to @WhiteHouse! https://t.co/7t0ltDV6NY","http://web.archive.org/*/http://twitter.com/StephGrisham45/status/853940364461342720"
".@potus &amp; @FLOTUS about to head home. Thank you to our host countries of #Poland &amp; #Germany for the gracious hospitality! #WheelsUpüá∫üá∏","http://web.archive.org/*/https://twitter.com/StephGrisham45/status/883717607475564545"
".@potus &amp; @FLOTUS about to head home. Thank you to our host countries of #Poland &amp; #Germany for the gracious hospitality! #WheelsUpüá∫üá∏","http://web.archive.org/*/http://twitter.com/StephGrisham45/status/883717607475564545"
".@POTUS &amp; @FLOTUS have arrived in Warsaw, Poland! https://t.co/Tv1SPODogS","http://web.archive.org/*/https://twitter.com/StephGrisham45/status/882698180294565889"
".@POTUS &amp; @FLOTUS have arrived in Warsaw, Poland! https://t.co/Tv1SPODogS","http://web.archive.org/*/http://twitter.com/StephGrisham45/status/882698180294565889"
".@POTUS &amp; @flotus have landed in #Italy!!! https://t.co/EtjPWYM5De","http://web.archive.org/*/https://twitter.com/StephGrisham45/status/867852318326358016"
".@POTUS &amp; @flotus have landed in #Italy!!! https://t.co/EtjPWYM5De","http://web.archive.org/*/http://twitter.com/StephGrisham45/status/867852318326358016"
".@potus &amp; @FLOTUS have landed in #Rome!","http://web.archive.org/*/https://twitter.com/StephGrisham45/status/867059027578155009"
".@potus &amp; @FLOTUS have landed in #Rome!","http://web.archive.org/*/http://twitter.com/StephGrisham45/status/867059027578155009"
".@POTUS &amp; @FLOTUS offer their condolences to the family of Otto Warmbier. https://t.co/oRh1pmRpGG","http://web.archive.org/*/https://twitter.com/StephGrisham45/status/876921092962648064"
".@POTUS &amp; @FLOTUS offer their condolences to the family of Otto Warmbier. https://t.co/oRh1pmRpGG","http://web.archive.org/*/http://twitter.com/StephGrisham45/status/876921092962648064"
".@POTUS &amp; @FLOTUS were greeted by beautiful sunset upon return home to #USA. Now headed back to @WhiteHouse after a‚Ä¶ https://t.co/Z0Elaf2Tx2","http://web.archive.org/*/https://twitter.com/StephGrisham45/status/868635880658960385"
".@POTUS &amp; @FLOTUS were greeted by beautiful sunset upon return home to #USA. Now headed back to @WhiteHouse after a‚Ä¶ https://t.co/Z0Elaf2Tx2","http://web.archive.org/*/http://twitter.com/StephGrisham45/status/868635880658960385"
".@PressSec reading to a crowd in the #EasterEggRoll reading nook. A kiddo from the crowd is giving him a hand.‚Ä¶ https://t.co/rFx26V2siJ","http://web.archive.org/*/https://twitter.com/StephGrisham45/status/853945728594583553"
".@PressSec reading to a crowd in the #EasterEggRoll reading nook. A kiddo from the crowd is giving him a hand.‚Ä¶ https://t.co/rFx26V2siJ","http://web.archive.org/*/http://twitter.com/StephGrisham45/status/853945728594583553"
"RT @ABCPolitics: First Lady Melania Trump to lead U.S. delegation in support of 90 American athletes competing in the 2017 Invictus‚Ä¶ ","http://web.archive.org/*/https://twitter.com/StephGrisham45/status/890567648316190720"
"RT @ABCPolitics: First Lady Melania Trump to lead U.S. delegation in support of 90 American athletes competing in the 2017 Invictus‚Ä¶ ","http://web.archive.org/*/http://twitter.com/StephGrisham45/status/890567648316190720"
"RT @ainsleyearhardt: Wake up to @foxandfriends My exclusive interview w/ @realDonaldTrump @POTUS &amp; @FLOTUS We talk #Comeytapes &amp; her mov‚Ä¶ ","http://web.archive.org/*/https://twitter.com/StephGrisham45/status/878110067442282496"
"RT @ainsleyearhardt: Wake up to @foxandfriends My exclusive interview w/ @realDonaldTrump @POTUS &amp; @FLOTUS We talk #Comeytapes &amp; her mov‚Ä¶ ","http://web.archive.org/*/http://twitter.com/StephGrisham45/status/878110067442282496"
"RT @betsy_klein: Melania Trump announces her first solo trip as First Lady
"RT @betsy_klein: ok here is some good news: Young boy learns of heart donor after @FLOTUS Melania Trump visit
"RT @CNN: First lady Melania Trump will make her first official solo trip to a foreign country in September‚Ä¶ ","http://web.archive.org/*/https://twitter.com/StephGrisham45/status/890570693804527618"
"RT @CNN: First lady Melania Trump will make her first official solo trip to a foreign country in September‚Ä¶ ","http://web.archive.org/*/http://twitter.com/StephGrisham45/status/890570693804527618"
"RT @CSims45: .@FLOTUS embraces a young  hospital patient during today's visit to the Necker-Enfants Malades Hospital in Paris.‚Ä¶ ","http://web.archive.org/*/https://twitter.com/StephGrisham45/status/885557939955785729"
"RT @CSims45: .@FLOTUS embraces a young  hospital patient during today's visit to the Necker-Enfants Malades Hospital in Paris.‚Ä¶ ","http://web.archive.org/*/http://twitter.com/StephGrisham45/status/885557939955785729"
"RT @CSims45: #MAGA https://t.co/2PmHm4Db0X","http://web.archive.org/*/https://twitter.com/StephGrisham45/status/875797497364578305"
"RT @CSims45: #MAGA https://t.co/2PmHm4Db0X","http://web.archive.org/*/http://twitter.com/StephGrisham45/status/875797497364578305"
"RT @CSims45: ""Nothing is easier or more pathetic than being a critic... The future belongs to the dreamers, not the critics."" - @POTUS","http://web.archive.org/*/https://twitter.com/StephGrisham45/status/863529666581286914"
"RT @CSims45: ""Nothing is easier or more pathetic than being a critic... The future belongs to the dreamers, not the critics."" - @POTUS","http://web.archive.org/*/http://twitter.com/StephGrisham45/status/863529666581286914"
"RT @CSims45: The first 50 days of the @realDonaldTrump presidency, in photos #MAGA https://t.co/GYJON2C5tt https://t.co/HemGlrs7Ua","http://web.archive.org/*/https://twitter.com/StephGrisham45/status/840985615852294145"
"RT @CSims45: The first 50 days of the @realDonaldTrump presidency, in photos #MAGA https://t.co/GYJON2C5tt https://t.co/HemGlrs7Ua","http://web.archive.org/*/http://twitter.com/StephGrisham45/status/840985615852294145"
"RT @DCist: For the first time, the White House's family theater is part of the East Wing tour. https://t.co/rP4KJZskAB https://t.co/6j8ADUT‚Ä¶","http://web.archive.org/*/https://twitter.com/StephGrisham45/status/863197657090732033"
"RT @DCist: For the first time, the White House's family theater is part of the East Wing tour. https://t.co/rP4KJZskAB https://t.co/6j8ADUT‚Ä¶","http://web.archive.org/*/http://twitter.com/StephGrisham45/status/863197657090732033"
"RT @dsupervilleap: .@FLOTUS to lead US delegation to Invictus Games   https://t.co/7xSesmS01G @WeAreInvictus","http://web.archive.org/*/https://twitter.com/StephGrisham45/status/890642154292338688"
"RT @dsupervilleap: .@FLOTUS to lead US delegation to Invictus Games   https://t.co/7xSesmS01G @WeAreInvictus","http://web.archive.org/*/http://twitter.com/StephGrisham45/status/890642154292338688"
"RT @ExcelAcademyPCS: Our girls were so excited to meet @FLOTUS @QueenRania @BetsyDeVosED It was an honor, thank you. @ExcelAcademyPCS #Exce‚Ä¶","http://web.archive.org/*/https://twitter.com/StephGrisham45/status/849776485816819713"
"RT @ExcelAcademyPCS: Our girls were so excited to meet @FLOTUS @QueenRania @BetsyDeVosED It was an honor, thank you. @ExcelAcademyPCS #Exce‚Ä¶","http://web.archive.org/*/http://twitter.com/StephGrisham45/status/849776485816819713"
"RT @FLOTUS: Enjoyed hosting Mrs. Varela of Panama @WhiteHouse for lunch today. I look forward to working alongside her in the future! https‚Ä¶","http://web.archive.org/*/https://twitter.com/StephGrisham45/status/876906710023065600"
"RT @FLOTUS: Enjoyed hosting Mrs. Varela of Panama @WhiteHouse for lunch today. I look forward to working alongside her in the future! https‚Ä¶","http://web.archive.org/*/http://twitter.com/StephGrisham45/status/876906710023065600"
"RT @FLOTUS: Enjoyed my tour of #Paris on the Seine this afternoon. Thank you to Mrs. Macron for being such a gracious hostess. https://t.co‚Ä¶","http://web.archive.org/*/https://twitter.com/StephGrisham45/status/885623026506756096"
"RT @FLOTUS: Enjoyed my tour of #Paris on the Seine this afternoon. Thank you to Mrs. Macron for being such a gracious hostess. https://t.co‚Ä¶","http://web.archive.org/*/http://twitter.com/StephGrisham45/status/885623026506756096"
"RT @FLOTUS: Happy belated 3rd bday (yesterday) sweet Monty!  Thank you for visiting us at @WhiteHouse today! https://t.co/ZnENYjB7zE","http://web.archive.org/*/https://twitter.com/StephGrisham45/status/879602395185131524"
"RT @FLOTUS: Happy belated 3rd bday (yesterday) sweet Monty!  Thank you for visiting us at @WhiteHouse today! https://t.co/ZnENYjB7zE","http://web.archive.org/*/http://twitter.com/StephGrisham45/status/879602395185131524"
"RT @FLOTUS: Happy Easter! https://t.co/pzJ7ouViDZ","http://web.archive.org/*/https://twitter.com/StephGrisham45/status/853694387615825920"
"RT @FLOTUS: Happy Easter! https://t.co/pzJ7ouViDZ","http://web.archive.org/*/http://twitter.com/StephGrisham45/status/853694387615825920"
"RT @FLOTUS: #HappyFathersDay @POTUS ‚ù§Ô∏è","http://web.archive.org/*/https://twitter.com/StephGrisham45/status/876498738608472064"
"RT @FLOTUS: #HappyFathersDay @POTUS ‚ù§Ô∏è","http://web.archive.org/*/http://twitter.com/StephGrisham45/status/876498738608472064"
"RT @FLOTUS: Happy Mother's Day! https://t.co/y7r4PZiwC5","http://web.archive.org/*/https://twitter.com/StephGrisham45/status/863816989411876865"
"RT @FLOTUS: Happy Mother's Day! https://t.co/y7r4PZiwC5","http://web.archive.org/*/http://twitter.com/StephGrisham45/status/863816989411876865"
"RT @FLOTUS: I enjoyed hosting the mothers of those who serve in the U.S. military.  Thank you to all who sacrifice so much so that we can b‚Ä¶","http://web.archive.org/*/https://twitter.com/StephGrisham45/status/863157913233346562"
"RT @FLOTUS: I enjoyed hosting the mothers of those who serve in the U.S. military.  Thank you to all who sacrifice so much so that we can b‚Ä¶","http://web.archive.org/*/http://twitter.com/StephGrisham45/status/863157913233346562"
"RT @FLOTUS: I was honored to share the stage with the amazing recipients of the IWOC awards! Thank u for your courage &amp; determination! #Wom‚Ä¶","http://web.archive.org/*/https://twitter.com/StephGrisham45/status/847242170931175424"
"RT @FLOTUS: I was honored to share the stage with the amazing recipients of the IWOC awards! Thank u for your courage &amp; determination! #Wom‚Ä¶","http://web.archive.org/*/http://twitter.com/StephGrisham45/status/847242170931175424"
"RT @FLOTUS: Looking forward to hosting the annual Easter Egg Roll at the @WhiteHouse on Monday! https://t.co/nz7vucugx9","http://web.archive.org/*/https://twitter.com/StephGrisham45/status/852970160323428353"
"RT @FLOTUS: Looking forward to hosting the annual Easter Egg Roll at the @WhiteHouse on Monday! https://t.co/nz7vucugx9","http://web.archive.org/*/http://twitter.com/StephGrisham45/status/852970160323428353"
"RT @FLOTUS: Looking forward to this evening's Congressional ""Picnic in the Park"" @Whitehouse ! https://t.co/7gpFxT1Oj8","http://web.archive.org/*/https://twitter.com/StephGrisham45/status/877970474860519424"
"RT @FLOTUS: Looking forward to this evening's Congressional ""Picnic in the Park"" @Whitehouse ! https://t.co/7gpFxT1Oj8","http://web.archive.org/*/http://twitter.com/StephGrisham45/status/877970474860519424"
"RT @FLOTUS: My thoughts and prayers to the families of #Manchester.","http://web.archive.org/*/https://twitter.com/StephGrisham45/status/866926915256336384"
"RT @FLOTUS: My thoughts and prayers to the families of #Manchester.","http://web.archive.org/*/http://twitter.com/StephGrisham45/status/866926915256336384"
"RT @FLOTUS: .POTUS &amp; FLOTUS
"RT @FLOTUS: .@potus &amp; I enjoyed our visits to #Warsaw &amp; #Hamburg. A lot of work was accomplished, friendships made. Headed home‚Ä¶ ","http://web.archive.org/*/https://twitter.com/StephGrisham45/status/883731234865778689"
"RT @FLOTUS: .@potus &amp; I enjoyed our visits to #Warsaw &amp; #Hamburg. A lot of work was accomplished, friendships made. Headed home‚Ä¶ ","http://web.archive.org/*/http://twitter.com/StephGrisham45/status/883731234865778689"
"RT @FLOTUS: .POTUS &amp; I were thrilled to stop by the Women's Empowerment Panel held at the @WhiteHouse today! https://t.co/OuE3DnUKtN","http://web.archive.org/*/https://twitter.com/StephGrisham45/status/847241855783780353"
"RT @FLOTUS: .POTUS &amp; I were thrilled to stop by the Women's Empowerment Panel held at the @WhiteHouse today! https://t.co/OuE3DnUKtN","http://web.archive.org/*/http://twitter.com/StephGrisham45/status/847241855783780353"
"RT @FLOTUS: .@Potus and I celebrated 75th anniversary of Battle of the Coral Sea w/ Australia's Prime Minister Turnbull https://t.co/w0WyYf‚Ä¶","http://web.archive.org/*/https://twitter.com/StephGrisham45/status/860348234056830977"
"RT @FLOTUS: .@Potus and I celebrated 75th anniversary of Battle of the Coral Sea w/ Australia's Prime Minister Turnbull https://t.co/w0WyYf‚Ä¶","http://web.archive.org/*/http://twitter.com/StephGrisham45/status/860348234056830977"
"RT @FLOTUS: .@POTUS and I hosted President Macri &amp; First Lady of Argentina @WhiteHouse today to further the partnership between our countri‚Ä¶","http://web.archive.org/*/https://twitter.com/StephGrisham45/status/857679679712509952"
"RT @FLOTUS: .@POTUS and I hosted President Macri &amp; First Lady of Argentina @WhiteHouse today to further the partnership between our countri‚Ä¶","http://web.archive.org/*/http://twitter.com/StephGrisham45/status/857679679712509952"
"RT @FLOTUS: .@Potus and I visited brave men at Walter Reed Medical Center today. Thank you for your service! https://t.co/AAJbQkeH8h","http://web.archive.org/*/https://twitter.com/StephGrisham45/status/855909071643430917"
"RT @FLOTUS: .@Potus and I visited brave men at Walter Reed Medical Center today. Thank you for your service! https://t.co/AAJbQkeH8h","http://web.archive.org/*/http://twitter.com/StephGrisham45/status/855909071643430917"
"RT @FLOTUS: Thank you for a beautiful welcome to #Riyadh! #SaudiArabia https://t.co/BcrMR0OYSK","http://web.archive.org/*/https://twitter.com/StephGrisham45/status/865933206658441216"
"RT @FLOTUS: Thank you for a beautiful welcome to #Riyadh! #SaudiArabia https://t.co/BcrMR0OYSK","http://web.archive.org/*/http://twitter.com/StephGrisham45/status/865933206658441216"
"RT @FLOTUS: Thank you #Ohio! Great mtg American heroes at AMVETS Post 44 event &amp; thanks to all who came out to support @POTUS a‚Ä¶ ","http://web.archive.org/*/https://twitter.com/StephGrisham45/status/890054700497870850"
"RT @FLOTUS: Thank you #Ohio! Great mtg American heroes at AMVETS Post 44 event &amp; thanks to all who came out to support @POTUS a‚Ä¶ ","http://web.archive.org/*/http://twitter.com/StephGrisham45/status/890054700497870850"
"RT @FLOTUS: Thank you to the first responders who rushed in to help protect those who were hurt in Alexandria, VA. My thoughts &amp; prayers to‚Ä¶","http://web.archive.org/*/https://twitter.com/StephGrisham45/status/874982418113081344"
"RT @FLOTUS: Thank you to the first responders who rushed in to help protect those who were hurt in Alexandria, VA. My thoughts &amp; prayers to‚Ä¶","http://web.archive.org/*/http://twitter.com/StephGrisham45/status/874982418113081344"
"RT @FLOTUS: Thinking of those hurt in #Hamburg protests. Hope everyone stay safe! #G20","http://web.archive.org/*/https://twitter.com/StephGrisham45/status/883279880363929600"
"RT @FLOTUS: Thinking of those hurt in #Hamburg protests. Hope everyone stay safe! #G20","http://web.archive.org/*/http://twitter.com/StephGrisham45/status/883279880363929600"
"RT @FLOTUS: Today let's take time to remember those who have died so we may be free, and thank the brave men &amp; women who serve our country.‚Ä¶","http://web.archive.org/*/https://twitter.com/StephGrisham45/status/869202145157013506"
"RT @FLOTUS: Today let's take time to remember those who have died so we may be free, and thank the brave men &amp; women who serve our country.‚Ä¶","http://web.archive.org/*/http://twitter.com/StephGrisham45/status/869202145157013506"
"RT @FLOTUS: Today's visits to The Church of the Holy Sepulchre &amp; Western Wall w my husband @POTUS were very meaningful for me. Blessings to‚Ä¶","http://web.archive.org/*/https://twitter.com/StephGrisham45/status/866759035432747008"
"RT @FLOTUS: Today's visits to The Church of the Holy Sepulchre &amp; Western Wall w my husband @POTUS were very meaningful for me. Blessings to‚Ä¶","http://web.archive.org/*/http://twitter.com/StephGrisham45/status/866759035432747008"
"RT @FLOTUS: Welcome to the @WhiteHouse Prime Minister Modi! https://t.co/JEAgtlUQcw","http://web.archive.org/*/https://twitter.com/StephGrisham45/status/879468160319193088"
"RT @FLOTUS: Welcome to the @WhiteHouse Prime Minister Modi! https://t.co/JEAgtlUQcw","http://web.archive.org/*/http://twitter.com/StephGrisham45/status/879468160319193088"
"RT @FLOTUS: What a beautiful &amp; special visit to Notre-Dame Cathedral with First Lady Brigitte Macron. Blessings to all. https://t.co/Wa8YGx‚Ä¶","http://web.archive.org/*/https://twitter.com/StephGrisham45/status/885622958999437313"
"RT @FLOTUS: What a beautiful &amp; special visit to Notre-Dame Cathedral with First Lady Brigitte Macron. Blessings to all. https://t.co/Wa8YGx‚Ä¶","http://web.archive.org/*/http://twitter.com/StephGrisham45/status/885622958999437313"
"RT @FoxNews: .@POTUS #MothersDay proclamation: ""An opportunity to...celebrate motherhood as a pillar of our country's stability &amp; success.""‚Ä¶","http://web.archive.org/*/https://twitter.com/StephGrisham45/status/863232430085472257"
"RT @FoxNews: .@POTUS #MothersDay proclamation: ""An opportunity to...celebrate motherhood as a pillar of our country's stability &amp; success.""‚Ä¶","http://web.archive.org/*/http://twitter.com/StephGrisham45/status/863232430085472257"
"RT @FoxNews: .@POTUS told graduates of @LibertyU to ‚Äúnever give up‚Äù and urged them to challenge the status quo. https://t.co/DqKnHJSRnh htt‚Ä¶","http://web.archive.org/*/https://twitter.com/StephGrisham45/status/863501794483335168"
"RT @FoxNews: .@POTUS told graduates of @LibertyU to ‚Äúnever give up‚Äù and urged them to challenge the status quo. https://t.co/DqKnHJSRnh htt‚Ä¶","http://web.archive.org/*/http://twitter.com/StephGrisham45/status/863501794483335168"
"RT @FoxNews: .@SarahHuckabee: ""The media constantly wants to talk about something that doesn't exist instead of something that does."" #Medi‚Ä¶","http://web.archive.org/*/https://twitter.com/StephGrisham45/status/848589563182419968"
"RT @FoxNews: .@SarahHuckabee: ""The media constantly wants to talk about something that doesn't exist instead of something that does."" #Medi‚Ä¶","http://web.archive.org/*/http://twitter.com/StephGrisham45/status/848589563182419968"
"RT @FoxNews: WATCH lighthearted moment: New England @Patriots player @RobGronkowski interrupts @PressSec's White House briefing. https://t.‚Ä¶","http://web.archive.org/*/https://twitter.com/StephGrisham45/status/854738205748469762"
"RT @FoxNews: WATCH lighthearted moment: New England @Patriots player @RobGronkowski interrupts @PressSec's White House briefing. https://t.‚Ä¶","http://web.archive.org/*/http://twitter.com/StephGrisham45/status/854738205748469762"
"RT @haferre45: Easter Bunnies sharing the camera with @alroker at White House #EasterEggRoll https://t.co/EwkCAioFhG","http://web.archive.org/*/https://twitter.com/StephGrisham45/status/853953445635796993"
"RT @haferre45: Easter Bunnies sharing the camera with @alroker at White House #EasterEggRoll https://t.co/EwkCAioFhG","http://web.archive.org/*/http://twitter.com/StephGrisham45/status/853953445635796993"
"RT @JasonMillerinDC: AG Sessions doing a great job of keeping his cool while being continually and rudely interrupted.","http://web.archive.org/*/https://twitter.com/StephGrisham45/status/874732288713658368"
"RT @JasonMillerinDC: AG Sessions doing a great job of keeping his cool while being continually and rudely interrupted.","http://web.archive.org/*/http://twitter.com/StephGrisham45/status/874732288713658368"
"RT @LynnePatton: Compassion &amp; Class. üá∫üá∏ @FLOTUS https://t.co/BiMVOqyLmq","http://web.archive.org/*/https://twitter.com/StephGrisham45/status/869683162300985344"
"RT @LynnePatton: Compassion &amp; Class. üá∫üá∏ @FLOTUS https://t.co/BiMVOqyLmq","http://web.archive.org/*/http://twitter.com/StephGrisham45/status/869683162300985344"
"RT @narendramodi: Thank you @POTUS and @FLOTUS for a most memorable visit to the @WhiteHouse. https://t.co/FZbhNH4wbH","http://web.archive.org/*/https://twitter.com/StephGrisham45/status/879891053452685313"
"RT @narendramodi: Thank you @POTUS and @FLOTUS for a most memorable visit to the @WhiteHouse. https://t.co/FZbhNH4wbH","http://web.archive.org/*/http://twitter.com/StephGrisham45/status/879891053452685313"
"RT @Ninio45: Great to speak with @JimSharpe &amp; @NEWS923 on @AZMorningNews to discuss the disaster of #Obamacare and why we must #RepealandRe‚Ä¶","http://web.archive.org/*/https://twitter.com/StephGrisham45/status/839849232727166977"
"RT @Ninio45: Great to speak with @JimSharpe &amp; @NEWS923 on @AZMorningNews to discuss the disaster of #Obamacare and why we must #RepealandRe‚Ä¶","http://web.archive.org/*/http://twitter.com/StephGrisham45/status/839849232727166977"
"RT @PressSec: Both @POTUS &amp; @VP are aware of the developing situation in Virginia.  Our thoughts and prayers are with all affected.","http://web.archive.org/*/https://twitter.com/StephGrisham45/status/874967749210099712"
"RT @PressSec: Both @POTUS &amp; @VP are aware of the developing situation in Virginia.  Our thoughts and prayers are with all affected.","http://web.archive.org/*/http://twitter.com/StephGrisham45/status/874967749210099712"
"RT @PressSec: Congratulations to @FLOTUS for an amazing 139th @WhiteHouse #EasterEggRoll","http://web.archive.org/*/https://twitter.com/StephGrisham45/status/854119745955803136"
"RT @PressSec: Congratulations to @FLOTUS for an amazing 139th @WhiteHouse #EasterEggRoll","http://web.archive.org/*/http://twitter.com/StephGrisham45/status/854119745955803136"
"RT @PressSec: Great job by @SHSanders45 at the podium today","http://web.archive.org/*/https://twitter.com/StephGrisham45/status/860623079038472196"
"RT @PressSec: Great job by @SHSanders45 at the podium today","http://web.archive.org/*/http://twitter.com/StephGrisham45/status/860623079038472196"
"RT @PressSec: Happy 152nd birthday @SecretService - thank you for your service, sacrifice and all you to keep us safe","http://web.archive.org/*/https://twitter.com/StephGrisham45/status/882633806267723776"
"RT @PressSec: Happy 152nd birthday @SecretService - thank you for your service, sacrifice and all you to keep us safe","http://web.archive.org/*/http://twitter.com/StephGrisham45/status/882633806267723776"
"RT @PressSec: Heads up @PressSec briefing tomorrow is at 12:45pm ET","http://web.archive.org/*/https://twitter.com/StephGrisham45/status/839659039713812480"
"RT @PressSec: Heads up @PressSec briefing tomorrow is at 12:45pm ET","http://web.archive.org/*/http://twitter.com/StephGrisham45/status/839659039713812480"
"RT @PressSec: ICE Chief: Since @POTUS entered office, illegal border crossings have crashed by almost 70%, ""an historic low."" https://t.co/‚Ä¶","http://web.archive.org/*/https://twitter.com/StephGrisham45/status/887426899663884288"
"RT @PressSec: ICE Chief: Since @POTUS entered office, illegal border crossings have crashed by almost 70%, ""an historic low."" https://t.co/‚Ä¶","http://web.archive.org/*/http://twitter.com/StephGrisham45/status/887426899663884288"
"RT @PressSec: It's been an honor &amp; a privilege to serve @POTUS @realDonaldTrump &amp; this amazing country. I will continue my service through‚Ä¶","http://web.archive.org/*/https://twitter.com/StephGrisham45/status/888455871268667392"
"RT @PressSec: It's been an honor &amp; a privilege to serve @POTUS @realDonaldTrump &amp; this amazing country. I will continue my service through‚Ä¶","http://web.archive.org/*/http://twitter.com/StephGrisham45/status/888455871268667392"
"RT @PressSec: .@POTUS is aware of the situation in Manila and being provided updates by his national security team","http://web.archive.org/*/https://twitter.com/StephGrisham45/status/870350418056015872"
"RT @PressSec: .@POTUS is aware of the situation in Manila and being provided updates by his national security team","http://web.archive.org/*/http://twitter.com/StephGrisham45/status/870350418056015872"
"RT @PressSec: .@POTUS will host President Xi Jinping of China at Mar-a-Lago April 6‚Äì7, 2017.","http://web.archive.org/*/https://twitter.com/StephGrisham45/status/847403278115553280"
"RT @PressSec: .@POTUS will host President Xi Jinping of China at Mar-a-Lago April 6‚Äì7, 2017.","http://web.archive.org/*/http://twitter.com/StephGrisham45/status/847403278115553280"
"RT @PressSec: Update:  @PressSec briefing at 1:30pm, @POTUS to sign trade executive orders at 3:30pm","http://web.archive.org/*/https://twitter.com/StephGrisham45/status/847842599650172932"
"RT @PressSec: Update:  @PressSec briefing at 1:30pm, @POTUS to sign trade executive orders at 3:30pm","http://web.archive.org/*/http://twitter.com/StephGrisham45/status/847842599650172932"
"RT @realDonaldTrump: #CongressionalBaseballGame‚öæÔ∏è https://t.co/u8InOJTf6D","http://web.archive.org/*/https://twitter.com/StephGrisham45/status/875505664017281024"
"RT @realDonaldTrump: #CongressionalBaseballGame‚öæÔ∏è https://t.co/u8InOJTf6D","http://web.archive.org/*/http://twitter.com/StephGrisham45/status/875505664017281024"
"RT @realDonaldTrump: HAPPY BIRTHDAY to our @FLOTUS, Melania! 
"RT @realDonaldTrump: On International Women's Day, join me in honoring the critical role of women here in America &amp; around the world.","http://web.archive.org/*/https://twitter.com/StephGrisham45/status/839448374365544449"
"RT @realDonaldTrump: On International Women's Day, join me in honoring the critical role of women here in America &amp; around the world.","http://web.archive.org/*/http://twitter.com/StephGrisham45/status/839448374365544449"
"RT @realDonaldTrump: We traveled the world to strengthen long-standing alliances, and to form new partnerships. See more at: https://t.co/V‚Ä¶","http://web.archive.org/*/https://twitter.com/StephGrisham45/status/870009990098165760"
"RT @realDonaldTrump: We traveled the world to strengthen long-standing alliances, and to form new partnerships. See more at: https://t.co/V‚Ä¶","http://web.archive.org/*/http://twitter.com/StephGrisham45/status/870009990098165760"
"RT @Scavino45: .@FLOTUS Melania Trump &amp; U/S Shannon Honor 13 International #WomenofCourage @StateDept today @ 11amE. 
"RT @Scavino45: .@POTUS on Air Force One, heading to Florida- pops in on the press pool to say hello. #USAüá∫üá∏ https://t.co/mpFTMBPAWG","http://web.archive.org/*/https://twitter.com/StephGrisham45/status/850053960224395264"
"RT @Scavino45: .@POTUS on Air Force One, heading to Florida- pops in on the press pool to say hello. #USAüá∫üá∏ https://t.co/mpFTMBPAWG","http://web.archive.org/*/http://twitter.com/StephGrisham45/status/850053960224395264"
"RT @Scavino45: President @realDonaldTrump speaking at the 'Celebrate Freedom Concert' honoring our great veterans. #4thjuly #USAüá∫üá∏ https://‚Ä¶","http://web.archive.org/*/https://twitter.com/StephGrisham45/status/881322877739511809"
"RT @Scavino45: President @realDonaldTrump speaking at the 'Celebrate Freedom Concert' honoring our great veterans. #4thjuly #USAüá∫üá∏ https://‚Ä¶","http://web.archive.org/*/http://twitter.com/StephGrisham45/status/881322877739511809"
"RT @Scavino45: We were all 'outsiders' w/ zero political experience. We've heard it all for 18 months. I'll be joining @WattersWorld on @Fo‚Ä¶","http://web.archive.org/*/https://twitter.com/StephGrisham45/status/855931398984781824"
"RT @Scavino45: We were all 'outsiders' w/ zero political experience. We've heard it all for 18 months. I'll be joining @WattersWorld on @Fo‚Ä¶","http://web.archive.org/*/http://twitter.com/StephGrisham45/status/855931398984781824"
"RT @SecondLady: And... for Father's Day, we surprised @VP with an Indiana puppy! Introducing: Harley! https://t.co/ZlvNasOw9b","http://web.archive.org/*/https://twitter.com/StephGrisham45/status/876558360149209088"
"RT @SecondLady: And... for Father's Day, we surprised @VP with an Indiana puppy! Introducing: Harley! https://t.co/ZlvNasOw9b","http://web.archive.org/*/http://twitter.com/StephGrisham45/status/876558360149209088"
"RT @SecondLady: One of the best!! Phenomenal job @POTUS &amp; @FLOTUS on hosting a wonderful ""Picnic in the Park"" at the White House!!‚Ä¶ ","http://web.archive.org/*/https://twitter.com/StephGrisham45/status/878091490148352001"
"RT @SecondLady: One of the best!! Phenomenal job @POTUS &amp; @FLOTUS on hosting a wonderful ""Picnic in the Park"" at the White House!!‚Ä¶ ","http://web.archive.org/*/http://twitter.com/StephGrisham45/status/878091490148352001"
"RT @SHSanders45: ""An attack on one of us is an attack on all of us"" says @SpeakerRyan to a standing ovation by house members.","http://web.archive.org/*/https://twitter.com/StephGrisham45/status/875025382449303558"
"RT @SHSanders45: ""An attack on one of us is an attack on all of us"" says @SpeakerRyan to a standing ovation by house members.","http://web.archive.org/*/http://twitter.com/StephGrisham45/status/875025382449303558"
"RT @SHSanders45: .@EmmanuelMacron arrives and greets @POTUS at #BastilleDay parade. #TrumpInParis https://t.co/JuaLLW0Qhf","http://web.archive.org/*/https://twitter.com/StephGrisham45/status/885778585218371584"
"RT @SHSanders45: .@EmmanuelMacron arrives and greets @POTUS at #BastilleDay parade. #TrumpInParis https://t.co/JuaLLW0Qhf","http://web.archive.org/*/http://twitter.com/StephGrisham45/status/885778585218371584"
"RT @SHSanders45: No better way to end trip than by honoring US troops and their families for their service and sacrifice.#potusabroad https‚Ä¶","http://web.archive.org/*/https://twitter.com/StephGrisham45/status/868491672665169921"
"RT @SHSanders45: No better way to end trip than by honoring US troops and their families for their service and sacrifice.#potusabroad https‚Ä¶","http://web.archive.org/*/http://twitter.com/StephGrisham45/status/868491672665169921"
"RT @SHSanders45: .@POTUS: ""As long as America stands for justice, then peace and harmony will in the end prevail.""","http://web.archive.org/*/https://twitter.com/StephGrisham45/status/850172377161977857"
"RT @SHSanders45: .@POTUS: ""As long as America stands for justice, then peace and harmony will in the end prevail.""","http://web.archive.org/*/http://twitter.com/StephGrisham45/status/850172377161977857"
"RT @SHSanders45: Thank you Dylan (aka Pickle) for your letter to @POTUS! We hope to meet you soon! https://t.co/RtTb6KtsZN","http://web.archive.org/*/https://twitter.com/StephGrisham45/status/890307639686701061"
"RT @SHSanders45: Thank you Dylan (aka Pickle) for your letter to @POTUS! We hope to meet you soon! https://t.co/RtTb6KtsZN","http://web.archive.org/*/http://twitter.com/StephGrisham45/status/890307639686701061"
"RT @StateDept: .@FLOTUS: The time for empowering women around the world is now.
"RT @s_westall: Melania Trump hails 'empowerment of women' at Saudi company visit https://t.co/1PQQluDqI4 via @Reuters","http://web.archive.org/*/https://twitter.com/StephGrisham45/status/866557355688853508"
"RT @s_westall: Melania Trump hails 'empowerment of women' at Saudi company visit https://t.co/1PQQluDqI4 via @Reuters","http://web.archive.org/*/http://twitter.com/StephGrisham45/status/866557355688853508"
"RT @TuckerCarlson: Attorney General Jeff Sessions: we are going after MS-13, one of the most violent gangs in the history of our country ht‚Ä¶","http://web.archive.org/*/https://twitter.com/StephGrisham45/status/854556663935901696"
"RT @TuckerCarlson: Attorney General Jeff Sessions: we are going after MS-13, one of the most violent gangs in the history of our country ht‚Ä¶","http://web.archive.org/*/http://twitter.com/StephGrisham45/status/854556663935901696"
"RT @WhiteHouse: Be sure to tune in at 11:00am EST tomorrow to watch @POTUS Trump's Weekly Address: https://t.co/EHbfn3Tx6R","http://web.archive.org/*/https://twitter.com/StephGrisham45/status/840012575425347585"
"RT @WhiteHouse: Be sure to tune in at 11:00am EST tomorrow to watch @POTUS Trump's Weekly Address: https://t.co/EHbfn3Tx6R","http://web.archive.org/*/http://twitter.com/StephGrisham45/status/840012575425347585"
"RT @WhiteHouse: On #PeaceOfficersMemorialDay we remember all law enforcement officers who paid the highest price. Flags are to be lowered t‚Ä¶","http://web.archive.org/*/https://twitter.com/StephGrisham45/status/864127771236327424"
"RT @WhiteHouse: On #PeaceOfficersMemorialDay we remember all law enforcement officers who paid the highest price. Flags are to be lowered t‚Ä¶","http://web.archive.org/*/http://twitter.com/StephGrisham45/status/864127771236327424"
"RT @WhiteHouse: President Trump: We are forever in your debt. Thank you. God bless you, God bless our truly amazing law enforcement, and Go‚Ä¶","http://web.archive.org/*/https://twitter.com/StephGrisham45/status/890660287342272512"
"RT @WhiteHouse: President Trump: We are forever in your debt. Thank you. God bless you, God bless our truly amazing law enforcement, and Go‚Ä¶","http://web.archive.org/*/http://twitter.com/StephGrisham45/status/890660287342272512"
"RT @WhiteHouse: Today, President Trump recognized the first responders to the June 14 shooting involving Congressman Scalise:‚Ä¶ ","http://web.archive.org/*/https://twitter.com/StephGrisham45/status/890731804084371457"
"RT @WhiteHouse: Today, President Trump recognized the first responders to the June 14 shooting involving Congressman Scalise:‚Ä¶ ","http://web.archive.org/*/http://twitter.com/StephGrisham45/status/890731804084371457"
"""Sanctuary cities are a criminal's biggest friend,"" per the @ICEgov director at @WhiteHouse press briefing. https://t.co/PEKveQuysJ","http://web.archive.org/*/https://twitter.com/StephGrisham45/status/890643660932472832"
"""Sanctuary cities are a criminal's biggest friend,"" per the @ICEgov director at @WhiteHouse press briefing. https://t.co/PEKveQuysJ","http://web.archive.org/*/http://twitter.com/StephGrisham45/status/890643660932472832"
"So proud of @POTUS work on behalf of veterans. The accountability legislation he just signed shows his longtime com‚Ä¶ https://t.co/Engh7gXRLP","http://web.archive.org/*/https://twitter.com/StephGrisham45/status/878285714613555200"
"So proud of @POTUS work on behalf of veterans. The accountability legislation he just signed shows his longtime com‚Ä¶ https://t.co/Engh7gXRLP","http://web.archive.org/*/http://twitter.com/StephGrisham45/status/878285714613555200"
"Such a beautiful moment with @FLOTUS today. https://t.co/jFuHhBh14K","http://web.archive.org/*/https://twitter.com/StephGrisham45/status/867481853204279296"
"Such a beautiful moment with @FLOTUS today. https://t.co/jFuHhBh14K","http://web.archive.org/*/http://twitter.com/StephGrisham45/status/867481853204279296"
"Such a great group! Thank you for all your hard work. https://t.co/1S5gMUzo6f","http://web.archive.org/*/https://twitter.com/StephGrisham45/status/892079876211191809"
"Such a great group! Thank you for all your hard work. https://t.co/1S5gMUzo6f","http://web.archive.org/*/http://twitter.com/StephGrisham45/status/892079876211191809"
"Such an amazing group of strong women at the @GE_Saudi service center today! @FLOTUS had the honor of hearing some‚Ä¶ https://t.co/A77i7JuHHX","http://web.archive.org/*/https://twitter.com/StephGrisham45/status/866265387427667968"
"Such an amazing group of strong women at the @GE_Saudi service center today! @FLOTUS had the honor of hearing some‚Ä¶ https://t.co/A77i7JuHHX","http://web.archive.org/*/http://twitter.com/StephGrisham45/status/866265387427667968"
"Such a successful Congressional picnic! Thank you to all who stopped by the @WhiteHouse on this beautiful evening! https://t.co/8TQ6jZdH7x","http://web.archive.org/*/https://twitter.com/StephGrisham45/status/878050309221699584"
"Such a successful Congressional picnic! Thank you to all who stopped by the @WhiteHouse on this beautiful evening! https://t.co/8TQ6jZdH7x","http://web.archive.org/*/http://twitter.com/StephGrisham45/status/878050309221699584"
"Such a wonderful reception for @POTUS &amp; @FLOTUS in Warsaw. Thank you Poland! https://t.co/ebKmzHHSb3","http://web.archive.org/*/https://twitter.com/StephGrisham45/status/882933268198371328"
"Such a wonderful reception for @POTUS &amp; @FLOTUS in Warsaw. Thank you Poland! https://t.co/ebKmzHHSb3","http://web.archive.org/*/http://twitter.com/StephGrisham45/status/882933268198371328"
"Such great news! Continued thoughts &amp; prayers for a speedy recovery. https://t.co/ArdsKRYKWk","http://web.archive.org/*/https://twitter.com/StephGrisham45/status/876218812982583296"
"Such great news! Continued thoughts &amp; prayers for a speedy recovery. https://t.co/ArdsKRYKWk","http://web.archive.org/*/http://twitter.com/StephGrisham45/status/876218812982583296"
"Thank you for the hospitality Riyadh!!! https://t.co/5jzDsJYJxu","http://web.archive.org/*/https://twitter.com/StephGrisham45/status/866555394352697344"
"Thank you for the hospitality Riyadh!!! https://t.co/5jzDsJYJxu","http://web.archive.org/*/http://twitter.com/StephGrisham45/status/866555394352697344"
"The first family decorating cards that will be sent to active duty military. #EasterEggRoll @FLOTUS @POTUS https://t.co/VQSIunDf5R","http://web.archive.org/*/https://twitter.com/StephGrisham45/status/854014345537343491"
"The first family decorating cards that will be sent to active duty military. #EasterEggRoll @FLOTUS @POTUS https://t.co/VQSIunDf5R","http://web.archive.org/*/http://twitter.com/StephGrisham45/status/854014345537343491"
"The first family enjoying their weekend at Camp David! üá∫üá∏üå≤ https://t.co/Fe2Dz5x9XO","http://web.archive.org/*/https://twitter.com/StephGrisham45/status/876228557898493952"
"The first family enjoying their weekend at Camp David! üá∫üá∏üå≤ https://t.co/Fe2Dz5x9XO","http://web.archive.org/*/http://twitter.com/StephGrisham45/status/876228557898493952"
"The movie theater is now open to all who visit us at the @WhiteHouse ... Check it out! üé¨üé•üá∫üá∏ https://t.co/cOWIaG2IHD","http://web.archive.org/*/https://twitter.com/StephGrisham45/status/863126499146203136"
"The movie theater is now open to all who visit us at the @WhiteHouse ... Check it out! üé¨üé•üá∫üá∏ https://t.co/cOWIaG2IHD","http://web.archive.org/*/http://twitter.com/StephGrisham45/status/863126499146203136"
"The spring garden tour at @WhiteHouse is today! FUN FACT: the grounds are the oldest continually maintained landscape in the U.S. #WHGarden","http://web.archive.org/*/https://twitter.com/StephGrisham45/status/855788012759908352"
"The spring garden tour at @WhiteHouse is today! FUN FACT: the grounds are the oldest continually maintained landscape in the U.S. #WHGarden","http://web.archive.org/*/http://twitter.com/StephGrisham45/status/855788012759908352"
"THIS WEEKEND: The 1st family heads to Camp David. Hoping everyone has a wonderful weekend. üá∫üá∏","http://web.archive.org/*/https://twitter.com/StephGrisham45/status/875851107741913091"
"THIS WEEKEND: The 1st family heads to Camp David. Hoping everyone has a wonderful weekend. üá∫üá∏","http://web.archive.org/*/http://twitter.com/StephGrisham45/status/875851107741913091"
"This week's @WhiteHouse weekly address by @POTUS is worth watching...""the courage to explore unknown places"" must c‚Ä¶ https://t.co/CTZcvHrOSm","http://web.archive.org/*/https://twitter.com/StephGrisham45/status/845692160561303552"
"This week's @WhiteHouse weekly address by @POTUS is worth watching...""the courage to explore unknown places"" must c‚Ä¶ https://t.co/CTZcvHrOSm","http://web.archive.org/*/http://twitter.com/StephGrisham45/status/845692160561303552"
"Thoughts &amp; prayers w my home state Senator &amp; his family, @SenJohnMcCain - if anyone can beat this, it's him.","http://web.archive.org/*/https://twitter.com/StephGrisham45/status/887825749130043392"
"Thoughts &amp; prayers w my home state Senator &amp; his family, @SenJohnMcCain - if anyone can beat this, it's him.","http://web.archive.org/*/http://twitter.com/StephGrisham45/status/887825749130043392"
"Today: @FLOTUS @MelaniaTrump is working w/ her team in the @WhiteHouse &amp; is excited to host reception for  senators/guests w @POTUS tonight.","http://web.archive.org/*/https://twitter.com/StephGrisham45/status/846783271975440384"
"Today: @FLOTUS @MelaniaTrump is working w/ her team in the @WhiteHouse &amp; is excited to host reception for  senators/guests w @POTUS tonight.","http://web.archive.org/*/http://twitter.com/StephGrisham45/status/846783271975440384"
"Today: @FLOTUS @MELANIATRUMP will honor recipients of the International Women of Courage awards at the State Dept. #WomenOfCourage","http://web.archive.org/*/https://twitter.com/StephGrisham45/status/847065906530406400"
"Today: @FLOTUS @MELANIATRUMP will honor recipients of the International Women of Courage awards at the State Dept. #WomenOfCourage","http://web.archive.org/*/http://twitter.com/StephGrisham45/status/847065906530406400"
"TODAY: @FLOTUS will host Queen Rania of Jordan at the @WhiteHouse.","http://web.archive.org/*/https://twitter.com/StephGrisham45/status/849638758572019712"
"TODAY: @FLOTUS will host Queen Rania of Jordan at the @WhiteHouse.","http://web.archive.org/*/http://twitter.com/StephGrisham45/status/849638758572019712"
"Today in Brussels @flotus visited NICU patients at a hospital, then spent time making traditional paper flowers w c‚Ä¶ https://t.co/Ko3pyrkMQK","http://web.archive.org/*/https://twitter.com/StephGrisham45/status/867730941401333761"
"Today in Brussels @flotus visited NICU patients at a hospital, then spent time making traditional paper flowers w c‚Ä¶ https://t.co/Ko3pyrkMQK","http://web.archive.org/*/http://twitter.com/StephGrisham45/status/867730941401333761"
"Today's remarks @WhiteHouse by @POTUS on the shooting in Virginia. True leadership on this sad day. https://t.co/y7Gzzu7iEH","http://web.archive.org/*/https://twitter.com/StephGrisham45/status/875023704266346498"
"Today's remarks @WhiteHouse by @POTUS on the shooting in Virginia. True leadership on this sad day. https://t.co/y7Gzzu7iEH","http://web.archive.org/*/http://twitter.com/StephGrisham45/status/875023704266346498"
"True story!! As a single mom myself, I've received nothing but support from @potus @flotus &amp; the entire first famil‚Ä¶ https://t.co/X5BQapgQ5x","http://web.archive.org/*/https://twitter.com/StephGrisham45/status/890288728140394496"
"True story!! As a single mom myself, I've received nothing but support from @potus @flotus &amp; the entire first famil‚Ä¶ https://t.co/X5BQapgQ5x","http://web.archive.org/*/http://twitter.com/StephGrisham45/status/890288728140394496"
"US Army chorus &amp; Marine band perform as @WhiteHouse @FLOTUS host the mothers of those who defend our country. Thank‚Ä¶ https://t.co/OTmO1ucHcX","http://web.archive.org/*/https://twitter.com/StephGrisham45/status/863098698506653697"
"US Army chorus &amp; Marine band perform as @WhiteHouse @FLOTUS host the mothers of those who defend our country. Thank‚Ä¶ https://t.co/OTmO1ucHcX","http://web.archive.org/*/http://twitter.com/StephGrisham45/status/863098698506653697"
Watch here‚û°Ô∏è https://‚Ä¶","http://web.archive.org/*/https://twitter.com/StephGrisham45/status/847066224215445504"
Watch here‚û°Ô∏è https://‚Ä¶","http://web.archive.org/*/http://twitter.com/StephGrisham45/status/847066224215445504"
"Watching the kids enjoy yesterdays #EasterEggRoll was so much fun! Thank you to all who came out. Cc @FLOTUS https://t.co/t2qokBvvDA","http://web.archive.org/*/https://twitter.com/StephGrisham45/status/854333837677133824"
"Watching the kids enjoy yesterdays #EasterEggRoll was so much fun! Thank you to all who came out. Cc @FLOTUS https://t.co/t2qokBvvDA","http://web.archive.org/*/http://twitter.com/StephGrisham45/status/854333837677133824"
"We are headed home!!! üá∫üá∏üá∫üá∏ https://t.co/GaISRTfKGi","http://web.archive.org/*/https://twitter.com/StephGrisham45/status/868491331584348161"
"We are headed home!!! üá∫üá∏üá∫üá∏ https://t.co/GaISRTfKGi","http://web.archive.org/*/http://twitter.com/StephGrisham45/status/868491331584348161"
"What an incredible trip! Thank you to everyone we met along the way. üõ´üá∫üá∏#Flotus&amp;PotusAbroad https://t.co/NnYxY8Z2CL","http://web.archive.org/*/https://twitter.com/StephGrisham45/status/868520451114491906"
"What an incredible trip! Thank you to everyone we met along the way. üõ´üá∫üá∏#Flotus&amp;PotusAbroad https://t.co/NnYxY8Z2CL","http://web.archive.org/*/http://twitter.com/StephGrisham45/status/868520451114491906"
"Wheels down Paris, France! @POTUS &amp; @FLOTUS have arrived to celebrate #BastilleDay w President &amp; Mrs. Macron.","http://web.archive.org/*/https://twitter.com/StephGrisham45/status/885387659106959360"
"Wheels down Paris, France! @POTUS &amp; @FLOTUS have arrived to celebrate #BastilleDay w President &amp; Mrs. Macron.","http://web.archive.org/*/http://twitter.com/StephGrisham45/status/885387659106959360"
"Wishing all the best to @seanspicer while sending congrats to @SHSanders45 on new role. Look forward to working w @Scaramucci in yrs aheadüá∫üá∏","http://web.archive.org/*/https://twitter.com/StephGrisham45/status/888472102407360512"
"Wishing all the best to @seanspicer while sending congrats to @SHSanders45 on new role. Look forward to working w @Scaramucci in yrs aheadüá∫üá∏","http://web.archive.org/*/http://twitter.com/StephGrisham45/status/888472102407360512"
"Wishing the @FLOTUS a very happy birthday today! A true honor to know &amp; work for such a strong &amp; independent woman. #HappyBirthdayFLOTUS","http://web.archive.org/*/https://twitter.com/StephGrisham45/status/857226560646066176"
"Wishing the @FLOTUS a very happy birthday today! A true honor to know &amp; work for such a strong &amp; independent woman. #HappyBirthdayFLOTUS","http://web.archive.org/*/http://twitter.com/StephGrisham45/status/857226560646066176"
"Wishing you all a good night from #Israel. üåõ‚ú® https://t.co/7eQHL185uu","http://web.archive.org/*/https://twitter.com/StephGrisham45/status/866767820436127744"
"Wishing you all a good night from #Israel. üåõ‚ú® https://t.co/7eQHL185uu","http://web.archive.org/*/http://twitter.com/StephGrisham45/status/866767820436127744"
#WomenOfCourage https://t.co/9O2r434sf9","http://web.archive.org/*/https://twitter.com/StephGrisham45/status/847261216074375168"
#WomenOfCourage https://t.co/9O2r434sf9","http://web.archive.org/*/http://twitter.com/StephGrisham45/status/847261216074375168"
"Wonderful evening last night as @POTUS @ @FLOTUS w @VP &amp; @SecondLady hosted bipartisan reception w members of US Se‚Ä¶ https://t.co/nn93y1jFlv","http://web.archive.org/*/https://twitter.com/StephGrisham45/status/847043782285709313"
"Wonderful evening last night as @POTUS @ @FLOTUS w @VP &amp; @SecondLady hosted bipartisan reception w members of US Se‚Ä¶ https://t.co/nn93y1jFlv","http://web.archive.org/*/http://twitter.com/StephGrisham45/status/847043782285709313"
"‚ÄúYou can‚Äôt let them get you down. You can‚Äôt let the critics and the naysayers get in the way of your dreams."" Well said, @POTUS","http://web.archive.org/*/https://twitter.com/StephGrisham45/status/864900238850576384"
"‚ÄúYou can‚Äôt let them get you down. You can‚Äôt let the critics and the naysayers get in the way of your dreams."" Well said, @POTUS","http://web.archive.org/*/http://twitter.com/StephGrisham45/status/864900238850576384"
"RT @AP: BREAKING: Dow Jones industrial average trades above 22,000 points for the first time.","http://web.archive.org/*/http://twitter.com/StephGrisham45/status/892741360536694784"
"RT @AP: BREAKING: Dow Jones industrial average trades above 22,000 points for the first time.","http://web.archive.org/*/https://twitter.com/StephGrisham45/status/892741360536694784"
"RT @AP: BREAKING: Dow Jones industrial average trades above 22,000 points for the first time.","http://web.archive.org/*/http://twitter.com/StephGrisham45/status/892741360536694784"
"RT @AP: BREAKING: Dow Jones industrial average trades above 22,000 points for the first time.","http://web.archive.org/*/https://twitter.com/StephGrisham45/status/892741360536694784"
"RT @WhiteHouse: Under the Trump Admin, consumer confidence is soaring. The Dow Jones Industrial Average reaches all-time high: https://t.co‚Ä¶","http://web.archive.org/*/http://twitter.com/StephGrisham45/status/893135132961492992"
"RT @WhiteHouse: Under the Trump Admin, consumer confidence is soaring. The Dow Jones Industrial Average reaches all-time high: https://t.co‚Ä¶","http://web.archive.org/*/http://twitter.com/StephGrisham45/status/893135132961492992"
"RT @WhiteHouse: Under the Trump Admin, consumer confidence is soaring. The Dow Jones Industrial Average reaches all-time high: https://t.co‚Ä¶","http://web.archive.org/*/https://twitter.com/StephGrisham45/status/893135132961492992"
"RT @WhiteHouse: Under the Trump Admin, consumer confidence is soaring. The Dow Jones Industrial Average reaches all-time high: https://t.co‚Ä¶","http://web.archive.org/*/https://twitter.com/StephGrisham45/status/893135132961492992"
"RT @VP: Under @POTUS Trump's leadership, this administration has taken decisive action to put America back to work and get‚Ä¶ ","http://web.archive.org/*/http://twitter.com/StephGrisham45/status/893471484336799744"
"RT @VP: Under @POTUS Trump's leadership, this administration has taken decisive action to put America back to work and get‚Ä¶ ","http://web.archive.org/*/http://twitter.com/StephGrisham45/status/893471484336799744"
"RT @VP: Under @POTUS Trump's leadership, this administration has taken decisive action to put America back to work and get‚Ä¶ ","http://web.archive.org/*/https://twitter.com/StephGrisham45/status/893471484336799744"
"RT @VP: Under @POTUS Trump's leadership, this administration has taken decisive action to put America back to work and get‚Ä¶ ","http://web.archive.org/*/https://twitter.com/StephGrisham45/status/893471484336799744"
"RT @Scavino45: Today, President Donald J. Trump signed into law H.R. 3298, the Wounded Officers Recovery Act of 2017. #LESM https://t.co/Ub‚Ä¶","http://web.archive.org/*/http://twitter.com/StephGrisham45/status/893597250429087744"
"RT @Scavino45: Today, President Donald J. Trump signed into law H.R. 3298, the Wounded Officers Recovery Act of 2017. #LESM https://t.co/Ub‚Ä¶","http://web.archive.org/*/http://twitter.com/StephGrisham45/status/893597250429087744"
"RT @Scavino45: Today, President Donald J. Trump signed into law H.R. 3298, the Wounded Officers Recovery Act of 2017. #LESM https://t.co/Ub‚Ä¶","http://web.archive.org/*/https://twitter.com/StephGrisham45/status/893597250429087744"
"RT @Scavino45: Today, President Donald J. Trump signed into law H.R. 3298, the Wounded Officers Recovery Act of 2017. #LESM https://t.co/Ub‚Ä¶","http://web.archive.org/*/https://twitter.com/StephGrisham45/status/893597250429087744"
"RT @PressSec: Today, I'm turning the @PressSec handle over to Sarah. It's been an incredible honor sharing @POTUS' message with over 2M fol‚Ä¶","http://web.archive.org/*/http://twitter.com/StephGrisham45/status/893603269796401153"
"RT @PressSec: Today, I'm turning the @PressSec handle over to Sarah. It's been an incredible honor sharing @POTUS' message with over 2M fol‚Ä¶","http://web.archive.org/*/https://twitter.com/StephGrisham45/status/893603269796401153"
"RT @PressSec: Today, I'm turning the @PressSec handle over to Sarah. It's been an incredible honor sharing @POTUS' message with over 2M fol‚Ä¶","http://web.archive.org/*/http://twitter.com/StephGrisham45/status/893603269796401153"
"RT @PressSec: Today, I'm turning the @PressSec handle over to Sarah. It's been an incredible honor sharing @POTUS' message with over 2M fol‚Ä¶","http://web.archive.org/*/https://twitter.com/StephGrisham45/status/893603269796401153"
"RT @Scavino45: Behind the scenes at the @WhiteHouse - the Resolute desk being removed from the Oval as renovations begin. History:‚Ä¶ ","http://web.archive.org/*/http://twitter.com/StephGrisham45/status/893858872343093248"
"RT @Scavino45: Behind the scenes at the @WhiteHouse - the Resolute desk being removed from the Oval as renovations begin. History:‚Ä¶ ","http://web.archive.org/*/http://twitter.com/StephGrisham45/status/893858872343093248"
"RT @Scavino45: Behind the scenes at the @WhiteHouse - the Resolute desk being removed from the Oval as renovations begin. History:‚Ä¶ ","http://web.archive.org/*/https://twitter.com/StephGrisham45/status/893858872343093248"
"RT @Scavino45: Behind the scenes at the @WhiteHouse - the Resolute desk being removed from the Oval as renovations begin. History:‚Ä¶ ","http://web.archive.org/*/https://twitter.com/StephGrisham45/status/893858872343093248"
"RT @VPPressSec: Statement from @VP Pence on @nytimes story. https://t.co/BnOdBjMunp","http://web.archive.org/*/http://twitter.com/StephGrisham45/status/894217096900554752"
"RT @VPPressSec: Statement from @VP Pence on @nytimes story. https://t.co/BnOdBjMunp","http://web.archive.org/*/http://twitter.com/StephGrisham45/status/894217096900554752"
"RT @VPPressSec: Statement from @VP Pence on @nytimes story. https://t.co/BnOdBjMunp","http://web.archive.org/*/https://twitter.com/StephGrisham45/status/894217096900554752"
"RT @VPPressSec: Statement from @VP Pence on @nytimes story. https://t.co/BnOdBjMunp","http://web.archive.org/*/https://twitter.com/StephGrisham45/status/894217096900554752"
"RT @WhiteHouse: The application period for the Spring 2018 White House Internship Program is now open! Apply here:‚Ä¶ ","http://web.archive.org/*/http://twitter.com/StephGrisham45/status/894380861038178305"
"RT @WhiteHouse: The application period for the Spring 2018 White House Internship Program is now open! Apply here:‚Ä¶ ","http://web.archive.org/*/https://twitter.com/StephGrisham45/status/894380861038178305"
"RT @WhiteHouse: The application period for the Spring 2018 White House Internship Program is now open! Apply here:‚Ä¶ ","http://web.archive.org/*/http://twitter.com/StephGrisham45/status/894380861038178305"
"RT @WhiteHouse: The application period for the Spring 2018 White House Internship Program is now open! Apply here:‚Ä¶ ","http://web.archive.org/*/https://twitter.com/StephGrisham45/status/894380861038178305"
"Exceptional series by @PoppyHarlowCNN on this true crisis in our country. https://t.co/0x0thV5jQ7","http://web.archive.org/*/http://twitter.com/StephGrisham45/status/894706732185903104"
"Exceptional series by @PoppyHarlowCNN on this true crisis in our country. https://t.co/0x0thV5jQ7","http://web.archive.org/*/https://twitter.com/StephGrisham45/status/894706732185903104"
"Exceptional series by @PoppyHarlowCNN on this true crisis in our country. https://t.co/0x0thV5jQ7","http://web.archive.org/*/http://twitter.com/StephGrisham45/status/894706732185903104"
"Exceptional series by @PoppyHarlowCNN on this true crisis in our country. https://t.co/0x0thV5jQ7","http://web.archive.org/*/https://twitter.com/StephGrisham45/status/894706732185903104"
"RT @FLOTUS: Opioids are destroying our youth/people. Mtg w @Potus &amp; @SecPriceMD today to give my support to #STOPDRUGADDICTION https://t.co‚Ä¶","http://web.archive.org/*/http://twitter.com/StephGrisham45/status/894917340168687616"
"RT @FLOTUS: Opioids are destroying our youth/people. Mtg w @Potus &amp; @SecPriceMD today to give my support to #STOPDRUGADDICTION https://t.co‚Ä¶","http://web.archive.org/*/http://twitter.com/StephGrisham45/status/894917340168687616"
"RT @FLOTUS: Opioids are destroying our youth/people. Mtg w @Potus &amp; @SecPriceMD today to give my support to #STOPDRUGADDICTION https://t.co‚Ä¶","http://web.archive.org/*/https://twitter.com/StephGrisham45/status/894917340168687616"
"RT @FLOTUS: Opioids are destroying our youth/people. Mtg w @Potus &amp; @SecPriceMD today to give my support to #STOPDRUGADDICTION https://t.co‚Ä¶","http://web.archive.org/*/https://twitter.com/StephGrisham45/status/894917340168687616"
"RT @Scavino45: .@POTUS @realDonaldTrump, @FLOTUS, #JaredKushner, @KellyannePolls, SecPriceMD &amp; team participate in a briefing on t‚Ä¶ ","http://web.archive.org/*/http://twitter.com/StephGrisham45/status/895035120612241409"
"RT @Scavino45: .@POTUS @realDonaldTrump, @FLOTUS, #JaredKushner, @KellyannePolls, SecPriceMD &amp; team participate in a briefing on t‚Ä¶ ","http://web.archive.org/*/https://twitter.com/StephGrisham45/status/895035120612241409"
"RT @Scavino45: .@POTUS @realDonaldTrump, @FLOTUS, #JaredKushner, @KellyannePolls, SecPriceMD &amp; team participate in a briefing on t‚Ä¶ ","http://web.archive.org/*/https://twitter.com/StephGrisham45/status/895035120612241409"
"RT @FLOTUS: Our country encourages freedom of speech, but let's communicate w/o hate in our hearts. No good comes from violence. #Charlotte‚Ä¶","http://web.archive.org/*/http://twitter.com/StephGrisham45/status/896410158477213696"
"RT @FLOTUS: Our country encourages freedom of speech, but let's communicate w/o hate in our hearts. No good comes from violence. #Charlotte‚Ä¶","http://web.archive.org/*/https://twitter.com/StephGrisham45/status/896410158477213696"
"RT @FLOTUS: Our country encourages freedom of speech, but let's communicate w/o hate in our hearts. No good comes from violence. #Charlotte‚Ä¶","http://web.archive.org/*/https://twitter.com/StephGrisham45/status/896410158477213696"
"RT @KellyannePolls: Let's join with @POTUS @FLOTUS and others across political spectrum condemning hate and violence. https://t.co/bVSfWbSY‚Ä¶","http://web.archive.org/*/http://twitter.com/StephGrisham45/status/896427744980021248"
"RT @KellyannePolls: Let's join with @POTUS @FLOTUS and others across political spectrum condemning hate and violence. https://t.co/bVSfWbSY‚Ä¶","http://web.archive.org/*/http://twitter.com/StephGrisham45/status/896427744980021248"
"RT @KellyannePolls: Let's join with @POTUS @FLOTUS and others across political spectrum condemning hate and violence. https://t.co/bVSfWbSY‚Ä¶","http://web.archive.org/*/https://twitter.com/StephGrisham45/status/896427744980021248"
"RT @KellyannePolls: Let's join with @POTUS @FLOTUS and others across political spectrum condemning hate and violence. https://t.co/bVSfWbSY‚Ä¶","http://web.archive.org/*/https://twitter.com/StephGrisham45/status/896427744980021248"
".@POTUS: ""We will spare no resource in fighting so every American child can grow up free from violence and fear.""","http://web.archive.org/*/http://twitter.com/StephGrisham45/status/897137348928032768"
".@POTUS: ""We will spare no resource in fighting so every American child can grow up free from violence and fear.""","http://web.archive.org/*/https://twitter.com/StephGrisham45/status/897137348928032768"
"RT @SecPriceMD: We have a 5-point strategy the combat the #opioids crisis. https://t.co/a24yS308x5","http://web.archive.org/*/http://twitter.com/StephGrisham45/status/897478571635167233"
"RT @SecPriceMD: We have a 5-point strategy the combat the #opioids crisis. https://t.co/a24yS308x5","http://web.archive.org/*/https://twitter.com/StephGrisham45/status/897478571635167233"
"RT @FLOTUS: Thoughts and prayers to #Barcelona","http://web.archive.org/*/http://twitter.com/StephGrisham45/status/898226640286822400"
"RT @FLOTUS: Thoughts and prayers to #Barcelona","http://web.archive.org/*/https://twitter.com/StephGrisham45/status/898226640286822400"
"RT @VP: As the @POTUS said, ‚Äúthe United States condemns this terror attack‚Ä¶ and we will do whatever is necessary to help.‚Äù #VPinPanama","http://web.archive.org/*/http://twitter.com/StephGrisham45/status/898272318450839552"
"RT @VP: As the @POTUS said, ‚Äúthe United States condemns this terror attack‚Ä¶ and we will do whatever is necessary to help.‚Äù #VPinPanama","http://web.archive.org/*/https://twitter.com/StephGrisham45/status/898272318450839552"
