"I'm humbled and honored to return to @HHSGov as Deputy Secretary and Acting Secretary. https://t.co/rJoia6Bw9N","http://web.archive.org/*/http://twitter.com/DepSecHargan/status/920681692049833985"
"I'm humbled and honored to return to @HHSGov as Deputy Secretary and Acting Secretary. https://t.co/rJoia6Bw9N","http://web.archive.org/*/https://twitter.com/DepSecHargan/status/920681692049833985"
"As Chief Regulatory Officer, I pledge to work hard each &amp; every day to cut red tape. We'll save paper, money &amp; time for the American people.","http://web.archive.org/*/http://twitter.com/DepSecHargan/status/920711576042332161"
"As Chief Regulatory Officer, I pledge to work hard each &amp; every day to cut red tape. We'll save paper, money &amp; time for the American people.","http://web.archive.org/*/https://twitter.com/DepSecHargan/status/920711576042332161"
"RT @PHEgov: When a child in #PuertoRico sustained a head injury, NDMS responders sprung into action to provide critical medical care. #Mari…","http://web.archive.org/*/http://twitter.com/DepSecHargan/status/921449942132064256"
"RT @PHEgov: When a child in #PuertoRico sustained a head injury, NDMS responders sprung into action to provide critical medical care. #Mari…","http://web.archive.org/*/https://twitter.com/DepSecHargan/status/921449942132064256"
"I delivered a speech at the @USChamber on our @HHSGov vision for health reform. https://t.co/mxRFOvT1ca","http://web.archive.org/*/http://twitter.com/DepSecHargan/status/921450315265789952"
"I delivered a speech at the @USChamber on our @HHSGov vision for health reform. https://t.co/mxRFOvT1ca","http://web.archive.org/*/https://twitter.com/DepSecHargan/status/921450315265789952"
".@HHSGov has taken a broad view of #health reform. We’re moving toward a more sustainable system that’s responsive… https://t.co/MLMPUP1dWr","http://web.archive.org/*/http://twitter.com/DepSecHargan/status/921450811900735488"
".@HHSGov has taken a broad view of #health reform. We’re moving toward a more sustainable system that’s responsive… https://t.co/MLMPUP1dWr","http://web.archive.org/*/https://twitter.com/DepSecHargan/status/921450811900735488"
"The cost of regulation in healthcare is measured not just in dollars &amp; cents, but in days &amp; years of lives lost. https://t.co/mxRFOvT1ca","http://web.archive.org/*/http://twitter.com/DepSecHargan/status/921453230386831360"
"The cost of regulation in healthcare is measured not just in dollars &amp; cents, but in days &amp; years of lives lost. https://t.co/mxRFOvT1ca","http://web.archive.org/*/https://twitter.com/DepSecHargan/status/921453230386831360"
".@POTUS is committed to administration-wide regulatory reform. It’s absolutely crucial that we get this right - at @HHSGov in particular.","http://web.archive.org/*/http://twitter.com/DepSecHargan/status/921453576928550914"
".@POTUS is committed to administration-wide regulatory reform. It’s absolutely crucial that we get this right - at @HHSGov in particular.","http://web.archive.org/*/https://twitter.com/DepSecHargan/status/921453576928550914"
"RT @SGottliebFDA: My statement on status of medical device manufacturing in Puerto Rico and continued recovery efforts on Island: https://t…","http://web.archive.org/*/http://twitter.com/DepSecHargan/status/921461517224235008"
"RT @SGottliebFDA: My statement on status of medical device manufacturing in Puerto Rico and continued recovery efforts on Island: https://t…","http://web.archive.org/*/https://twitter.com/DepSecHargan/status/921461517224235008"
"RT @PHEgov: Dr. Kadlec looks back on 30 days of providing care and restoring health services in #PuertoRico after #Maria. https://t.co/g5Uv…","http://web.archive.org/*/http://twitter.com/DepSecHargan/status/921475107268300800"
"RT @PHEgov: Dr. Kadlec looks back on 30 days of providing care and restoring health services in #PuertoRico after #Maria. https://t.co/g5Uv…","http://web.archive.org/*/https://twitter.com/DepSecHargan/status/921475107268300800"
"I was pleased to join today's #Opioids Commission meeting at the @WhiteHouse. https://t.co/AMUWj4wVKC","http://web.archive.org/*/http://twitter.com/DepSecHargan/status/921495963923025921"
"I was pleased to join today's #Opioids Commission meeting at the @WhiteHouse. https://t.co/AMUWj4wVKC","http://web.archive.org/*/https://twitter.com/DepSecHargan/status/921495963923025921"
"RT @PHEgov: .@HHSgov responders prepare to move a patient from Comerío, a remote town in #PuertoRico, to a hospital where he can get the ca…","http://web.archive.org/*/http://twitter.com/DepSecHargan/status/923210826588344320"
"RT @PHEgov: .@HHSgov responders prepare to move a patient from Comerío, a remote town in #PuertoRico, to a hospital where he can get the ca…","http://web.archive.org/*/https://twitter.com/DepSecHargan/status/923210826588344320"
"The entire @HHSgov team is working on all fronts to improve access to care for those affected by recent natural disasters.","http://web.archive.org/*/http://twitter.com/DepSecHargan/status/923214569237045248"
"The entire @HHSgov team is working on all fronts to improve access to care for those affected by recent natural disasters.","http://web.archive.org/*/https://twitter.com/DepSecHargan/status/923214569237045248"
"RT @SeemaCMS: Seeing first hand the hard work and dedication of the Puerto Rican people as they work to rebuild. @CMSGov stands with you. #…","http://web.archive.org/*/http://twitter.com/DepSecHargan/status/923222622359506944"
"RT @SeemaCMS: Seeing first hand the hard work and dedication of the Puerto Rican people as they work to rebuild. @CMSGov stands with you. #…","http://web.archive.org/*/https://twitter.com/DepSecHargan/status/923222622359506944"
"EmPOWER Maps help us find citizens who require electricity-dependent medical services. https://t.co/ikKXuc8PSM","http://web.archive.org/*/http://twitter.com/DepSecHargan/status/923224634845220866"
"EmPOWER Maps help us find citizens who require electricity-dependent medical services. https://t.co/ikKXuc8PSM","http://web.archive.org/*/https://twitter.com/DepSecHargan/status/923224634845220866"
"Working together, @CMSgov &amp; @PHEgov identified &gt; 30,000 #Medicare beneficiaries in #PuertoRico with electricity-dependent medical needs.","http://web.archive.org/*/http://twitter.com/DepSecHargan/status/923227654899273728"
"Working together, @CMSgov &amp; @PHEgov identified &gt; 30,000 #Medicare beneficiaries in #PuertoRico with electricity-dependent medical needs.","http://web.archive.org/*/https://twitter.com/DepSecHargan/status/923227654899273728"
"Saturday is National #TakeBack Day. Get rid of those unused, unwanted, or expired Rx drugs. Find a site near you:… https://t.co/661EzBYuon","http://web.archive.org/*/http://twitter.com/DepSecHargan/status/923544254957400064"
"Saturday is National #TakeBack Day. Get rid of those unused, unwanted, or expired Rx drugs. Find a site near you:… https://t.co/661EzBYuon","http://web.archive.org/*/https://twitter.com/DepSecHargan/status/923544254957400064"
"Following @POTUS's request, @HHSGov has declared a nationwide #PublicHealth Emergency regarding #opioids.… https://t.co/nRHAx9MC0M","http://web.archive.org/*/http://twitter.com/DepSecHargan/status/923645466574774274"
"Following @POTUS's request, @HHSGov has declared a nationwide #PublicHealth Emergency regarding #opioids.… https://t.co/nRHAx9MC0M","http://web.archive.org/*/https://twitter.com/DepSecHargan/status/923645466574774274"
"Today's @POTUS call to action marshals all the resources of @HHSgov and the entire federal government in the fight… https://t.co/MnyJhpBRAB","http://web.archive.org/*/http://twitter.com/DepSecHargan/status/923650155978612736"
"Today's @POTUS call to action marshals all the resources of @HHSgov and the entire federal government in the fight… https://t.co/MnyJhpBRAB","http://web.archive.org/*/https://twitter.com/DepSecHargan/status/923650155978612736"
"Here at @HHSgov, we introduced a 5-point strategy to combat the #opioids epidemic. https://t.co/My95q1rNB3 https://t.co/Ajm3GmYnoC","http://web.archive.org/*/http://twitter.com/DepSecHargan/status/923656834313056257"
"Here at @HHSgov, we introduced a 5-point strategy to combat the #opioids epidemic. https://t.co/My95q1rNB3 https://t.co/Ajm3GmYnoC","http://web.archive.org/*/https://twitter.com/DepSecHargan/status/923656834313056257"
".@POTUS decision today brings new urgency to @HHSGov work to empower states, communities, &amp; tribes on front lines o… https://t.co/7XaCMGBaUZ","http://web.archive.org/*/http://twitter.com/DepSecHargan/status/923665553893593088"
".@POTUS decision today brings new urgency to @HHSGov work to empower states, communities, &amp; tribes on front lines o… https://t.co/7XaCMGBaUZ","http://web.archive.org/*/https://twitter.com/DepSecHargan/status/923665553893593088"
"TODAY is National Rx #TakeBack day. Get rid of those unused, unwanted, or expired drugs. Find a site near you:… https://t.co/3NBRskGRGR","http://web.archive.org/*/http://twitter.com/DepSecHargan/status/924295954332815360"
"TODAY is National Rx #TakeBack day. Get rid of those unused, unwanted, or expired drugs. Find a site near you:… https://t.co/3NBRskGRGR","http://web.archive.org/*/https://twitter.com/DepSecHargan/status/924295954332815360"
"Thanks to everyone who makes #TakeBack Day possible, including the dedicated police &amp; firefighters here at… https://t.co/937CUPLdLd","http://web.archive.org/*/http://twitter.com/DepSecHargan/status/924299728942260224"
"Thanks to everyone who makes #TakeBack Day possible, including the dedicated police &amp; firefighters here at… https://t.co/937CUPLdLd","http://web.archive.org/*/https://twitter.com/DepSecHargan/status/924299728942260224"
"RT @HHSGov: .@DepSecHargan visited Kentucky today, a state that's been hit hard by #OpioidEpidemic, but also home to researchers fighting i…","http://web.archive.org/*/http://twitter.com/DepSecHargan/status/925097124924198915"
"RT @HHSGov: .@DepSecHargan visited Kentucky today, a state that's been hit hard by #OpioidEpidemic, but also home to researchers fighting i…","http://web.archive.org/*/https://twitter.com/DepSecHargan/status/925097124924198915"
"Happy #Halloween from @HHSgov &amp; the @WhiteHouse https://t.co/LxB1xy33LA","http://web.archive.org/*/http://twitter.com/DepSecHargan/status/925382489581019136"
"Happy #Halloween from @HHSgov &amp; the @WhiteHouse https://t.co/LxB1xy33LA","http://web.archive.org/*/https://twitter.com/DepSecHargan/status/925382489581019136"
"RT @HHSMedia: .@WSJ: Trump administration relaxes medical privacy rule for overdoses https://t.co/zNcBhkgodf","http://web.archive.org/*/http://twitter.com/DepSecHargan/status/925397955737251840"
"RT @HHSMedia: .@WSJ: Trump administration relaxes medical privacy rule for overdoses https://t.co/zNcBhkgodf","http://web.archive.org/*/https://twitter.com/DepSecHargan/status/925397955737251840"
"The best way to #FightFlu is by getting a flu shot. Learn more at https://t.co/ShzDClAFb5 https://t.co/WXryf9rAgm","http://web.archive.org/*/http://twitter.com/DepSecHargan/status/925435960208318465"
"The best way to #FightFlu is by getting a flu shot. Learn more at https://t.co/ShzDClAFb5 https://t.co/WXryf9rAgm","http://web.archive.org/*/https://twitter.com/DepSecHargan/status/925435960208318465"
"I joined @VP &amp; other @Cabinet members at @ArlingtonNatl to pay tribute to the finest amongst us — America's Veteran… https://t.co/gZk05qQBEE","http://web.archive.org/*/http://twitter.com/DepSecHargan/status/929795660794290177"
"I joined @VP &amp; other @Cabinet members at @ArlingtonNatl to pay tribute to the finest amongst us — America's Veteran… https://t.co/gZk05qQBEE","http://web.archive.org/*/https://twitter.com/DepSecHargan/status/929795660794290177"
"Pleased to kick off @CFC #GlobalHealthWeek this AM at #HHS. Many CFC-supported charities work toward improving heal… https://t.co/T1LNOyWP0y","http://web.archive.org/*/http://twitter.com/DepSecHargan/status/930605775755579392"
"Pleased to kick off @CFC #GlobalHealthWeek this AM at #HHS. Many CFC-supported charities work toward improving heal… https://t.co/T1LNOyWP0y","http://web.archive.org/*/https://twitter.com/DepSecHargan/status/930605775755579392"
"Great to be in O'Fallon, #Missouri today to talk about #health and the economy. https://t.co/gnOcxawObN https://t.co/AF8nKIsdHv","http://web.archive.org/*/http://twitter.com/DepSecHargan/status/931316821642190848"
"Great to be in O'Fallon, #Missouri today to talk about #health and the economy. https://t.co/gnOcxawObN https://t.co/AF8nKIsdHv","http://web.archive.org/*/https://twitter.com/DepSecHargan/status/931316821642190848"
"National #RuralHealth Day is a time to recognize the countless strides rural communities have made. Good read from… https://t.co/fEcKSV7gke","http://web.archive.org/*/http://twitter.com/DepSecHargan/status/931317695223615488"
"National #RuralHealth Day is a time to recognize the countless strides rural communities have made. Good read from… https://t.co/fEcKSV7gke","http://web.archive.org/*/https://twitter.com/DepSecHargan/status/931317695223615488"
"Small businesses like Phoenix Textile are the backbone of the American economy. They account for 2 out of every 3 n… https://t.co/MkjP1JqOnv","http://web.archive.org/*/http://twitter.com/DepSecHargan/status/931318923064160259"
"Small businesses like Phoenix Textile are the backbone of the American economy. They account for 2 out of every 3 n… https://t.co/MkjP1JqOnv","http://web.archive.org/*/https://twitter.com/DepSecHargan/status/931318923064160259"
".@POTUS's commitment to building a strong American economy, and to all the benefits that come with a strong economy… https://t.co/EE0brfYefu","http://web.archive.org/*/http://twitter.com/DepSecHargan/status/931324032921849856"
".@POTUS's commitment to building a strong American economy, and to all the benefits that come with a strong economy… https://t.co/EE0brfYefu","http://web.archive.org/*/https://twitter.com/DepSecHargan/status/931324032921849856"
"At @HHSgov, our mission is to enhance and protect the well-being of every American. We believe promoting a healthy… https://t.co/ieNfvAVarh","http://web.archive.org/*/http://twitter.com/DepSecHargan/status/931510592107696128"
"At @HHSgov, our mission is to enhance and protect the well-being of every American. We believe promoting a healthy… https://t.co/ieNfvAVarh","http://web.archive.org/*/https://twitter.com/DepSecHargan/status/931510592107696128"
"#TaxReform goes hand-in-hand with other priorities @POTUS has laid out, like reforming burdensome #regulations and… https://t.co/QPLII1uGqk","http://web.archive.org/*/http://twitter.com/DepSecHargan/status/931524986833129472"
"#TaxReform goes hand-in-hand with other priorities @POTUS has laid out, like reforming burdensome #regulations and… https://t.co/QPLII1uGqk","http://web.archive.org/*/https://twitter.com/DepSecHargan/status/931524986833129472"
".@POTUS’s vision for #taxreform will strengthen communities in 3 important ways:

✔️ Provide tax relief, more take-… https://t.co/IkIj2mJUHt","http://web.archive.org/*/http://twitter.com/DepSecHargan/status/931531956864651264"
".@POTUS’s vision for #taxreform will strengthen communities in 3 important ways:

✔️ Provide tax relief, more take-… https://t.co/IkIj2mJUHt","http://web.archive.org/*/https://twitter.com/DepSecHargan/status/931531956864651264"
"Strong small businesses don’t just create jobs and economic opportunity - they also provide a strong foundation for… https://t.co/6QQs200WN2","http://web.archive.org/*/http://twitter.com/DepSecHargan/status/931547996155768832"
"Strong small businesses don’t just create jobs and economic opportunity - they also provide a strong foundation for… https://t.co/6QQs200WN2","http://web.archive.org/*/https://twitter.com/DepSecHargan/status/931547996155768832"
"It was an honor to join the Native American Heritage celebration at @HHSGov, celebrating the oldest heritage we, as… https://t.co/rPXjdye8EO","http://web.archive.org/*/http://twitter.com/DepSecHargan/status/933325864128995330"
"It was an honor to join the Native American Heritage celebration at @HHSGov, celebrating the oldest heritage we, as… https://t.co/rPXjdye8EO","http://web.archive.org/*/https://twitter.com/DepSecHargan/status/933325864128995330"
"Nearly every corner of @HHSgov works in partnership with tribal communities, from @ACLgov and #ANAGov at @ACFHHS to… https://t.co/nsJqJ44MIt","http://web.archive.org/*/http://twitter.com/DepSecHargan/status/933343271316787200"
"Nearly every corner of @HHSgov works in partnership with tribal communities, from @ACLgov and #ANAGov at @ACFHHS to… https://t.co/nsJqJ44MIt","http://web.archive.org/*/https://twitter.com/DepSecHargan/status/933343271316787200"
"The deep heritage of American Indians and Alaska Natives is part of what makes our government-to-government relatio… https://t.co/ejoOL8m4Fc","http://web.archive.org/*/http://twitter.com/DepSecHargan/status/933353641389510656"
"The deep heritage of American Indians and Alaska Natives is part of what makes our government-to-government relatio… https://t.co/ejoOL8m4Fc","http://web.archive.org/*/https://twitter.com/DepSecHargan/status/933353641389510656"
"I visited @CMSGov in Baltimore, MD today. The entire #HHS family is working to put patients over paperwork. https://t.co/7VolGcJuTi","http://web.archive.org/*/http://twitter.com/DepSecHargan/status/935275664634208262"
"I visited @CMSGov in Baltimore, MD today. The entire #HHS family is working to put patients over paperwork. https://t.co/7VolGcJuTi","http://web.archive.org/*/https://twitter.com/DepSecHargan/status/935275664634208262"
"RT @NIHDirector: Thanks for visiting #NIH, @DepSecHargan! Productive morning discussing NIH efforts on cancer immunotherapy, treatment of d…","http://web.archive.org/*/http://twitter.com/DepSecHargan/status/935622698046238720"
"RT @NIHDirector: Thanks for visiting #NIH, @DepSecHargan! Productive morning discussing NIH efforts on cancer immunotherapy, treatment of d…","http://web.archive.org/*/https://twitter.com/DepSecHargan/status/935622698046238720"
"It was an honor to join #veterans and veterans’ affairs officers from across the country today at the @WhiteHouse t… https://t.co/9YpOItDMNL","http://web.archive.org/*/http://twitter.com/DepSecHargan/status/935998534234624000"
"It was an honor to join #veterans and veterans’ affairs officers from across the country today at the @WhiteHouse t… https://t.co/9YpOItDMNL","http://web.archive.org/*/https://twitter.com/DepSecHargan/status/935998534234624000"
".@POTUS is deeply committed to delivering the services our veterans deserve. At #HHS, we take that responsibility v… https://t.co/BJbAJ0uECV","http://web.archive.org/*/http://twitter.com/DepSecHargan/status/936002300459585537"
".@POTUS is deeply committed to delivering the services our veterans deserve. At #HHS, we take that responsibility v… https://t.co/BJbAJ0uECV","http://web.archive.org/*/https://twitter.com/DepSecHargan/status/936002300459585537"
"We’re proud to have more than 6,000 veterans working at @HHSgov, and to serve millions of veterans in our work.","http://web.archive.org/*/http://twitter.com/DepSecHargan/status/936007363475230721"
"We’re proud to have more than 6,000 veterans working at @HHSgov, and to serve millions of veterans in our work.","http://web.archive.org/*/https://twitter.com/DepSecHargan/status/936007363475230721"
"Great to be in Mechanicsville, #Virginia today to highlight how #HHS &amp; @DeptVetAffairs, working together with state… https://t.co/2t9dQY6fjn","http://web.archive.org/*/http://twitter.com/DepSecHargan/status/936322063366803463"
"Great to be in Mechanicsville, #Virginia today to highlight how #HHS &amp; @DeptVetAffairs, working together with state… https://t.co/2t9dQY6fjn","http://web.archive.org/*/https://twitter.com/DepSecHargan/status/936322063366803463"
"We’re honored @POTUS chose to donate his salary this quarter to @HHSgov’s #opioids efforts.","http://web.archive.org/*/http://twitter.com/DepSecHargan/status/936330996542332929"
"We’re honored @POTUS chose to donate his salary this quarter to @HHSgov’s #opioids efforts.","http://web.archive.org/*/https://twitter.com/DepSecHargan/status/936330996542332929"
"I joined @PressSec in the @WhiteHouse briefing room today to share our #HHS #opioids strategy. We’re so grateful fo… https://t.co/gJNN0voRsp","http://web.archive.org/*/http://twitter.com/DepSecHargan/status/936337544140161028"
"I joined @PressSec in the @WhiteHouse briefing room today to share our #HHS #opioids strategy. We’re so grateful fo… https://t.co/gJNN0voRsp","http://web.archive.org/*/https://twitter.com/DepSecHargan/status/936337544140161028"
".@POTUS’s donation to #HHS today is a recognition of the important work we are doing on #opioids, from @SAMHSAgov,… https://t.co/Cc3dRjIbmg","http://web.archive.org/*/http://twitter.com/DepSecHargan/status/936341566448431106"
".@POTUS’s donation to #HHS today is a recognition of the important work we are doing on #opioids, from @SAMHSAgov,… https://t.co/Cc3dRjIbmg","http://web.archive.org/*/https://twitter.com/DepSecHargan/status/936341566448431106"
"RT @WhiteHouse: Acting @HHSGov Secretary Eric Hargan joined @PressSec today to announce that President Trump has decided to donate his sala…","http://web.archive.org/*/http://twitter.com/DepSecHargan/status/936347102564831237"
"RT @WhiteHouse: Acting @HHSGov Secretary Eric Hargan joined @PressSec today to announce that President Trump has decided to donate his sala…","http://web.archive.org/*/https://twitter.com/DepSecHargan/status/936347102564831237"
"Learn why @POTUS donated his salary this quarter to #HHS — and what we’re going to do with it ➡️ https://t.co/3Nbzr8ayBX","http://web.archive.org/*/http://twitter.com/DepSecHargan/status/936365724674744322"
"Learn why @POTUS donated his salary this quarter to #HHS — and what we’re going to do with it ➡️ https://t.co/3Nbzr8ayBX","http://web.archive.org/*/https://twitter.com/DepSecHargan/status/936365724674744322"
"We visited Mechanicsville, #Virginia yesterday to get a first-hand look at the successful collaboration between… https://t.co/0cXhLbDFzp","http://web.archive.org/*/http://twitter.com/DepSecHargan/status/936627980377436160"
"We visited Mechanicsville, #Virginia yesterday to get a first-hand look at the successful collaboration between… https://t.co/0cXhLbDFzp","http://web.archive.org/*/https://twitter.com/DepSecHargan/status/936627980377436160"
"Joining @SGottliebFDA this morning at @US_FDA HQ to hear an update of all that’s going on at the #FDA and to learn… https://t.co/ZwHiwMEnBo","http://web.archive.org/*/http://twitter.com/DepSecHargan/status/936630610172530688"
"Joining @SGottliebFDA this morning at @US_FDA HQ to hear an update of all that’s going on at the #FDA and to learn… https://t.co/ZwHiwMEnBo","http://web.archive.org/*/https://twitter.com/DepSecHargan/status/936630610172530688"
"I take a deep interest in the #FDA, and will continue to work closely with @SGottliebFDA and the @US_FDA as we work… https://t.co/tpGpt7CvFT","http://web.archive.org/*/http://twitter.com/DepSecHargan/status/936636590566395904"
"I take a deep interest in the #FDA, and will continue to work closely with @SGottliebFDA and the @US_FDA as we work… https://t.co/tpGpt7CvFT","http://web.archive.org/*/https://twitter.com/DepSecHargan/status/936636590566395904"
"Visiting a lab at @US_FDA where they’re working on research for abuse deterrent opioids and how we can best combat… https://t.co/aMAH9i7oz3","http://web.archive.org/*/http://twitter.com/DepSecHargan/status/936644446237716481"
"Visiting a lab at @US_FDA where they’re working on research for abuse deterrent opioids and how we can best combat… https://t.co/aMAH9i7oz3","http://web.archive.org/*/https://twitter.com/DepSecHargan/status/936644446237716481"
".@US_FDA advises it’s not too late to get a flu shot. While at @US_FDA, I was able to visit a lab where they’re wor… https://t.co/gsBF4I3KLV","http://web.archive.org/*/http://twitter.com/DepSecHargan/status/936652995336507392"
".@US_FDA advises it’s not too late to get a flu shot. While at @US_FDA, I was able to visit a lab where they’re wor… https://t.co/gsBF4I3KLV","http://web.archive.org/*/https://twitter.com/DepSecHargan/status/936652995336507392"
"On #WorldAIDSDay, it was great to meet with @US_FDA experts whose efforts have helped PEPFAR respond to AIDS relief… https://t.co/3mEZVAyIB1","http://web.archive.org/*/http://twitter.com/DepSecHargan/status/936665967870070784"
"On #WorldAIDSDay, it was great to meet with @US_FDA experts whose efforts have helped PEPFAR respond to AIDS relief… https://t.co/3mEZVAyIB1","http://web.archive.org/*/https://twitter.com/DepSecHargan/status/936665967870070784"
"Just arrived at @CDCgov in #Atlanta. Looking forward to meeting with @CDCDirector and @SeemaCMS to discuss the… https://t.co/PWOJYU5DIt","http://web.archive.org/*/http://twitter.com/DepSecHargan/status/937689012956991488"
"Just arrived at @CDCgov in #Atlanta. Looking forward to meeting with @CDCDirector and @SeemaCMS to discuss the… https://t.co/PWOJYU5DIt","http://web.archive.org/*/https://twitter.com/DepSecHargan/status/937689012956991488"
"Joining @CDCDirector, @SeemaCMS, and other @HHSGov leaders for a briefing on the Public Health Emergency. https://t.co/aJnt6woh01","http://web.archive.org/*/http://twitter.com/DepSecHargan/status/937694755877683200"
"Joining @CDCDirector, @SeemaCMS, and other @HHSGov leaders for a briefing on the Public Health Emergency. https://t.co/aJnt6woh01","http://web.archive.org/*/https://twitter.com/DepSecHargan/status/937694755877683200"
"Looking forward to briefing the media on the Public Health Emergency with @SeemaCMS and @CDCDirector. Watch live he… https://t.co/tuN5QJ1AOW","http://web.archive.org/*/http://twitter.com/DepSecHargan/status/937714169343823873"
"Looking forward to briefing the media on the Public Health Emergency with @SeemaCMS and @CDCDirector. Watch live he… https://t.co/tuN5QJ1AOW","http://web.archive.org/*/https://twitter.com/DepSecHargan/status/937714169343823873"
"We've developed a 5-point strategy to combat the #opioids crisis. https://t.co/wpMl4QdvJp","http://web.archive.org/*/http://twitter.com/DepSecHargan/status/937718197880573953"
"We've developed a 5-point strategy to combat the #opioids crisis. https://t.co/wpMl4QdvJp","http://web.archive.org/*/https://twitter.com/DepSecHargan/status/937718197880573953"
"In 2017, @HHSGov issued over $700 million in targeted grants to support access to opioid treatment, prevention, and… https://t.co/hMSNj7U0mN","http://web.archive.org/*/http://twitter.com/DepSecHargan/status/937718854796627970"
"In 2017, @HHSGov issued over $700 million in targeted grants to support access to opioid treatment, prevention, and… https://t.co/hMSNj7U0mN","http://web.archive.org/*/https://twitter.com/DepSecHargan/status/937718854796627970"
".@HHSGov is committed to helping ensure lifesaving overdose-reversing drugs and opioid related grants, research and… https://t.co/LEY2g70Y0k","http://web.archive.org/*/http://twitter.com/DepSecHargan/status/937719487712899072"
".@HHSGov is committed to helping ensure lifesaving overdose-reversing drugs and opioid related grants, research and… https://t.co/LEY2g70Y0k","http://web.archive.org/*/https://twitter.com/DepSecHargan/status/937719487712899072"
"We have to understand the #Opioids Epidemic in order to stop it. Using #data, @HHSGov is improving our understandin… https://t.co/rWkOhcLWNx","http://web.archive.org/*/http://twitter.com/DepSecHargan/status/937720365840781312"
"We have to understand the #Opioids Epidemic in order to stop it. Using #data, @HHSGov is improving our understandin… https://t.co/rWkOhcLWNx","http://web.archive.org/*/https://twitter.com/DepSecHargan/status/937720365840781312"
"We need more tools to help us win this fight. @HHSGov is supporting cutting edge research on pain and addiction, in… https://t.co/Rhu7hKwx4Q","http://web.archive.org/*/http://twitter.com/DepSecHargan/status/937721200201039872"
"We need more tools to help us win this fight. @HHSGov is supporting cutting edge research on pain and addiction, in… https://t.co/Rhu7hKwx4Q","http://web.archive.org/*/https://twitter.com/DepSecHargan/status/937721200201039872"
"We must do a better job of treating the real problem of pain in #America. @HHSGov will work to ensure everything we… https://t.co/gMW14kVOdc","http://web.archive.org/*/http://twitter.com/DepSecHargan/status/937722756447301632"
"We must do a better job of treating the real problem of pain in #America. @HHSGov will work to ensure everything we… https://t.co/gMW14kVOdc","http://web.archive.org/*/https://twitter.com/DepSecHargan/status/937722756447301632"
".@SeemaCMS, @CDCDirector and I brainstormed this morning on how @CMSGov and @CDCgov can collaborate to most effecti… https://t.co/HbCZ5NZz8O","http://web.archive.org/*/http://twitter.com/DepSecHargan/status/937725231308959749"
".@SeemaCMS, @CDCDirector and I brainstormed this morning on how @CMSGov and @CDCgov can collaborate to most effecti… https://t.co/HbCZ5NZz8O","http://web.archive.org/*/https://twitter.com/DepSecHargan/status/937725231308959749"
"Visiting the Emergency Operations Center at @CDCgov. Here, they manage and coordinate emergency responses to diseas… https://t.co/ND8x4AU1mI","http://web.archive.org/*/http://twitter.com/DepSecHargan/status/937737164581896192"
"Visiting the Emergency Operations Center at @CDCgov. Here, they manage and coordinate emergency responses to diseas… https://t.co/ND8x4AU1mI","http://web.archive.org/*/https://twitter.com/DepSecHargan/status/937737164581896192"
"RT @CDCemergency: #Opioid overdose deaths are devastating #rural #America. Read more about how rural communities are at risk. https://t.co/…","http://web.archive.org/*/http://twitter.com/DepSecHargan/status/937766913912066051"
"RT @CDCemergency: #Opioid overdose deaths are devastating #rural #America. Read more about how rural communities are at risk. https://t.co/…","http://web.archive.org/*/https://twitter.com/DepSecHargan/status/937766913912066051"
"RT @CDCDirector: The #opioid overdose epidemic is one of the biggest health threats facing the U.S. More Americans are dying each day from…","http://web.archive.org/*/http://twitter.com/DepSecHargan/status/937785694621257729"
"RT @CDCDirector: The #opioid overdose epidemic is one of the biggest health threats facing the U.S. More Americans are dying each day from…","http://web.archive.org/*/https://twitter.com/DepSecHargan/status/937785694621257729"
"RT @HHSMedia: .@dcexaminer: Acting HHS chief: Opioid epidemic is 'the crisis of our time' https://t.co/ilvbieJGSW","http://web.archive.org/*/http://twitter.com/DepSecHargan/status/937798140694024192"
"RT @HHSMedia: .@dcexaminer: Acting HHS chief: Opioid epidemic is 'the crisis of our time' https://t.co/ilvbieJGSW","http://web.archive.org/*/https://twitter.com/DepSecHargan/status/937798140694024192"
"For over a century, scientists at @NIH have paved the way for important discoveries that improve #health and save l… https://t.co/sJM9vyhgz8","http://web.archive.org/*/http://twitter.com/DepSecHargan/status/938149911354322945"
"For over a century, scientists at @NIH have paved the way for important discoveries that improve #health and save l… https://t.co/sJM9vyhgz8","http://web.archive.org/*/https://twitter.com/DepSecHargan/status/938149911354322945"
"RT @HHSCTO: You can follow the HHS Opioid Symposium this morning by watching at: https://t.co/dBDvLr4V7R . Speakers like @DepSecHargan &amp; @S…","http://web.archive.org/*/http://twitter.com/DepSecHargan/status/938409412833800192"
"RT @HHSCTO: You can follow the HHS Opioid Symposium this morning by watching at: https://t.co/dBDvLr4V7R . Speakers like @DepSecHargan &amp; @S…","http://web.archive.org/*/https://twitter.com/DepSecHargan/status/938409412833800192"
"We visited @CDCgov, the eyes and ears of the federal government when it comes to #publichealth. https://t.co/Y76YxQfhmn","http://web.archive.org/*/http://twitter.com/DepSecHargan/status/938476643840032771"
"We visited @CDCgov, the eyes and ears of the federal government when it comes to #publichealth. https://t.co/Y76YxQfhmn","http://web.archive.org/*/https://twitter.com/DepSecHargan/status/938476643840032771"
"It was an honor to kick off @HHSgov’s #DataforOpioids symposium and Code-A-Thon today. We’ve brought together previ… https://t.co/py57ENmVYl","http://web.archive.org/*/http://twitter.com/DepSecHargan/status/938534905943941121"
"It was an honor to kick off @HHSgov’s #DataforOpioids symposium and Code-A-Thon today. We’ve brought together previ… https://t.co/py57ENmVYl","http://web.archive.org/*/https://twitter.com/DepSecHargan/status/938534905943941121"
".@HHSCTO hosted a #DataforOpioids symposium and Code-A-Thon today to harness newly available data to fight the #opioids crisis.","http://web.archive.org/*/http://twitter.com/DepSecHargan/status/938549211355807744"
".@HHSCTO hosted a #DataforOpioids symposium and Code-A-Thon today to harness newly available data to fight the #opioids crisis.","http://web.archive.org/*/https://twitter.com/DepSecHargan/status/938549211355807744"
"Today’s #DataforOpioids symposium and Code-A-Thon is part of a broader effort at @HHSgov to make sure we’re getting… https://t.co/3xCwb9NGHH","http://web.archive.org/*/http://twitter.com/DepSecHargan/status/938570502683193344"
"Today’s #DataforOpioids symposium and Code-A-Thon is part of a broader effort at @HHSgov to make sure we’re getting… https://t.co/3xCwb9NGHH","http://web.archive.org/*/https://twitter.com/DepSecHargan/status/938570502683193344"
"RT @HHSIDEALab: .@DepSecHargan stopped by to meet with the coding teams. Soon we will transition to the judging portion of the Code-a-Thon…","http://web.archive.org/*/http://twitter.com/DepSecHargan/status/938836333212119040"
"RT @HHSIDEALab: .@DepSecHargan stopped by to meet with the coding teams. Soon we will transition to the judging portion of the Code-a-Thon…","http://web.archive.org/*/https://twitter.com/DepSecHargan/status/938836333212119040"
"Thank you for sharing your family’s story, @Surgeon_General. Together, we can implement a comprehensive and effecti… https://t.co/uHXOrLSTBQ","http://web.archive.org/*/http://twitter.com/DepSecHargan/status/938839305681887233"
"Thank you for sharing your family’s story, @Surgeon_General. Together, we can implement a comprehensive and effecti… https://t.co/uHXOrLSTBQ","http://web.archive.org/*/https://twitter.com/DepSecHargan/status/938839305681887233"
"RT @HHSGov: Tune in today at 4:30pm ET to watch @HHSCTO announce the 3 winning teams of the HHS Opioid Code-a-Thon. Watch via Facebook live…","http://web.archive.org/*/http://twitter.com/DepSecHargan/status/938854580758171648"
"RT @HHSGov: Tune in today at 4:30pm ET to watch @HHSCTO announce the 3 winning teams of the HHS Opioid Code-a-Thon. Watch via Facebook live…","http://web.archive.org/*/https://twitter.com/DepSecHargan/status/938854580758171648"
"Great news for the #American people. More #jobs in the economy and more access to healthcare for all Americans.… https://t.co/2oaw1FIIas","http://web.archive.org/*/http://twitter.com/DepSecHargan/status/939271821903441920"
"Great news for the #American people. More #jobs in the economy and more access to healthcare for all Americans.… https://t.co/2oaw1FIIas","http://web.archive.org/*/https://twitter.com/DepSecHargan/status/939271821903441920"
"Combatting the #Opioids Epidemic is a priority for @POTUS &amp; @HHSgov. This morning I’m joining other #HHS leaders to… https://t.co/m4oGhAxpNu","http://web.archive.org/*/http://twitter.com/DepSecHargan/status/940603687805833216"
"Combatting the #Opioids Epidemic is a priority for @POTUS &amp; @HHSgov. This morning I’m joining other #HHS leaders to… https://t.co/m4oGhAxpNu","http://web.archive.org/*/https://twitter.com/DepSecHargan/status/940603687805833216"
"Visiting the @NHCouncil to discuss keeping America's #healthcare system at the cutting edge of innovation and… https://t.co/LOUu2cyfDv","http://web.archive.org/*/http://twitter.com/DepSecHargan/status/940647992465461254"
"Visiting the @NHCouncil to discuss keeping America's #healthcare system at the cutting edge of innovation and… https://t.co/LOUu2cyfDv","http://web.archive.org/*/https://twitter.com/DepSecHargan/status/940647992465461254"
"The stakes for regulatory reform at @HHSGov are huge and are an important cause for every #American. We must be hum… https://t.co/NmuEEFhpvj","http://web.archive.org/*/http://twitter.com/DepSecHargan/status/940650714283552770"
"The stakes for regulatory reform at @HHSGov are huge and are an important cause for every #American. We must be hum… https://t.co/NmuEEFhpvj","http://web.archive.org/*/https://twitter.com/DepSecHargan/status/940650714283552770"
"Healthcare innovation is often shown to drive down costs while improving the quality of care. It is our priority at… https://t.co/ZHI6yvU9zw","http://web.archive.org/*/http://twitter.com/DepSecHargan/status/940652554785931265"
"Healthcare innovation is often shown to drive down costs while improving the quality of care. It is our priority at… https://t.co/ZHI6yvU9zw","http://web.archive.org/*/https://twitter.com/DepSecHargan/status/940652554785931265"
"If we assume Washington knows best, we will serve patients poorly. We at @HHSGov are committed to working together… https://t.co/3k0ahmVlNt","http://web.archive.org/*/http://twitter.com/DepSecHargan/status/940653430825213955"
"If we assume Washington knows best, we will serve patients poorly. We at @HHSGov are committed to working together… https://t.co/3k0ahmVlNt","http://web.archive.org/*/https://twitter.com/DepSecHargan/status/940653430825213955"
"RT @PHEgov: .@DepSecHargan has declared a #PublicHealth Emergency in response to the #CaliforniaWildfires. https://t.co/PW1GpNY767 https://…","http://web.archive.org/*/http://twitter.com/DepSecHargan/status/943174814759571456"
"RT @PHEgov: .@DepSecHargan has declared a #PublicHealth Emergency in response to the #CaliforniaWildfires. https://t.co/PW1GpNY767 https://…","http://web.archive.org/*/https://twitter.com/DepSecHargan/status/943174814759571456"
"This tax reform legislation is a major step toward real healthcare freedom for our country, thanks to its repeal of… https://t.co/3foYQcryAz","http://web.archive.org/*/http://twitter.com/DepSecHargan/status/943598900237209601"
"This tax reform legislation is a major step toward real healthcare freedom for our country, thanks to its repeal of… https://t.co/3foYQcryAz","http://web.archive.org/*/https://twitter.com/DepSecHargan/status/943598900237209601"
"@DepSecHargan The mandate tax fell almost entirely on working class Americans, millions of whom decided that they d… https://t.co/Lto2U828I1","http://web.archive.org/*/http://twitter.com/DepSecHargan/status/943609331156705280"
"@DepSecHargan The mandate tax fell almost entirely on working class Americans, millions of whom decided that they d… https://t.co/Lto2U828I1","http://web.archive.org/*/https://twitter.com/DepSecHargan/status/943609331156705280"
"According to the #IRS, in 2015, more than 6.5 million Americans paid the federal government more than $3 billion un… https://t.co/FXfFCXFEFs","http://web.archive.org/*/http://twitter.com/DepSecHargan/status/943618771754868738"
"According to the #IRS, in 2015, more than 6.5 million Americans paid the federal government more than $3 billion un… https://t.co/FXfFCXFEFs","http://web.archive.org/*/https://twitter.com/DepSecHargan/status/943618771754868738"
"Seventy-nine percent of households who paid the mandate tax in 2015 made less than $50,000.","http://web.archive.org/*/http://twitter.com/DepSecHargan/status/943622146995183617"
"Seventy-nine percent of households who paid the mandate tax in 2015 made less than $50,000.","http://web.archive.org/*/https://twitter.com/DepSecHargan/status/943622146995183617"
"We are committed to our ongoing recovery efforts to support #PuertoRico. I have seen firsthand the outstanding work… https://t.co/GpujBs86CW","http://web.archive.org/*/http://twitter.com/DepSecHargan/status/943633530877304832"
"We are committed to our ongoing recovery efforts to support #PuertoRico. I have seen firsthand the outstanding work… https://t.co/GpujBs86CW","http://web.archive.org/*/https://twitter.com/DepSecHargan/status/943633530877304832"
"RT @Surgeon_General: Today, January 4th, marks 129 years since Congress passed a bill to create the #USPHS #CommissionedCorps.  Thank you f…","http://web.archive.org/*/http://twitter.com/DepSecHargan/status/949028361191477248"
"RT @Surgeon_General: Today, January 4th, marks 129 years since Congress passed a bill to create the #USPHS #CommissionedCorps.  Thank you f…","http://web.archive.org/*/https://twitter.com/DepSecHargan/status/949028361191477248"
"Thanks for having me to discuss such an important topic, and for all the great work your team does. https://t.co/CFIFJ7YB51","http://web.archive.org/*/http://twitter.com/DepSecHargan/status/949301089161109507"
"Thanks for having me to discuss such an important topic, and for all the great work your team does. https://t.co/CFIFJ7YB51","http://web.archive.org/*/https://twitter.com/DepSecHargan/status/949301089161109507"
"RT @SGottliebFDA: Key to new drug development is greater collaboration with patients/patient advocates. New #FDA report details public-priv…","http://web.archive.org/*/http://twitter.com/DepSecHargan/status/951226160045846535"
"RT @SGottliebFDA: Key to new drug development is greater collaboration with patients/patient advocates. New #FDA report details public-priv…","http://web.archive.org/*/https://twitter.com/DepSecHargan/status/951226160045846535"
"Joining @BMore_Healthy Officials with @Surgeon_General this morning to hear firsthand the health challenges facing… https://t.co/sBZ1rFK3ir","http://web.archive.org/*/http://twitter.com/DepSecHargan/status/951828813322833920"
"Joining @BMore_Healthy Officials with @Surgeon_General this morning to hear firsthand the health challenges facing… https://t.co/sBZ1rFK3ir","http://web.archive.org/*/https://twitter.com/DepSecHargan/status/951828813322833920"
"Visiting Healthcare for the Homeless in #Baltimore to hear about the important work they're doing to help make heal… https://t.co/uCkdsW7c1Q","http://web.archive.org/*/http://twitter.com/DepSecHargan/status/951865664997937152"
"Visiting Healthcare for the Homeless in #Baltimore to hear about the important work they're doing to help make heal… https://t.co/uCkdsW7c1Q","http://web.archive.org/*/https://twitter.com/DepSecHargan/status/951865664997937152"
"Rather than dictating from Washington — we're visiting with leaders at @bonsecoursbalt and learning how we can bett… https://t.co/E3xM0OsSsk","http://web.archive.org/*/http://twitter.com/DepSecHargan/status/951911514339987459"
"Rather than dictating from Washington — we're visiting with leaders at @bonsecoursbalt and learning how we can bett… https://t.co/E3xM0OsSsk","http://web.archive.org/*/https://twitter.com/DepSecHargan/status/951911514339987459"
"Thank you for joining us today, @Surgeon_General! https://t.co/zf2Y6cbRaR","http://web.archive.org/*/http://twitter.com/DepSecHargan/status/951974268740538368"
"Thank you for joining us today, @Surgeon_General! https://t.co/zf2Y6cbRaR","http://web.archive.org/*/https://twitter.com/DepSecHargan/status/951974268740538368"
"It was great to have you join us today, Dr. Lin! Thank you! https://t.co/nT2JUkmCbb","http://web.archive.org/*/http://twitter.com/DepSecHargan/status/951974780458192896"
"It was great to have you join us today, Dr. Lin! Thank you! https://t.co/nT2JUkmCbb","http://web.archive.org/*/https://twitter.com/DepSecHargan/status/951974780458192896"
"RT @HHSGov: #MLKDay is all about service. @DepSecHargan and @Surgeon_General spent some time with @BMore_Healthy officials and local #Balti…","http://web.archive.org/*/http://twitter.com/DepSecHargan/status/952916281761640448"
"RT @HHSGov: #MLKDay is all about service. @DepSecHargan and @Surgeon_General spent some time with @BMore_Healthy officials and local #Balti…","http://web.archive.org/*/https://twitter.com/DepSecHargan/status/952916281761640448"
"RT @TheJusticeDept: Attorney General Issues Religious Freedom Day Proclamation https://t.co/gRU6Yc5WgB","http://web.archive.org/*/http://twitter.com/DepSecHargan/status/953402986704834561"
"RT @TheJusticeDept: Attorney General Issues Religious Freedom Day Proclamation https://t.co/gRU6Yc5WgB","http://web.archive.org/*/https://twitter.com/DepSecHargan/status/953402986704834561"
"Jean Bennett of @SAMHSA understands that behavioral health IS health, and we're proud to shine the spotlight on her… https://t.co/xYV6T2jdVA","http://web.archive.org/*/http://twitter.com/DepSecHargan/status/953660226061897728"
"Jean Bennett of @SAMHSA understands that behavioral health IS health, and we're proud to shine the spotlight on her… https://t.co/xYV6T2jdVA","http://web.archive.org/*/https://twitter.com/DepSecHargan/status/953660226061897728"
"Happening now! We're announcing a new office at @HHSGov — the Conscience and Religious Freedom Division. Watch live… https://t.co/GkvA9z1Fp4","http://web.archive.org/*/http://twitter.com/DepSecHargan/status/954020879155032064"
"Happening now! We're announcing a new office at @HHSGov — the Conscience and Religious Freedom Division. Watch live… https://t.co/GkvA9z1Fp4","http://web.archive.org/*/https://twitter.com/DepSecHargan/status/954020879155032064"
".@POTUS promised the #American people that his administration would vigorously uphold the rights of conscience and… https://t.co/mou56vgmrD","http://web.archive.org/*/http://twitter.com/DepSecHargan/status/954022666561904640"
".@POTUS promised the #American people that his administration would vigorously uphold the rights of conscience and… https://t.co/mou56vgmrD","http://web.archive.org/*/https://twitter.com/DepSecHargan/status/954022666561904640"
"We are taking a significant step to protect the American tradition of religious liberty and live up to our constitu… https://t.co/KOYA2zlDci","http://web.archive.org/*/http://twitter.com/DepSecHargan/status/954057680234086402"
"We are taking a significant step to protect the American tradition of religious liberty and live up to our constitu… https://t.co/KOYA2zlDci","http://web.archive.org/*/https://twitter.com/DepSecHargan/status/954057680234086402"
"RT @GOPLeader: If we don’t preserve the freedom of all people to live in accordance with their faith, our unity as a nation is lost. But if…","http://web.archive.org/*/http://twitter.com/DepSecHargan/status/954078187272724480"
"RT @GOPLeader: If we don’t preserve the freedom of all people to live in accordance with their faith, our unity as a nation is lost. But if…","http://web.archive.org/*/https://twitter.com/DepSecHargan/status/954078187272724480"
"RT @HHSMedia: NEWS: Read @DepSecHargan's remarks to January 2018 Secretary’s Tribal Advisory Committee Meeting https://t.co/wubOKgt8on","http://web.archive.org/*/http://twitter.com/DepSecHargan/status/954158512464068609"
"RT @HHSMedia: NEWS: Read @DepSecHargan's remarks to January 2018 Secretary’s Tribal Advisory Committee Meeting https://t.co/wubOKgt8on","http://web.archive.org/*/https://twitter.com/DepSecHargan/status/954158512464068609"
"Thanks for having me this morning to discuss such an important topic! https://t.co/Vb9xcKI4vN","http://web.archive.org/*/http://twitter.com/DepSecHargan/status/954158878450683904"
"Thanks for having me this morning to discuss such an important topic! https://t.co/Vb9xcKI4vN","http://web.archive.org/*/https://twitter.com/DepSecHargan/status/954158878450683904"
"Here at @HHSgov, we're taking action to protect life and the conscience rights of Americans https://t.co/ZKelAmewTI https://t.co/mJyPB6heep","http://web.archive.org/*/http://twitter.com/DepSecHargan/status/954419254497079296"
"Here at @HHSgov, we're taking action to protect life and the conscience rights of Americans https://t.co/ZKelAmewTI https://t.co/mJyPB6heep","http://web.archive.org/*/https://twitter.com/DepSecHargan/status/954419254497079296"
"After the government shutdown, I wanted to welcome back our employees returning to work this morning, and thank the… https://t.co/E4JWxWtn1a","http://web.archive.org/*/http://twitter.com/DepSecHargan/status/955855716467736577"
"After the government shutdown, I wanted to welcome back our employees returning to work this morning, and thank the… https://t.co/E4JWxWtn1a","http://web.archive.org/*/https://twitter.com/DepSecHargan/status/955855716467736577"
"Great to be with @GovMattBevin today in #Kentucky to hear how we can better work together as a team to address Amer… https://t.co/QQM5olGUfU","http://web.archive.org/*/http://twitter.com/DepSecHargan/status/956237006568394753"
"Great to be with @GovMattBevin today in #Kentucky to hear how we can better work together as a team to address Amer… https://t.co/QQM5olGUfU","http://web.archive.org/*/https://twitter.com/DepSecHargan/status/956237006568394753"
"RT @GovMattBevin: Glad to have @DepSecHargan in Kentucky today, discussing #KentuckyHEALTH and community engagement https://t.co/lkDZ3qtu3F","http://web.archive.org/*/http://twitter.com/DepSecHargan/status/956250386138058752"
"RT @GovMattBevin: Glad to have @DepSecHargan in Kentucky today, discussing #KentuckyHEALTH and community engagement https://t.co/lkDZ3qtu3F","http://web.archive.org/*/https://twitter.com/DepSecHargan/status/956250386138058752"
"States know their own populations and their own needs best. Here in #Kentucky, @GovMattBevin and his team have a ne… https://t.co/432Z6mroeA","http://web.archive.org/*/http://twitter.com/DepSecHargan/status/956264095799562243"
"States know their own populations and their own needs best. Here in #Kentucky, @GovMattBevin and his team have a ne… https://t.co/432Z6mroeA","http://web.archive.org/*/https://twitter.com/DepSecHargan/status/956264095799562243"
"For many Americans who are struggling, a health insurance card is not the only answer. At @HHSGov, we were eager to… https://t.co/GMVQjHIQYD","http://web.archive.org/*/http://twitter.com/DepSecHargan/status/956264357452795904"
"For many Americans who are struggling, a health insurance card is not the only answer. At @HHSGov, we were eager to… https://t.co/GMVQjHIQYD","http://web.archive.org/*/https://twitter.com/DepSecHargan/status/956264357452795904"
"We believe #Medicaid can become a pathway out of poverty. Encouraging enrollees to find work or get involved in job… https://t.co/K2ZRQNta3G","http://web.archive.org/*/http://twitter.com/DepSecHargan/status/956264939567697920"
"We believe #Medicaid can become a pathway out of poverty. Encouraging enrollees to find work or get involved in job… https://t.co/K2ZRQNta3G","http://web.archive.org/*/https://twitter.com/DepSecHargan/status/956264939567697920"
"2017 was a year of great accomplishment at @HHSGov. I'm proud of all we achieved for the American people.… https://t.co/MIsI0xVjQC","http://web.archive.org/*/http://twitter.com/DepSecHargan/status/956899690452307968"
"2017 was a year of great accomplishment at @HHSGov. I'm proud of all we achieved for the American people.… https://t.co/MIsI0xVjQC","http://web.archive.org/*/https://twitter.com/DepSecHargan/status/956899690452307968"
"Proud to welcome my friend @SecAzar back to #HHS https://t.co/0EpVOKQ2w9","http://web.archive.org/*/http://twitter.com/DepSecHargan/status/958098765080080384"
"Proud to welcome my friend @SecAzar back to #HHS https://t.co/0EpVOKQ2w9","http://web.archive.org/*/https://twitter.com/DepSecHargan/status/958098765080080384"
"RT @HHSGov: Follow #HHS on the @rpublicservice Instagram account on 1/31 to see why HHS was named one of the #BestPlacestoWork in the feder…","http://web.archive.org/*/http://twitter.com/DepSecHargan/status/958399801745387520"
"RT @HHSGov: Follow #HHS on the @rpublicservice Instagram account on 1/31 to see why HHS was named one of the #BestPlacestoWork in the feder…","http://web.archive.org/*/https://twitter.com/DepSecHargan/status/958399801745387520"
"RT @SecAzar: I met with my leadership team to be briefed on some of the important initiatives under way at our Operating and Staff Division…","http://web.archive.org/*/http://twitter.com/DepSecHargan/status/958437112021430273"
"RT @SecAzar: I met with my leadership team to be briefed on some of the important initiatives under way at our Operating and Staff Division…","http://web.archive.org/*/https://twitter.com/DepSecHargan/status/958437112021430273"
"RT @PHEgov: As @POTUS delivers the #SOTU,  members of the National Disaster Medical System (NDMS) will stand ready  to respond in the unlik…","http://web.archive.org/*/http://twitter.com/DepSecHargan/status/958474838116569088"
"RT @PHEgov: As @POTUS delivers the #SOTU,  members of the National Disaster Medical System (NDMS) will stand ready  to respond in the unlik…","http://web.archive.org/*/https://twitter.com/DepSecHargan/status/958474838116569088"
"RT @WhiteHouse: ""My Administration is committed to fighting the drug epidemic and helping get treatment for those in need."" #SOTU https://t…","http://web.archive.org/*/http://twitter.com/DepSecHargan/status/958546110804627456"
"RT @WhiteHouse: ""My Administration is committed to fighting the drug epidemic and helping get treatment for those in need."" #SOTU https://t…","http://web.archive.org/*/https://twitter.com/DepSecHargan/status/958546110804627456"
".@POTUS deserves tremendous credit for his leadership in addressing the #opioids crisis that’s hitting communities all across America.","http://web.archive.org/*/http://twitter.com/DepSecHargan/status/958546500405153792"
".@POTUS deserves tremendous credit for his leadership in addressing the #opioids crisis that’s hitting communities all across America.","http://web.archive.org/*/https://twitter.com/DepSecHargan/status/958546500405153792"
"RT @SecAzar: We unveiled a comprehensive five-point strategy, encompassing better treatment, prevention, and recovery services; better targ…","http://web.archive.org/*/http://twitter.com/DepSecHargan/status/958549929085030401"
"RT @SecAzar: We unveiled a comprehensive five-point strategy, encompassing better treatment, prevention, and recovery services; better targ…","http://web.archive.org/*/https://twitter.com/DepSecHargan/status/958549929085030401"
"RT @HHSGov: Earlier tonight, @POTUS recognized Ryan Holets, a police officer from Albuquerque, #NewMexico. Ryan and his wife adopted a baby…","http://web.archive.org/*/http://twitter.com/DepSecHargan/status/958568704555585541"
"RT @HHSGov: Earlier tonight, @POTUS recognized Ryan Holets, a police officer from Albuquerque, #NewMexico. Ryan and his wife adopted a baby…","http://web.archive.org/*/https://twitter.com/DepSecHargan/status/958568704555585541"
"This morning, I'm honored to join Dr. @CarissaEtienne for her re-inauguration as @pahowho Director and @WHO Regiona… https://t.co/B5gyTPGK4j","http://web.archive.org/*/http://twitter.com/DepSecHargan/status/959097470902038530"
"This morning, I'm honored to join Dr. @CarissaEtienne for her re-inauguration as @pahowho Director and @WHO Regiona… https://t.co/B5gyTPGK4j","http://web.archive.org/*/https://twitter.com/DepSecHargan/status/959097470902038530"
"Dangerous pathogens don't know borders. Today, the collaboration between @HHSGov and @pahowho is more important tha… https://t.co/VoSanP5hPU","http://web.archive.org/*/http://twitter.com/DepSecHargan/status/959099883352453120"
"Dangerous pathogens don't know borders. Today, the collaboration between @HHSGov and @pahowho is more important tha… https://t.co/VoSanP5hPU","http://web.archive.org/*/https://twitter.com/DepSecHargan/status/959099883352453120"
"The U.S. commends @pahowho's commitment to helping countries in our region strengthen their abilities to detect/res… https://t.co/rE2jLAXp1c","http://web.archive.org/*/http://twitter.com/DepSecHargan/status/959100978090926081"
"The U.S. commends @pahowho's commitment to helping countries in our region strengthen their abilities to detect/res… https://t.co/rE2jLAXp1c","http://web.archive.org/*/https://twitter.com/DepSecHargan/status/959100978090926081"
"RT @SGottliebFDA: We’re proud of FDA’s efforts to spark drug competition – as @POTUS said last night; 1,000+ generic drugs were approved in…","http://web.archive.org/*/http://twitter.com/DepSecHargan/status/959147580239233024"
"RT @SGottliebFDA: We’re proud of FDA’s efforts to spark drug competition – as @POTUS said last night; 1,000+ generic drugs were approved in…","http://web.archive.org/*/https://twitter.com/DepSecHargan/status/959147580239233024"
"RT @HHSGov: Looking for a little inspiration for maintaining a ❤️ healthy lifestyle? Follow #HealthyHeart all month long to see how #HHS ce…","http://web.archive.org/*/http://twitter.com/DepSecHargan/status/959147733859930115"
"RT @HHSGov: Looking for a little inspiration for maintaining a ❤️ healthy lifestyle? Follow #HealthyHeart all month long to see how #HHS ce…","http://web.archive.org/*/https://twitter.com/DepSecHargan/status/959147733859930115"
"This morning, I had the honor of swearing in Matthew Bassett as our new @HHSGov Assistant Secretary for Legislation… https://t.co/QiME0EIsx2","http://web.archive.org/*/http://twitter.com/DepSecHargan/status/960563670437769216"
"This morning, I had the honor of swearing in Matthew Bassett as our new @HHSGov Assistant Secretary for Legislation… https://t.co/QiME0EIsx2","http://web.archive.org/*/https://twitter.com/DepSecHargan/status/960563670437769216"
"RT @HHSIDEALab: Follow #HHSstartupday for updates during today's event. Learn more about HHS Startup Day here: https://t.co/Lf8DY68Do3 http…","http://web.archive.org/*/http://twitter.com/DepSecHargan/status/960571488062656513"
"RT @HHSIDEALab: Follow #HHSstartupday for updates during today's event. Learn more about HHS Startup Day here: https://t.co/Lf8DY68Do3 http…","http://web.archive.org/*/https://twitter.com/DepSecHargan/status/960571488062656513"
"RT @samhsagov: Tune in at 3PM ET to watch the Assistant Secretary for Mental Health and Substance Use, Dr. Elinore McCance-Katz deliver  SA…","http://web.archive.org/*/http://twitter.com/DepSecHargan/status/960609683496194048"
"RT @samhsagov: Tune in at 3PM ET to watch the Assistant Secretary for Mental Health and Substance Use, Dr. Elinore McCance-Katz deliver  SA…","http://web.archive.org/*/https://twitter.com/DepSecHargan/status/960609683496194048"
"RT @SecAzar: I received a #flu briefing from Acting @CDCDirector Anne Schuchat, @NIAIDNews Director Anthony Fauci, and @PHEgov Asst Sec for…","http://web.archive.org/*/http://twitter.com/DepSecHargan/status/961640693499400194"
"RT @SecAzar: I received a #flu briefing from Acting @CDCDirector Anne Schuchat, @NIAIDNews Director Anthony Fauci, and @PHEgov Asst Sec for…","http://web.archive.org/*/https://twitter.com/DepSecHargan/status/961640693499400194"
"Great to be at the @AccessibleMeds annual conference talking about our work to lower #DrugPrices. https://t.co/8wd7HXArwc","http://web.archive.org/*/http://twitter.com/DepSecHargan/status/963128357289365505"
"Great to be at the @AccessibleMeds annual conference talking about our work to lower #DrugPrices. https://t.co/8wd7HXArwc","http://web.archive.org/*/https://twitter.com/DepSecHargan/status/963128357289365505"
"Let’s work together to get safe, effective, and affordable medicines out of their labs and into the hands of patients.","http://web.archive.org/*/http://twitter.com/DepSecHargan/status/963129624111788032"
"Let’s work together to get safe, effective, and affordable medicines out of their labs and into the hands of patients.","http://web.archive.org/*/https://twitter.com/DepSecHargan/status/963129624111788032"
"We must aim to keep costs down in a way that still protects the crucial incentives that drive #innovation and serve the individual patient.","http://web.archive.org/*/http://twitter.com/DepSecHargan/status/963130524700233734"
"We must aim to keep costs down in a way that still protects the crucial incentives that drive #innovation and serve the individual patient.","http://web.archive.org/*/https://twitter.com/DepSecHargan/status/963130524700233734"
".@POTUS and @SecAzar understand competition and its unique ability to drive down prices in #healthcare","http://web.archive.org/*/http://twitter.com/DepSecHargan/status/963131104197795846"
".@POTUS and @SecAzar understand competition and its unique ability to drive down prices in #healthcare","http://web.archive.org/*/https://twitter.com/DepSecHargan/status/963131104197795846"
"Today’s @WhiteHouse budget announcement reflects this administration's commitment to promoting competition in the #healthcare sector.","http://web.archive.org/*/http://twitter.com/DepSecHargan/status/963132445393588224"
"Today’s @WhiteHouse budget announcement reflects this administration's commitment to promoting competition in the #healthcare sector.","http://web.archive.org/*/https://twitter.com/DepSecHargan/status/963132445393588224"
"RT @HHSOCR: Consequences for #HIPAA violations don’t stop when a business closes. Read about our latest settlement: https://t.co/caQ82ELB8g","http://web.archive.org/*/http://twitter.com/DepSecHargan/status/963513803764678656"
"RT @HHSOCR: Consequences for #HIPAA violations don’t stop when a business closes. Read about our latest settlement: https://t.co/caQ82ELB8g","http://web.archive.org/*/https://twitter.com/DepSecHargan/status/963513803764678656"
"RT @Surgeon_General: Addiction touches all of us. I personally know because my family has been touched by the #opioid epidemic. #Support4Re…","http://web.archive.org/*/http://twitter.com/DepSecHargan/status/963791630439473152"
"RT @Surgeon_General: Addiction touches all of us. I personally know because my family has been touched by the #opioid epidemic. #Support4Re…","http://web.archive.org/*/https://twitter.com/DepSecHargan/status/963791630439473152"
"RT @PHEgov: As Puerto Rico continues to recover from Hurricanes Irma and Maria, @HHSgov recovery experts work as a team to address a wide v…","http://web.archive.org/*/http://twitter.com/DepSecHargan/status/963804989805203456"
"RT @PHEgov: As Puerto Rico continues to recover from Hurricanes Irma and Maria, @HHSgov recovery experts work as a team to address a wide v…","http://web.archive.org/*/https://twitter.com/DepSecHargan/status/963804989805203456"
"RT @TheChildrensInn: We are so excited to welcome @FLOTUS and @NIHDirector to The Children's Inn @nih tomorrow for a #ValentinesDay party w…","http://web.archive.org/*/http://twitter.com/DepSecHargan/status/963827634139430917"
"RT @TheChildrensInn: We are so excited to welcome @FLOTUS and @NIHDirector to The Children's Inn @nih tomorrow for a #ValentinesDay party w…","http://web.archive.org/*/https://twitter.com/DepSecHargan/status/963827634139430917"
"RT @HHSGov: It’s normal to feel grief &amp; sadness after the traumatic events in #Parkland, #Florida. If you need to talk, @distressline offer…","http://web.archive.org/*/http://twitter.com/DepSecHargan/status/964225677145919488"
"RT @HHSGov: It’s normal to feel grief &amp; sadness after the traumatic events in #Parkland, #Florida. If you need to talk, @distressline offer…","http://web.archive.org/*/https://twitter.com/DepSecHargan/status/964225677145919488"
"RT @HHSMedia: HAPPENING NOW: HHS @SecAzar and the nation's top public health officials hold a press briefing on the current state of the #f…","http://web.archive.org/*/http://twitter.com/DepSecHargan/status/964255159542001664"
"RT @HHSMedia: HAPPENING NOW: HHS @SecAzar and the nation's top public health officials hold a press briefing on the current state of the #f…","http://web.archive.org/*/https://twitter.com/DepSecHargan/status/964255159542001664"
"It was an honor to swear in Dr. Brett Giroir as our new Assistant Secretary for @HHS_Health https://t.co/jPYRLWc1WD https://t.co/ICl36lHzV5","http://web.archive.org/*/http://twitter.com/DepSecHargan/status/964529809891184641"
"It was an honor to swear in Dr. Brett Giroir as our new Assistant Secretary for @HHS_Health https://t.co/jPYRLWc1WD https://t.co/ICl36lHzV5","http://web.archive.org/*/https://twitter.com/DepSecHargan/status/964529809891184641"
"RT @HHSGov: .@hhsgov, @usdol, @ustreasury issue proposed rule to expand availability of short-term, limited-duration health insurance https…","http://web.archive.org/*/http://twitter.com/DepSecHargan/status/965954983031181314"
"RT @HHSGov: .@hhsgov, @usdol, @ustreasury issue proposed rule to expand availability of short-term, limited-duration health insurance https…","http://web.archive.org/*/https://twitter.com/DepSecHargan/status/965954983031181314"
"I spoke with @GovMaryFallin @IAGovernor and @BillHaslam today about our new proposed rule to expand availability of… https://t.co/8xIaBly4vE","http://web.archive.org/*/http://twitter.com/DepSecHargan/status/966000263134924800"
"I spoke with @GovMaryFallin @IAGovernor and @BillHaslam today about our new proposed rule to expand availability of… https://t.co/8xIaBly4vE","http://web.archive.org/*/https://twitter.com/DepSecHargan/status/966000263134924800"
"I joined the @davidwebbshow this morning to discuss our new proposal to open up access to #Obamacare #relief plans. Thanks for having me on.","http://web.archive.org/*/http://twitter.com/DepSecHargan/status/966013330166042628"
"I joined the @davidwebbshow this morning to discuss our new proposal to open up access to #Obamacare #relief plans. Thanks for having me on.","http://web.archive.org/*/https://twitter.com/DepSecHargan/status/966013330166042628"
"RT @SecAzar: The #healthcare status quo is failing too many Americans who face skyrocketing costs and fewer and fewer choices.","http://web.archive.org/*/http://twitter.com/DepSecHargan/status/966069067475030016"
"RT @SecAzar: The #healthcare status quo is failing too many Americans who face skyrocketing costs and fewer and fewer choices.","http://web.archive.org/*/https://twitter.com/DepSecHargan/status/966069067475030016"
"I'll be on the @LarsLarsonShow in a few minutes to discuss our proposed rule on short-term, flexible insurance plans.","http://web.archive.org/*/http://twitter.com/DepSecHargan/status/966093833678348289"
"I'll be on the @LarsLarsonShow in a few minutes to discuss our proposed rule on short-term, flexible insurance plans.","http://web.archive.org/*/https://twitter.com/DepSecHargan/status/966093833678348289"
"Last week, I visited Florida with other @HHSGov officials to thank many of those who responded in the aftermath of… https://t.co/jf7jvjCjfS","http://web.archive.org/*/http://twitter.com/DepSecHargan/status/968471785325891585"
"Last week, I visited Florida with other @HHSGov officials to thank many of those who responded in the aftermath of… https://t.co/jf7jvjCjfS","http://web.archive.org/*/https://twitter.com/DepSecHargan/status/968471785325891585"
"RT @SGottliebFDA: #FDA is committed to the vision outlined by @SecAzar and @HHSGov efforts to advance access to safe and effective treatmen…","http://web.archive.org/*/http://twitter.com/DepSecHargan/status/968474671254515712"
"RT @SGottliebFDA: #FDA is committed to the vision outlined by @SecAzar and @HHSGov efforts to advance access to safe and effective treatmen…","http://web.archive.org/*/https://twitter.com/DepSecHargan/status/968474671254515712"
"RT @HHSRegion9: Special thanks to @DepSecHargan for taking the time to meet with @HHSRegion9, @samhsagov, @HRSAgov, @CMSGov &amp; #OASH staff y…","http://web.archive.org/*/http://twitter.com/DepSecHargan/status/973560372086140929"
"RT @HHSRegion9: Special thanks to @DepSecHargan for taking the time to meet with @HHSRegion9, @samhsagov, @HRSAgov, @CMSGov &amp; #OASH staff y…","http://web.archive.org/*/https://twitter.com/DepSecHargan/status/973560372086140929"
"Thank you for hosting me @nemssf. It was an honor to learn about your focus on Mental Health and Substance Abuse Se… https://t.co/rgBrwCMge3","http://web.archive.org/*/http://twitter.com/DepSecHargan/status/973565436502650880"
"Thank you for hosting me @nemssf. It was an honor to learn about your focus on Mental Health and Substance Abuse Se… https://t.co/rgBrwCMge3","http://web.archive.org/*/https://twitter.com/DepSecHargan/status/973565436502650880"
"RT @Surgeon_General: The @WhiteHouse is working to strengthen vulnerable families and communities, and working to build and grow a stronger…","http://web.archive.org/*/http://twitter.com/DepSecHargan/status/973689355633135617"
"RT @Surgeon_General: The @WhiteHouse is working to strengthen vulnerable families and communities, and working to build and grow a stronger…","http://web.archive.org/*/https://twitter.com/DepSecHargan/status/973689355633135617"
"A few weeks ago I had the pleasure of thanking the @FIU staff for opening their doors to hundreds of people in need… https://t.co/xBdnXiUZH0","http://web.archive.org/*/http://twitter.com/DepSecHargan/status/973706157348057088"
"A few weeks ago I had the pleasure of thanking the @FIU staff for opening their doors to hundreds of people in need… https://t.co/xBdnXiUZH0","http://web.archive.org/*/https://twitter.com/DepSecHargan/status/973706157348057088"
"RT @DeptSaludPR: AHORA-El Secretario de Salud, Dr.Rafael Rodriguez Mercado se reune con el Subsecretario de Salud federal, Eric Hargan, sob…","http://web.archive.org/*/http://twitter.com/DepSecHargan/status/973981381528301576"
"RT @DeptSaludPR: AHORA-El Secretario de Salud, Dr.Rafael Rodriguez Mercado se reune con el Subsecretario de Salud federal, Eric Hargan, sob…","http://web.archive.org/*/https://twitter.com/DepSecHargan/status/973981381528301576"
"I met with our HHS experts at the San Juan JFO as we continue to work with our partners in Puerto Rico such as… https://t.co/1vbjQ3y5Ep","http://web.archive.org/*/http://twitter.com/DepSecHargan/status/973990200551583751"
"I met with our HHS experts at the San Juan JFO as we continue to work with our partners in Puerto Rico such as… https://t.co/1vbjQ3y5Ep","http://web.archive.org/*/https://twitter.com/DepSecHargan/status/973990200551583751"
"#HHS personnel cared for over 36,000 patients after Hurricanes Harvey, Nate, Irma &amp; Maria. The Trump Administration… https://t.co/XfUdkcNjxJ","http://web.archive.org/*/http://twitter.com/DepSecHargan/status/973994810930540545"
"#HHS personnel cared for over 36,000 patients after Hurricanes Harvey, Nate, Irma &amp; Maria. The Trump Administration… https://t.co/XfUdkcNjxJ","http://web.archive.org/*/https://twitter.com/DepSecHargan/status/973994810930540545"
"It was great to hear from our FDA team in San Juan about their efforts to aid #MariaRecovery operations. @US_FDA &amp;… https://t.co/4l9TW7gfbP","http://web.archive.org/*/http://twitter.com/DepSecHargan/status/974023585793638400"
"It was great to hear from our FDA team in San Juan about their efforts to aid #MariaRecovery operations. @US_FDA &amp;… https://t.co/4l9TW7gfbP","http://web.archive.org/*/https://twitter.com/DepSecHargan/status/974023585793638400"
"RT @SGottliebFDA: The @US_FDA is deeply grateful for the visit today from @DepSecHargan Eric Hargan to our San Juan office and his substant…","http://web.archive.org/*/http://twitter.com/DepSecHargan/status/974028789050216449"
"RT @SGottliebFDA: The @US_FDA is deeply grateful for the visit today from @DepSecHargan Eric Hargan to our San Juan office and his substant…","http://web.archive.org/*/https://twitter.com/DepSecHargan/status/974028789050216449"
"Met with our #HHS team today at the San Juan JFO to get an update on the #MariaRecovery. We have made great progres… https://t.co/QGRJiSvO23","http://web.archive.org/*/http://twitter.com/DepSecHargan/status/974040662613118980"
"Met with our #HHS team today at the San Juan JFO to get an update on the #MariaRecovery. We have made great progres… https://t.co/QGRJiSvO23","http://web.archive.org/*/https://twitter.com/DepSecHargan/status/974040662613118980"
"Had an insightful conversation with CMS employee Marina Diaz today. Thank you Marina for your work and perspective… https://t.co/7b2X1zPlbp","http://web.archive.org/*/http://twitter.com/DepSecHargan/status/974044097722961920"
"Had an insightful conversation with CMS employee Marina Diaz today. Thank you Marina for your work and perspective… https://t.co/7b2X1zPlbp","http://web.archive.org/*/https://twitter.com/DepSecHargan/status/974044097722961920"
"CDC has partnered with #PuertoRico officials to hold nearly 200 vaccination clinics in the aftermath of Hurricane M… https://t.co/CzCruh9S6A","http://web.archive.org/*/http://twitter.com/DepSecHargan/status/974054474242314240"
"CDC has partnered with #PuertoRico officials to hold nearly 200 vaccination clinics in the aftermath of Hurricane M… https://t.co/CzCruh9S6A","http://web.archive.org/*/https://twitter.com/DepSecHargan/status/974054474242314240"
"Seniors and those with disabilities are among those most affected by Hurricanes. Their needs must be considered in… https://t.co/0N2my4EDoD","http://web.archive.org/*/http://twitter.com/DepSecHargan/status/974404649380966400"
"Seniors and those with disabilities are among those most affected by Hurricanes. Their needs must be considered in… https://t.co/0N2my4EDoD","http://web.archive.org/*/https://twitter.com/DepSecHargan/status/974404649380966400"
"RT @HHSMedia: Read the highlights from @DepSecHargan 's trip to #PuertoRico yesterday. Earlier this week, @SecAzar renewed the #PublicHealt…","http://web.archive.org/*/http://twitter.com/DepSecHargan/status/974417261510516736"
"RT @HHSMedia: Read the highlights from @DepSecHargan 's trip to #PuertoRico yesterday. Earlier this week, @SecAzar renewed the #PublicHealt…","http://web.archive.org/*/https://twitter.com/DepSecHargan/status/974417261510516736"
"RT @HHSGov: It's been nearly six months since #HurricaneMaria made landfall in #PuertoRico and #USVI. https://t.co/fTVZL3s3KW","http://web.archive.org/*/http://twitter.com/DepSecHargan/status/974667500435787776"
"RT @HHSGov: It's been nearly six months since #HurricaneMaria made landfall in #PuertoRico and #USVI. https://t.co/fTVZL3s3KW","http://web.archive.org/*/https://twitter.com/DepSecHargan/status/974667500435787776"
"RT @WhiteHouse: President Trump’s Initiative to Stop Opioids Abuse and Reduce Drug Supply and Demand will confront the driving forces behin…","http://web.archive.org/*/http://twitter.com/DepSecHargan/status/976116535197618176"
"RT @WhiteHouse: President Trump’s Initiative to Stop Opioids Abuse and Reduce Drug Supply and Demand will confront the driving forces behin…","http://web.archive.org/*/https://twitter.com/DepSecHargan/status/976116535197618176"
"RT @SecAzar: #HHS has #opioids prevention, treatment, &amp; recovery resources available online. Visit https://t.co/QOHif6QDrb for more informa…","http://web.archive.org/*/http://twitter.com/DepSecHargan/status/976117205829062656"
"RT @SecAzar: #HHS has #opioids prevention, treatment, &amp; recovery resources available online. Visit https://t.co/QOHif6QDrb for more informa…","http://web.archive.org/*/https://twitter.com/DepSecHargan/status/976117205829062656"
"RT @PaulFarrowWi: #BreakingNews - Tomorrow @HHSGov @DepSecHargan and @RebeccaforReal will visit #Waukesha Co to meet with local leaders. We…","http://web.archive.org/*/http://twitter.com/DepSecHargan/status/976138741717880832"
"RT @PaulFarrowWi: #BreakingNews - Tomorrow @HHSGov @DepSecHargan and @RebeccaforReal will visit #Waukesha Co to meet with local leaders. We…","http://web.archive.org/*/https://twitter.com/DepSecHargan/status/976138741717880832"
"It was an honor to join @SecretaryPerry for the Swearing-In Ceremony of the Sixteenth Assistant Secretary for Healt… https://t.co/NvKX1UzU2z","http://web.archive.org/*/http://twitter.com/DepSecHargan/status/976155817891201025"
"It was an honor to join @SecretaryPerry for the Swearing-In Ceremony of the Sixteenth Assistant Secretary for Healt… https://t.co/NvKX1UzU2z","http://web.archive.org/*/https://twitter.com/DepSecHargan/status/976155817891201025"
"Today I'm visiting local &amp; state officials in #Illinois &amp; #Wisconsin to discuss how we can work together to combat… https://t.co/8bPYaLrCAy","http://web.archive.org/*/http://twitter.com/DepSecHargan/status/976503073966383104"
"Today I'm visiting local &amp; state officials in #Illinois &amp; #Wisconsin to discuss how we can work together to combat… https://t.co/8bPYaLrCAy","http://web.archive.org/*/https://twitter.com/DepSecHargan/status/976503073966383104"
"Thanks to a @samhsagov grant @DuPageCounty (IL) has trained and supplied their law enforcement with life-saving nal… https://t.co/mPRlwpzYL2","http://web.archive.org/*/http://twitter.com/DepSecHargan/status/976536569833312256"
"Thanks to a @samhsagov grant @DuPageCounty (IL) has trained and supplied their law enforcement with life-saving nal… https://t.co/mPRlwpzYL2","http://web.archive.org/*/https://twitter.com/DepSecHargan/status/976536569833312256"
"Thank you @GovWalker, @LtGovKleefisch, @PaulFarrowWi, @DHSWI and all of our #Wisconsin partners who have made great… https://t.co/YpDg27cGa3","http://web.archive.org/*/http://twitter.com/DepSecHargan/status/976832232357859329"
"Thank you @GovWalker, @LtGovKleefisch, @PaulFarrowWi, @DHSWI and all of our #Wisconsin partners who have made great… https://t.co/YpDg27cGa3","http://web.archive.org/*/https://twitter.com/DepSecHargan/status/976832232357859329"
"RT @Aurora_Health: Thanks to @DepSecHargan for visiting Aurora Health Care today to talk about combatting the #OpioidEpidemic and accelerat…","http://web.archive.org/*/http://twitter.com/DepSecHargan/status/976882904654581760"
"RT @Aurora_Health: Thanks to @DepSecHargan for visiting Aurora Health Care today to talk about combatting the #OpioidEpidemic and accelerat…","http://web.archive.org/*/https://twitter.com/DepSecHargan/status/976882904654581760"
"RT @HHSRegion7: Will Brady, Associate Deputy Secretary, @HHSGov discussing ReImagine HHS as feds in action at the Kansas City PMA townhall…","http://web.archive.org/*/http://twitter.com/DepSecHargan/status/976901640228950021"
"RT @HHSRegion7: Will Brady, Associate Deputy Secretary, @HHSGov discussing ReImagine HHS as feds in action at the Kansas City PMA townhall…","http://web.archive.org/*/https://twitter.com/DepSecHargan/status/976901640228950021"
"RT @SecretaryPerry: #TBT: Proud to join @DepSecHargan earlier this week for the swearing-in ceremony of my good friend, Dr. Brett Gior, as…","http://web.archive.org/*/http://twitter.com/DepSecHargan/status/976970978881306625"
"RT @SecretaryPerry: #TBT: Proud to join @DepSecHargan earlier this week for the swearing-in ceremony of my good friend, Dr. Brett Gior, as…","http://web.archive.org/*/https://twitter.com/DepSecHargan/status/976970978881306625"
"Earlier this week I joined @JimmyCefalo on @WIOD to discuss what @HHSGov is doing to confront the #Opioids Crisis.… https://t.co/iFZXv1kbWw","http://web.archive.org/*/http://twitter.com/DepSecHargan/status/977179841186422784"
"Earlier this week I joined @JimmyCefalo on @WIOD to discuss what @HHSGov is doing to confront the #Opioids Crisis.… https://t.co/iFZXv1kbWw","http://web.archive.org/*/https://twitter.com/DepSecHargan/status/977179841186422784"
"RT @HHSGov: Leaders from across the Department engaged with communities impacted by the #opioids crisis. Watch how HHS is supporting @POTUS…","http://web.archive.org/*/http://twitter.com/DepSecHargan/status/977244998092705792"
"RT @HHSGov: Leaders from across the Department engaged with communities impacted by the #opioids crisis. Watch how HHS is supporting @POTUS…","http://web.archive.org/*/https://twitter.com/DepSecHargan/status/977244998092705792"
"Need help finding #opioids treatment resources near you?  Visit SAMHSA’s Treatment Locator at… https://t.co/eTHIt7ybNl","http://web.archive.org/*/http://twitter.com/DepSecHargan/status/977317418631684102"
"Need help finding #opioids treatment resources near you?  Visit SAMHSA’s Treatment Locator at… https://t.co/eTHIt7ybNl","http://web.archive.org/*/https://twitter.com/DepSecHargan/status/977317418631684102"
"RT @HHSGov: Help is available to successfully overcome #opioid #addiction. Find treatment near you ➡️ https://t.co/MVBcbPk8GN. https://t.co…","http://web.archive.org/*/http://twitter.com/DepSecHargan/status/978007246746595329"
"RT @HHSGov: Help is available to successfully overcome #opioid #addiction. Find treatment near you ➡️ https://t.co/MVBcbPk8GN. https://t.co…","http://web.archive.org/*/https://twitter.com/DepSecHargan/status/978007246746595329"
"RT @SecAzar: Today I swore in Dr. Robert Redfield as the 18th Director of @CDCgov. He has dedicated his entire life to promoting #publichea…","http://web.archive.org/*/http://twitter.com/DepSecHargan/status/978366446186254339"
"RT @SecAzar: Today I swore in Dr. Robert Redfield as the 18th Director of @CDCgov. He has dedicated his entire life to promoting #publichea…","http://web.archive.org/*/https://twitter.com/DepSecHargan/status/978366446186254339"
"RT @US_FDA: In response to the current opioid crisis facing our country, FDA continues to take concrete steps toward reducing the impact of…","http://web.archive.org/*/http://twitter.com/DepSecHargan/status/978645224863002626"
"RT @US_FDA: In response to the current opioid crisis facing our country, FDA continues to take concrete steps toward reducing the impact of…","http://web.archive.org/*/https://twitter.com/DepSecHargan/status/978645224863002626"
"RT @HHSGov: The U.S. Public Health Service (USPHS) Commissioned Corps is 54% female, making it the only service with more women than men. #…","http://web.archive.org/*/http://twitter.com/DepSecHargan/status/978659112492978176"
"RT @HHSGov: The U.S. Public Health Service (USPHS) Commissioned Corps is 54% female, making it the only service with more women than men. #…","http://web.archive.org/*/https://twitter.com/DepSecHargan/status/978659112492978176"
"ICYMI: Last week I shared the @WhiteHouse &amp; @HHSGov aggressive approach to tackle the #opioids crisis. I also conve… https://t.co/M15qlBO2eI","http://web.archive.org/*/http://twitter.com/DepSecHargan/status/979016818076606464"
"ICYMI: Last week I shared the @WhiteHouse &amp; @HHSGov aggressive approach to tackle the #opioids crisis. I also conve… https://t.co/M15qlBO2eI","http://web.archive.org/*/https://twitter.com/DepSecHargan/status/979016818076606464"
"RT @HHSGov: As a nurse with @IHSGov, Candace Lee draws on both her heritage and her passion for helping others. https://t.co/WWNNqTxzLF #IA…","http://web.archive.org/*/http://twitter.com/DepSecHargan/status/979068484557656065"
"RT @HHSGov: As a nurse with @IHSGov, Candace Lee draws on both her heritage and her passion for helping others. https://t.co/WWNNqTxzLF #IA…","http://web.archive.org/*/https://twitter.com/DepSecHargan/status/979068484557656065"
"RT @HHSGov: HHS celebrates women within the Department and abroad who are pioneers in the world of #health and #STEM. Happy #WomensHistoryM…","http://web.archive.org/*/http://twitter.com/DepSecHargan/status/979425369861353481"
"RT @HHSGov: HHS celebrates women within the Department and abroad who are pioneers in the world of #health and #STEM. Happy #WomensHistoryM…","http://web.archive.org/*/https://twitter.com/DepSecHargan/status/979425369861353481"
"RT @HHSCTO: Thank you to @PULSEMC, our @HHSGov partners, the startups that pitched today and the entire Boston innovation community. Today…","http://web.archive.org/*/http://twitter.com/DepSecHargan/status/980133934863437825"
"RT @HHSCTO: Thank you to @PULSEMC, our @HHSGov partners, the startups that pitched today and the entire Boston innovation community. Today…","http://web.archive.org/*/https://twitter.com/DepSecHargan/status/980133934863437825"
