"Carafano is correct. https://t.co/G9s5T6BbdV","http://web.archive.org/*/https://twitter.com/TomBossert45/status/871326994985869312"
"Carafano is correct. https://t.co/G9s5T6BbdV","http://web.archive.org/*/http://twitter.com/TomBossert45/status/871326994985869312"
"Disaster response and recovery is better than ever thanks to Govs like @GovMaryFallin @EricGreitens, @FEMA_Brock Lo‚Ä¶ https://t.co/efFkrrUu44","http://web.archive.org/*/https://twitter.com/TomBossert45/status/886278451707219969"
"Disaster response and recovery is better than ever thanks to Govs like @GovMaryFallin @EricGreitens, @FEMA_Brock Lo‚Ä¶ https://t.co/efFkrrUu44","http://web.archive.org/*/http://twitter.com/TomBossert45/status/886278451707219969"
"@Edison_Electric Great cybersecurity meeting at the White House today. Thank you to Tom Kuhn @Edison_Electric","http://web.archive.org/*/https://twitter.com/TomBossert45/status/877706062480232449"
"@Edison_Electric Great cybersecurity meeting at the White House today. Thank you to Tom Kuhn @Edison_Electric","http://web.archive.org/*/http://twitter.com/TomBossert45/status/877706062480232449"
"Happy Birthday @LindseyGrahamSC !","http://web.archive.org/*/https://twitter.com/TomBossert45/status/884132353114869760"
"Happy Birthday @LindseyGrahamSC !","http://web.archive.org/*/http://twitter.com/TomBossert45/status/884132353114869760"
"https://t.co/cp6A8bKN3R Thank you #MemorialDay","http://web.archive.org/*/https://twitter.com/TomBossert45/status/869176668493139970"
"https://t.co/cp6A8bKN3R Thank you #MemorialDay","http://web.archive.org/*/http://twitter.com/TomBossert45/status/869176668493139970"
"Jihadi terrorists are cowards. This hero told me today's enemy ""lacks the courage to wear a uniform."" https://t.co/TylKe8mYPC","http://web.archive.org/*/https://twitter.com/TomBossert45/status/885903772253343745"
"Jihadi terrorists are cowards. This hero told me today's enemy ""lacks the courage to wear a uniform."" https://t.co/TylKe8mYPC","http://web.archive.org/*/http://twitter.com/TomBossert45/status/885903772253343745"
"Kim ""Doc"" Lang departing the West Wing after 14 years of service at the White House! A heartfelt Nation says thanks! https://t.co/HXJ0UmZCCs","http://web.archive.org/*/https://twitter.com/TomBossert45/status/878369070667644929"
"Kim ""Doc"" Lang departing the West Wing after 14 years of service at the White House! A heartfelt Nation says thanks! https://t.co/HXJ0UmZCCs","http://web.archive.org/*/http://twitter.com/TomBossert45/status/878369070667644929"
"Opinion | Congress Must Reauthorize Foreign Surveillance https://t.co/hNzosRAP0Z  @realDonaldTrump and @SenTomCotton Make America Safe Again","http://web.archive.org/*/https://twitter.com/TomBossert45/status/872403258651938816"
"Opinion | Congress Must Reauthorize Foreign Surveillance https://t.co/hNzosRAP0Z  @realDonaldTrump and @SenTomCotton Make America Safe Again","http://web.archive.org/*/http://twitter.com/TomBossert45/status/872403258651938816"
"Our prayers are with the British people. The USA will continue to assist our allies in the U.K. respond to and investigate these attacks.","http://web.archive.org/*/https://twitter.com/TomBossert45/status/871159364559794177"
"Our prayers are with the British people. The USA will continue to assist our allies in the U.K. respond to and investigate these attacks.","http://web.archive.org/*/http://twitter.com/TomBossert45/status/871159364559794177"
".@POTUS stands for a free Cuba for freedom, peace and human kindness as alternative to violence #westernphemisphere https://t.co/gtgc1tz2ey","http://web.archive.org/*/https://twitter.com/TomBossert45/status/875822291787141120"
".@POTUS stands for a free Cuba for freedom, peace and human kindness as alternative to violence #westernphemisphere https://t.co/gtgc1tz2ey","http://web.archive.org/*/http://twitter.com/TomBossert45/status/875822291787141120"
"President Trump today urges Iran to return Robert Levinson and all other US hostages @HelpBobLevinson https://t.co/VpKGd5hIgc","http://web.archive.org/*/https://twitter.com/TomBossert45/status/888569140826447873"
"President Trump today urges Iran to return Robert Levinson and all other US hostages @HelpBobLevinson https://t.co/VpKGd5hIgc","http://web.archive.org/*/http://twitter.com/TomBossert45/status/888569140826447873"
"RT @brett_mcgurk: Thank you Marines and all U.S. personnel serving on the front lines against #ISIS over this week of July 4th. https://t.c‚Ä¶","http://web.archive.org/*/https://twitter.com/TomBossert45/status/881655058999410688"
"RT @brett_mcgurk: Thank you Marines and all U.S. personnel serving on the front lines against #ISIS over this week of July 4th. https://t.c‚Ä¶","http://web.archive.org/*/http://twitter.com/TomBossert45/status/881655058999410688"
"RT @CondoleezzaRice: Happy 4th of July! üá∫üá∏ Let us pause to thank God for the gift of liberty. #4thOfJuly2017 (1/2)","http://web.archive.org/*/https://twitter.com/TomBossert45/status/882326662217596933"
"RT @CondoleezzaRice: Happy 4th of July! üá∫üá∏ Let us pause to thank God for the gift of liberty. #4thOfJuly2017 (1/2)","http://web.archive.org/*/http://twitter.com/TomBossert45/status/882326662217596933"
"RT @fema: Today @dhsgov announced the 2017 Notices of Funding Opportunity for 10 preparedness grant programs totaling $1.6B. https://t.co/u‚Ä¶","http://web.archive.org/*/https://twitter.com/TomBossert45/status/870822780526362625"
"RT @fema: Today @dhsgov announced the 2017 Notices of Funding Opportunity for 10 preparedness grant programs totaling $1.6B. https://t.co/u‚Ä¶","http://web.archive.org/*/http://twitter.com/TomBossert45/status/870822780526362625"
"RT @foxandfriends: WATCH: The Star-Spangled Banner plays as Presidents Trump and Macron mark Bastille Day in France https://t.co/6fFVqrbr1y","http://web.archive.org/*/https://twitter.com/TomBossert45/status/885809531783196672"
"RT @foxandfriends: WATCH: The Star-Spangled Banner plays as Presidents Trump and Macron mark Bastille Day in France https://t.co/6fFVqrbr1y","http://web.archive.org/*/http://twitter.com/TomBossert45/status/885809531783196672"
"RT @IvankaTrump: Looking forward to serving alongside John Kelly as we work for the American people. General Kelly is a true America‚Ä¶ ","http://web.archive.org/*/https://twitter.com/TomBossert45/status/892197831523672064"
"RT @IvankaTrump: Looking forward to serving alongside John Kelly as we work for the American people. General Kelly is a true America‚Ä¶ ","http://web.archive.org/*/http://twitter.com/TomBossert45/status/892197831523672064"
"RT @marcorubio: I wanted to make sure you saw my message on way to discuss #BetterDealforCuba. https://t.co/I3AIuhsww7","http://web.archive.org/*/https://twitter.com/TomBossert45/status/875756092596387840"
"RT @marcorubio: I wanted to make sure you saw my message on way to discuss #BetterDealforCuba. https://t.co/I3AIuhsww7","http://web.archive.org/*/http://twitter.com/TomBossert45/status/875756092596387840"
"RT @NWSNewOrleans: The main threat for today will be the threat of heavy rainfall, especially on the Mississippi Coast. 3-6"" w/isolated hig‚Ä¶","http://web.archive.org/*/https://twitter.com/TomBossert45/status/877513136517124096"
"RT @NWSNewOrleans: The main threat for today will be the threat of heavy rainfall, especially on the Mississippi Coast. 3-6"" w/isolated hig‚Ä¶","http://web.archive.org/*/http://twitter.com/TomBossert45/status/877513136517124096"
"RT @PressSec: Both @POTUS &amp; @VP are aware of the developing situation in Virginia.  Our thoughts and prayers are with all affected.","http://web.archive.org/*/https://twitter.com/TomBossert45/status/874968901091827712"
"RT @PressSec: Both @POTUS &amp; @VP are aware of the developing situation in Virginia.  Our thoughts and prayers are with all affected.","http://web.archive.org/*/http://twitter.com/TomBossert45/status/874968901091827712"
"RT @realDonaldTrump: #CongressionalBaseballGame‚öæÔ∏è https://t.co/u8InOJTf6D","http://web.archive.org/*/https://twitter.com/TomBossert45/status/875541144779862017"
"RT @realDonaldTrump: #CongressionalBaseballGame‚öæÔ∏è https://t.co/u8InOJTf6D","http://web.archive.org/*/http://twitter.com/TomBossert45/status/875541144779862017"
"RT @realDonaldTrump: Join me live as we recognize the first responders to the June 14th shooting involving @SteveScalise. #TeamScalise‚Ä¶ ","http://web.archive.org/*/https://twitter.com/TomBossert45/status/890761930251661312"
"RT @realDonaldTrump: Join me live as we recognize the first responders to the June 14th shooting involving @SteveScalise. #TeamScalise‚Ä¶ ","http://web.archive.org/*/http://twitter.com/TomBossert45/status/890761930251661312"
"RT @realDonaldTrump: We need to be smart, vigilant and tough. We need the courts to give us back our rights. We need the Travel Ban as an e‚Ä¶","http://web.archive.org/*/https://twitter.com/TomBossert45/status/871177927303585793"
"RT @realDonaldTrump: We need to be smart, vigilant and tough. We need the courts to give us back our rights. We need the Travel Ban as an e‚Ä¶","http://web.archive.org/*/http://twitter.com/TomBossert45/status/871177927303585793"
"RT @realDonaldTrump: Whatever the United States can do to help out in London and the U. K., we will be there - WE ARE WITH YOU. GOD BLESS!","http://web.archive.org/*/https://twitter.com/TomBossert45/status/871177952456843264"
"RT @realDonaldTrump: Whatever the United States can do to help out in London and the U. K., we will be there - WE ARE WITH YOU. GOD BLESS!","http://web.archive.org/*/http://twitter.com/TomBossert45/status/871177952456843264"
"RT @SenTomCotton: I questioned officials today on the importance of reauthorizing section 702 of FISA and preserving key intelligence progr‚Ä¶","http://web.archive.org/*/https://twitter.com/TomBossert45/status/872662807388594177"
"RT @SenTomCotton: I questioned officials today on the importance of reauthorizing section 702 of FISA and preserving key intelligence progr‚Ä¶","http://web.archive.org/*/http://twitter.com/TomBossert45/status/872662807388594177"
"RT @SenTomCotton: WATCH my remarks on the Senate floor about making Section 702 of FISA permanent: https://t.co/vnPKoGBIUC","http://web.archive.org/*/https://twitter.com/TomBossert45/status/872249101194338307"
"RT @SenTomCotton: WATCH my remarks on the Senate floor about making Section 702 of FISA permanent: https://t.co/vnPKoGBIUC","http://web.archive.org/*/http://twitter.com/TomBossert45/status/872249101194338307"
"RT @SenTomCotton: WATCH my remarks on the Senate floor about the importance of Section 702 of FISA: https://t.co/J6Istjhh7Y","http://web.archive.org/*/https://twitter.com/TomBossert45/status/873343957635411968"
"RT @SenTomCotton: WATCH my remarks on the Senate floor about the importance of Section 702 of FISA: https://t.co/J6Istjhh7Y","http://web.archive.org/*/http://twitter.com/TomBossert45/status/873343957635411968"
"RT @VP: Karen &amp; I are praying for the families of the Marines who lost their lives. These Marines will be in our hearts. https://t.co/IQw2J‚Ä¶","http://web.archive.org/*/https://twitter.com/TomBossert45/status/884743275554504704"
"RT @VP: Karen &amp; I are praying for the families of the Marines who lost their lives. These Marines will be in our hearts. https://t.co/IQw2J‚Ä¶","http://web.archive.org/*/http://twitter.com/TomBossert45/status/884743275554504704"
"RT @VP: On behalf of @POTUS, arrived in Tallinn, Estonia with @SecondLady to meet w/ leaders of Baltic States on security &amp;‚Ä¶ ","http://web.archive.org/*/https://twitter.com/TomBossert45/status/891653604595163136"
"RT @VP: On behalf of @POTUS, arrived in Tallinn, Estonia with @SecondLady to meet w/ leaders of Baltic States on security &amp;‚Ä¶ ","http://web.archive.org/*/http://twitter.com/TomBossert45/status/891653604595163136"
"RT @VP: On behalf of @POTUS, arrived in Tallinn, Estonia with @SecondLady to meet w/ leaders of Baltic States on security &amp; prosperity #VPi‚Ä¶","http://web.archive.org/*/https://twitter.com/TomBossert45/status/891653604595163136"
"RT @VP: On behalf of @POTUS, arrived in Tallinn, Estonia with @SecondLady to meet w/ leaders of Baltic States on security &amp; prosperity #VPi‚Ä¶","http://web.archive.org/*/http://twitter.com/TomBossert45/status/891653604595163136"
"Team Trump at Notre Dame. Fun night.  Great team. #BastilleDay https://t.co/N5dgs1vFgQ","http://web.archive.org/*/https://twitter.com/TomBossert45/status/885604563029565440"
"Team Trump at Notre Dame. Fun night.  Great team. #BastilleDay https://t.co/N5dgs1vFgQ","http://web.archive.org/*/http://twitter.com/TomBossert45/status/885604563029565440"
"Thanks to Secr Dahlgren and @bjornly for innovative ideas and increased commitment to #D-ISIS Important Sweden-US C‚Ä¶ https://t.co/1g3BZGbjHi","http://web.archive.org/*/https://twitter.com/TomBossert45/status/875189878870462464"
"Thanks to Secr Dahlgren and @bjornly for innovative ideas and increased commitment to #D-ISIS Important Sweden-US C‚Ä¶ https://t.co/1g3BZGbjHi","http://web.archive.org/*/http://twitter.com/TomBossert45/status/875189878870462464"
"Thanks to work of the FBI and NYPD, two Hizballah terrorists ""now face justice in a Manhattan federal court.‚Äù https://t.co/a1Ul7Tu7pP","http://web.archive.org/*/https://twitter.com/TomBossert45/status/872875872252039168"
"Thanks to work of the FBI and NYPD, two Hizballah terrorists ""now face justice in a Manhattan federal court.‚Äù https://t.co/a1Ul7Tu7pP","http://web.archive.org/*/http://twitter.com/TomBossert45/status/872875872252039168"
"Thank you for a productive cybersecurity session today; a key part of the #AmericanTechnologyCouncil meeting with industry leaders.","http://web.archive.org/*/https://twitter.com/TomBossert45/status/876886028178644993"
"Thank you for a productive cybersecurity session today; a key part of the #AmericanTechnologyCouncil meeting with industry leaders.","http://web.archive.org/*/http://twitter.com/TomBossert45/status/876886028178644993"
"Thank you to real-life heros, and WWII vets, Joseph Riley and Steven Melnikoff. https://t.co/rYqx4P6Fah","http://web.archive.org/*/https://twitter.com/TomBossert45/status/885600581217386497"
"Thank you to real-life heros, and WWII vets, Joseph Riley and Steven Melnikoff. https://t.co/rYqx4P6Fah","http://web.archive.org/*/http://twitter.com/TomBossert45/status/885600581217386497"
"The United States of America and our coalition of partners continue to annihilate ISIS. @thejointstaff @StateDept‚Ä¶ https://t.co/qYA5q9X9Ga","http://web.archive.org/*/https://twitter.com/TomBossert45/status/872478481225003010"
"The United States of America and our coalition of partners continue to annihilate ISIS. @thejointstaff @StateDept‚Ä¶ https://t.co/qYA5q9X9Ga","http://web.archive.org/*/http://twitter.com/TomBossert45/status/872478481225003010"
"To those in TS Cindy's path, please follow the advice of your local officials and be safe. #Cindy #BeReady https://t.co/5wyu8IG4XJ","http://web.archive.org/*/https://twitter.com/TomBossert45/status/877667256368541696"
"To those in TS Cindy's path, please follow the advice of your local officials and be safe. #Cindy #BeReady https://t.co/5wyu8IG4XJ","http://web.archive.org/*/http://twitter.com/TomBossert45/status/877667256368541696"
"We join @EmmanuelMacron and @netanyahu as they remember and honor the murdered Jews of France. 75 years ago. https://t.co/vEcFtvYoJ0","http://web.archive.org/*/https://twitter.com/TomBossert45/status/886535172610551809"
"We join @EmmanuelMacron and @netanyahu as they remember and honor the murdered Jews of France. 75 years ago. https://t.co/vEcFtvYoJ0","http://web.archive.org/*/http://twitter.com/TomBossert45/status/886535172610551809"
"We will keep these brave Israeli police officers and their loved ones in our hearts and prayers. https://t.co/YQE2iRlcxx","http://web.archive.org/*/https://twitter.com/TomBossert45/status/886419527449403392"
"We will keep these brave Israeli police officers and their loved ones in our hearts and prayers. https://t.co/YQE2iRlcxx","http://web.archive.org/*/http://twitter.com/TomBossert45/status/886419527449403392"
"RT @Scavino45: President @realDonaldTrump with @VP Pence at @FEMA @DHSgov with Cabinet members &amp; teams, attending a‚Ä¶ ","http://web.archive.org/*/http://twitter.com/TomBossert45/status/893495522312556544"
"RT @Scavino45: President @realDonaldTrump with @VP Pence at @FEMA @DHSgov with Cabinet members &amp; teams, attending a‚Ä¶ ","http://web.archive.org/*/http://twitter.com/TomBossert45/status/893495522312556544"
"RT @Scavino45: President @realDonaldTrump with @VP Pence at @FEMA @DHSgov with Cabinet members &amp; teams, attending a‚Ä¶ ","http://web.archive.org/*/https://twitter.com/TomBossert45/status/893495522312556544"
"RT @Scavino45: President @realDonaldTrump with @VP Pence at @FEMA @DHSgov with Cabinet members &amp; teams, attending a‚Ä¶ ","http://web.archive.org/*/https://twitter.com/TomBossert45/status/893495522312556544"
"Thanks to @fema and our great governors and emergency managers! @realDonaldTrump will be there for you when disaste‚Ä¶ https://t.co/0azIswUdgj","http://web.archive.org/*/http://twitter.com/TomBossert45/status/893591836123688961"
"Thanks to @fema and our great governors and emergency managers! @realDonaldTrump will be there for you when disaste‚Ä¶ https://t.co/0azIswUdgj","http://web.archive.org/*/https://twitter.com/TomBossert45/status/893591836123688961"
"Thanks to @fema and our great governors and emergency managers! @realDonaldTrump will be there for you when disaste‚Ä¶ https://t.co/0azIswUdgj","http://web.archive.org/*/http://twitter.com/TomBossert45/status/893591836123688961"
"Thanks to @fema and our great governors and emergency managers! @realDonaldTrump will be there for you when disaste‚Ä¶ https://t.co/0azIswUdgj","http://web.archive.org/*/https://twitter.com/TomBossert45/status/893591836123688961"
"The violence and hate in Charlotte are unacceptable. Protests must not undermine law and order. Confidence in state/local law enforcement.","http://web.archive.org/*/http://twitter.com/TomBossert45/status/896415028315869184"
"The violence and hate in Charlotte are unacceptable. Protests must not undermine law and order. Confidence in state/local law enforcement.","http://web.archive.org/*/http://twitter.com/TomBossert45/status/896415028315869184"
"The violence and hate in Charlotte are unacceptable. Protests must not undermine law and order. Confidence in state/local law enforcement.","http://web.archive.org/*/https://twitter.com/TomBossert45/status/896415028315869184"
"The violence and hate in Charlotte are unacceptable. Protests must not undermine law and order. Confidence in state/local law enforcement.","http://web.archive.org/*/https://twitter.com/TomBossert45/status/896415028315869184"
"#Charlottesville hate and violence are unacceptable https://t.co/ue5CczhCzI","http://web.archive.org/*/http://twitter.com/TomBossert45/status/896419376500551680"
"#Charlottesville hate and violence are unacceptable https://t.co/ue5CczhCzI","http://web.archive.org/*/http://twitter.com/TomBossert45/status/896419376500551680"
"#Charlottesville hate and violence are unacceptable https://t.co/ue5CczhCzI","http://web.archive.org/*/https://twitter.com/TomBossert45/status/896419376500551680"
"#Charlottesville hate and violence are unacceptable https://t.co/ue5CczhCzI","http://web.archive.org/*/https://twitter.com/TomBossert45/status/896419376500551680"
"RT @realDonaldTrump: We ALL must be united &amp; condemn all that hate stands for. There is no place for this kind of violence in America. Lets‚Ä¶","http://web.archive.org/*/http://twitter.com/TomBossert45/status/896422832418246656"
"RT @realDonaldTrump: We ALL must be united &amp; condemn all that hate stands for. There is no place for this kind of violence in America. Lets‚Ä¶","http://web.archive.org/*/https://twitter.com/TomBossert45/status/896422832418246656"
"RT @realDonaldTrump: We ALL must be united &amp; condemn all that hate stands for. There is no place for this kind of violence in America. Lets‚Ä¶","http://web.archive.org/*/http://twitter.com/TomBossert45/status/896422832418246656"
"RT @realDonaldTrump: We ALL must be united &amp; condemn all that hate stands for. There is no place for this kind of violence in America. Lets‚Ä¶","http://web.archive.org/*/https://twitter.com/TomBossert45/status/896422832418246656"
"The violence and hate in Charlottesville are unacceptable. Protests must not undermine law and order. Confidence in law enforcement.","http://web.archive.org/*/http://twitter.com/TomBossert45/status/896431772979908608"
"The violence and hate in Charlottesville are unacceptable. Protests must not undermine law and order. Confidence in law enforcement.","http://web.archive.org/*/https://twitter.com/TomBossert45/status/896431772979908608"
"RT @ODNIgov: NCTC's Mulligan stresses at #DoDIIS2017 how critical data access and data flow are to the U.S. and allies. https://t.co/pP5uzU‚Ä¶","http://web.archive.org/*/http://twitter.com/TomBossert45/status/897468011132723201"
"RT @ODNIgov: NCTC's Mulligan stresses at #DoDIIS2017 how critical data access and data flow are to the U.S. and allies. https://t.co/pP5uzU‚Ä¶","http://web.archive.org/*/https://twitter.com/TomBossert45/status/897468011132723201"
"We condemn this vile terrorism in Barcelona, pray for the victims, stand with the people of Spain, and pledge our continued support.","http://web.archive.org/*/http://twitter.com/TomBossert45/status/898349369757278208"
"We condemn this vile terrorism in Barcelona, pray for the victims, stand with the people of Spain, and pledge our continued support.","http://web.archive.org/*/https://twitter.com/TomBossert45/status/898349369757278208"
"RT @jdgreenblatt45: Organized important bilateral meeting between @WHNSC / US National Security team and our counterparts from Israel a‚Ä¶ ","http://web.archive.org/*/http://twitter.com/TomBossert45/status/898361954401734656"
"RT @jdgreenblatt45: Organized important bilateral meeting between @WHNSC / US National Security team and our counterparts from Israel a‚Ä¶ ","http://web.archive.org/*/https://twitter.com/TomBossert45/status/898361954401734656"
"Statement by Donald J. Trump on the Elevation of Cyber Command | https://t.co/bQy2d5V90R https://t.co/g6vd0mD2iH","http://web.archive.org/*/http://twitter.com/TomBossert45/status/898556660955860992"
"Statement by Donald J. Trump on the Elevation of Cyber Command | https://t.co/bQy2d5V90R https://t.co/g6vd0mD2iH","http://web.archive.org/*/https://twitter.com/TomBossert45/status/898556660955860992"
"RT @realDonaldTrump: I have directed that U.S. Cyber Command be elevated to the status of a Unified Combatant Command focused on....cont: h‚Ä¶","http://web.archive.org/*/http://twitter.com/TomBossert45/status/898658327122411520"
"RT @realDonaldTrump: I have directed that U.S. Cyber Command be elevated to the status of a Unified Combatant Command focused on....cont: h‚Ä¶","http://web.archive.org/*/https://twitter.com/TomBossert45/status/898658327122411520"
"RT @realDonaldTrump: Today, I signed the Global War on Terrorism War Memorial Act (#HR873.) The bill authorizes....cont‚û°Ô∏è‚Ä¶ ","http://web.archive.org/*/http://twitter.com/TomBossert45/status/899026788872994818"
"RT @realDonaldTrump: Today, I signed the Global War on Terrorism War Memorial Act (#HR873.) The bill authorizes....cont‚û°Ô∏è‚Ä¶ ","http://web.archive.org/*/https://twitter.com/TomBossert45/status/899026788872994818"
"By every measure, illegal immigration to the U.S. is down since @POTUS @realDonaldTrump took office. @CustomsBorder‚Ä¶ https://t.co/YBRKAINFR6","http://web.archive.org/*/http://twitter.com/TomBossert45/status/900106828326903808"
"By every measure, illegal immigration to the U.S. is down since @POTUS @realDonaldTrump took office. @CustomsBorder‚Ä¶ https://t.co/YBRKAINFR6","http://web.archive.org/*/https://twitter.com/TomBossert45/status/900106828326903808"
"RT @FoxNews: Tom Bossert on border security: ""I think words matter, and I think walls matter."" #TheStory https://t.co/hS11emEGXn","http://web.archive.org/*/http://twitter.com/TomBossert45/status/900147007339151360"
"RT @FoxNews: Tom Bossert on border security: ""I think words matter, and I think walls matter."" #TheStory https://t.co/hS11emEGXn","http://web.archive.org/*/https://twitter.com/TomBossert45/status/900147007339151360"
"Thank you to the men and women of @CustomsBorder #YumaSector @ICEgov @DHSgov. Words matter, walls matter, and your‚Ä¶ https://t.co/pNtlnKNX8S","http://web.archive.org/*/http://twitter.com/TomBossert45/status/900152186046304256"
"Thank you to the men and women of @CustomsBorder #YumaSector @ICEgov @DHSgov. Words matter, walls matter, and your‚Ä¶ https://t.co/pNtlnKNX8S","http://web.archive.org/*/https://twitter.com/TomBossert45/status/900152186046304256"
"Important work for the health of Americans. Diseases travel without visas; kudos to @SecPriceMD for advancing‚Ä¶ https://t.co/xHkIwxNYJW","http://web.archive.org/*/http://twitter.com/TomBossert45/status/900450573639499776"
"Important work for the health of Americans. Diseases travel without visas; kudos to @SecPriceMD for advancing‚Ä¶ https://t.co/xHkIwxNYJW","http://web.archive.org/*/https://twitter.com/TomBossert45/status/900450573639499776"
"RT @Scavino45: Medal of Honor recipient (TRUE AMERICAN HEREO) Donald Ballar on @POTUS' @realDonaldTrump's LOVE for the UNITED STAT‚Ä¶ ","http://web.archive.org/*/http://twitter.com/TomBossert45/status/900482575587618816"
"RT @Scavino45: Medal of Honor recipient (TRUE AMERICAN HEREO) Donald Ballar on @POTUS' @realDonaldTrump's LOVE for the UNITED STAT‚Ä¶ ","http://web.archive.org/*/https://twitter.com/TomBossert45/status/900482575587618816"
"Threats don't sunset, neither should #Sec702. Reauthorize! @POTUS @SenTomCotton @TGowdySC @SenFeinstein https://t.co/U8VcqxxtJH @NSAGov","http://web.archive.org/*/http://twitter.com/TomBossert45/status/900761558070030336"
"Threats don't sunset, neither should #Sec702. Reauthorize! @POTUS @SenTomCotton @TGowdySC @SenFeinstein https://t.co/U8VcqxxtJH @NSAGov","http://web.archive.org/*/https://twitter.com/TomBossert45/status/900761558070030336"
"Follow State and local official guidance and #planahead for #HurricaneHarvey @GregAbbott_TX @LouisianaGov‚Ä¶ https://t.co/vF1w7v2pxi","http://web.archive.org/*/http://twitter.com/TomBossert45/status/900810934838579200"
"Follow State and local official guidance and #planahead for #HurricaneHarvey @GregAbbott_TX @LouisianaGov‚Ä¶ https://t.co/vF1w7v2pxi","http://web.archive.org/*/https://twitter.com/TomBossert45/status/900810934838579200"
"RT @FEMA_Brock: If you have been asked by local officials to evacuate in TX, your window to do so is closing https://t.co/EWm3czdOsb","http://web.archive.org/*/http://twitter.com/TomBossert45/status/901020768645107712"
"RT @FEMA_Brock: If you have been asked by local officials to evacuate in TX, your window to do so is closing https://t.co/EWm3czdOsb","http://web.archive.org/*/https://twitter.com/TomBossert45/status/901020768645107712"
"RT @realDonaldTrump: At the request of the Governor of Texas, I have signed the Disaster Proclamation, which unleashes the full force of go‚Ä¶","http://web.archive.org/*/http://twitter.com/TomBossert45/status/901275511061610497"
"RT @realDonaldTrump: At the request of the Governor of Texas, I have signed the Disaster Proclamation, which unleashes the full force of go‚Ä¶","http://web.archive.org/*/https://twitter.com/TomBossert45/status/901275511061610497"
"My thoughts and prayers today are with the people of Texas and Louisiana and with the tireless first responders and‚Ä¶ https://t.co/7OttUkzr59","http://web.archive.org/*/http://twitter.com/TomBossert45/status/901403865588936705"
"My thoughts and prayers today are with the people of Texas and Louisiana and with the tireless first responders and‚Ä¶ https://t.co/7OttUkzr59","http://web.archive.org/*/https://twitter.com/TomBossert45/status/901403865588936705"
"RT @fema: Find open shelters in your area with the FEMA App or text SHELTER and your zip code to 4FEMA (43362). Msg &amp; data rates apply. #Ha‚Ä¶","http://web.archive.org/*/http://twitter.com/TomBossert45/status/901484636966182912"
"RT @fema: Find open shelters in your area with the FEMA App or text SHELTER and your zip code to 4FEMA (43362). Msg &amp; data rates apply. #Ha‚Ä¶","http://web.archive.org/*/https://twitter.com/TomBossert45/status/901484636966182912"
"RT @FEMA_Brock: Turn around don't drown!  Please avoid driving in flood waters and stay home if you can. https://t.co/GB6G2Kl2uk","http://web.archive.org/*/http://twitter.com/TomBossert45/status/901767496256167936"
"RT @FEMA_Brock: Turn around don't drown!  Please avoid driving in flood waters and stay home if you can. https://t.co/GB6G2Kl2uk","http://web.archive.org/*/https://twitter.com/TomBossert45/status/901767496256167936"
"RT @WCraigFugate: If flood waters reach your highest floor &amp; are still rising, DO NOT GO TO YOUR ATTIC , flood waters have killed peo‚Ä¶ ","http://web.archive.org/*/http://twitter.com/TomBossert45/status/901799892531777536"
"RT @WCraigFugate: If flood waters reach your highest floor &amp; are still rising, DO NOT GO TO YOUR ATTIC , flood waters have killed peo‚Ä¶ ","http://web.archive.org/*/https://twitter.com/TomBossert45/status/901799892531777536"
"RT @Boz7: Wishing AJ a safe journey to Texas to help the flood victims!  The members of Good Fellowship are sending our praye‚Ä¶ ","http://web.archive.org/*/http://twitter.com/TomBossert45/status/902747709672697857"
"RT @Boz7: Wishing AJ a safe journey to Texas to help the flood victims!  The members of Good Fellowship are sending our praye‚Ä¶ ","http://web.archive.org/*/https://twitter.com/TomBossert45/status/902747709672697857"
"Good people from all over this great land are helping fellow Americans in need--from PA to TX. @GFACEMS‚Ä¶ https://t.co/3XwBKltemI","http://web.archive.org/*/http://twitter.com/TomBossert45/status/902753241238265857"
"Good people from all over this great land are helping fellow Americans in need--from PA to TX. @GFACEMS‚Ä¶ https://t.co/3XwBKltemI","http://web.archive.org/*/https://twitter.com/TomBossert45/status/902753241238265857"
"RT @FEMA_Brock: Those impacted by #Harvey contact your insurance company first then register w/ @FEMA at https://t.co/NHG4nJNf4j
https://t.‚Ä¶","http://web.archive.org/*/http://twitter.com/TomBossert45/status/902954997247352833"
"RT @FEMA_Brock: Those impacted by #Harvey contact your insurance company first then register w/ @FEMA at https://t.co/NHG4nJNf4j
https://t.‚Ä¶","http://web.archive.org/*/https://twitter.com/TomBossert45/status/902954997247352833"
"Happy Birthday Anthony! Inspirational moment.  #Harvey brings out the best in people. Thanks @GMA. Keep it up‚Ä¶ https://t.co/P3MD0es9Ik","http://web.archive.org/*/http://twitter.com/TomBossert45/status/903127167806169088"
"Happy Birthday Anthony! Inspirational moment.  #Harvey brings out the best in people. Thanks @GMA. Keep it up‚Ä¶ https://t.co/P3MD0es9Ik","http://web.archive.org/*/https://twitter.com/TomBossert45/status/903127167806169088"
"TY @David_Gergen To clarify: Routine non-criminal immigration enforcement ops won't be conducted at evacuation site‚Ä¶ https://t.co/NBizuhYm3g","http://web.archive.org/*/http://twitter.com/TomBossert45/status/903664818451869697"
"TY @David_Gergen To clarify: Routine non-criminal immigration enforcement ops won't be conducted at evacuation site‚Ä¶ https://t.co/NBizuhYm3g","http://web.archive.org/*/https://twitter.com/TomBossert45/status/903664818451869697"
".@POTUS ""There was no outbreak in crime, there was an outbreak of compassion...they've inspired the Nation"" @RedCross @SalvationArmyUS #SBDR","http://web.archive.org/*/http://twitter.com/TomBossert45/status/903678439789617152"
".@POTUS ""There was no outbreak in crime, there was an outbreak of compassion...they've inspired the Nation"" @RedCross @SalvationArmyUS #SBDR","http://web.archive.org/*/https://twitter.com/TomBossert45/status/903678439789617152"
".@POTUS üî∫ cost sharing for debris removal and emergency protective measures. We are all Texans today! @GovAbbott #Harvey","http://web.archive.org/*/http://twitter.com/TomBossert45/status/904064715705511936"
".@POTUS üî∫ cost sharing for debris removal and emergency protective measures. We are all Texans today! @GovAbbott #Harvey","http://web.archive.org/*/https://twitter.com/TomBossert45/status/904064715705511936"
"TXNG Task Force Harvey, HQ supported by Katy, TX. Texans helping Texans! Great work Homeland Chairman @RepMcCaul an‚Ä¶ https://t.co/dHu1YwC9Ap","http://web.archive.org/*/http://twitter.com/TomBossert45/status/904099050030555136"
"TXNG Task Force Harvey, HQ supported by Katy, TX. Texans helping Texans! Great work Homeland Chairman @RepMcCaul an‚Ä¶ https://t.co/dHu1YwC9Ap","http://web.archive.org/*/https://twitter.com/TomBossert45/status/904099050030555136"
"RT @realDonaldTrump: Together, we will prevail in the GREAT state of Texas. We love you!

GOD BLESS TEXAS &amp; GOD BLESS THE USAüá∫üá∏ https://t.c‚Ä¶","http://web.archive.org/*/http://twitter.com/TomBossert45/status/904172804354002948"
"RT @realDonaldTrump: Together, we will prevail in the GREAT state of Texas. We love you!

GOD BLESS TEXAS &amp; GOD BLESS THE USAüá∫üá∏ https://t.c‚Ä¶","http://web.archive.org/*/https://twitter.com/TomBossert45/status/904172804354002948"
"I had great calls w/ @GovernorMapp, Gov @ricardorossello, @FLGovScott, &amp; @FEMA_Brock on #HurricaneIrma. @POTUS monitoring &amp; ready to assist.","http://web.archive.org/*/http://twitter.com/TomBossert45/status/905187170566189056"
"I had great calls w/ @GovernorMapp, Gov @ricardorossello, @FLGovScott, &amp; @FEMA_Brock on #HurricaneIrma. @POTUS monitoring &amp; ready to assist.","http://web.archive.org/*/https://twitter.com/TomBossert45/status/905187170566189056"
"@POTUS @realDonaldTrump declares emergencies in #USVirginIslands, #PuertoRico &amp; #Florida. @FEMA_Brock #HurricaneIrma Thoughts and prayers.","http://web.archive.org/*/http://twitter.com/TomBossert45/status/905196364455346176"
"@POTUS @realDonaldTrump declares emergencies in #USVirginIslands, #PuertoRico &amp; #Florida. @FEMA_Brock #HurricaneIrma Thoughts and prayers.","http://web.archive.org/*/https://twitter.com/TomBossert45/status/905196364455346176"
"RT @VP: .@POTUS takes action to prepare for #HurricaneIrma &amp; declares emergencies in Florida, Puerto Rico &amp; U.S Virgin Isla‚Ä¶ ","http://web.archive.org/*/http://twitter.com/TomBossert45/status/905226621073989632"
"RT @VP: .@POTUS takes action to prepare for #HurricaneIrma &amp; declares emergencies in Florida, Puerto Rico &amp; U.S Virgin Isla‚Ä¶ ","http://web.archive.org/*/https://twitter.com/TomBossert45/status/905226621073989632"
"RT @ricardorossello: Listado de refugios espec√≠ficos #IrmaPR https://t.co/RwVD8XtajO","http://web.archive.org/*/http://twitter.com/TomBossert45/status/905227130035990528"
"RT @ricardorossello: Listado de refugios espec√≠ficos #IrmaPR https://t.co/RwVD8XtajO","http://web.archive.org/*/https://twitter.com/TomBossert45/status/905227130035990528"
"RT @realDonaldTrump: Watching Hurricane closely. My team, which has done, and is doing, such a good job in Texas, is already in Florida. No‚Ä¶","http://web.archive.org/*/http://twitter.com/TomBossert45/status/905385147004063744"
"RT @realDonaldTrump: Watching Hurricane closely. My team, which has done, and is doing, such a good job in Texas, is already in Florida. No‚Ä¶","http://web.archive.org/*/https://twitter.com/TomBossert45/status/905385147004063744"
"Things can be replaced, lives cannot. Please plan for your safety and the safety of your loved ones &amp; neighbors in need. #hurricaneirma","http://web.archive.org/*/http://twitter.com/TomBossert45/status/905463164829040641"
"Things can be replaced, lives cannot. Please plan for your safety and the safety of your loved ones &amp; neighbors in need. #hurricaneirma","http://web.archive.org/*/https://twitter.com/TomBossert45/status/905463164829040641"
"@FEMA_Brock @FLGovScott @GovernorMapp, Gov @ricardorossello @GovAbbott https://t.co/OHsnIQDayp","http://web.archive.org/*/http://twitter.com/TomBossert45/status/905517964052627456"
"@FEMA_Brock @FLGovScott @GovernorMapp, Gov @ricardorossello @GovAbbott https://t.co/OHsnIQDayp","http://web.archive.org/*/https://twitter.com/TomBossert45/status/905517964052627456"
"@POTUS declares Major Disaster in #USVI @GovernorMapp &amp; declares Emergency in #SC @henrymcmaster #HurricaneIrma Listen to local officials.","http://web.archive.org/*/http://twitter.com/TomBossert45/status/905851212184072192"
"@POTUS declares Major Disaster in #USVI @GovernorMapp &amp; declares Emergency in #SC @henrymcmaster #HurricaneIrma Listen to local officials.","http://web.archive.org/*/https://twitter.com/TomBossert45/status/905851212184072192"
"RT @NHC_Atlantic: NEW: A #Hurricane and Storm Surge Warning has been issued for all of south #Florida &amp; the Florida Keys. More:‚Ä¶ ","http://web.archive.org/*/http://twitter.com/TomBossert45/status/906007514474479616"
"RT @NHC_Atlantic: NEW: A #Hurricane and Storm Surge Warning has been issued for all of south #Florida &amp; the Florida Keys. More:‚Ä¶ ","http://web.archive.org/*/https://twitter.com/TomBossert45/status/906007514474479616"
"RT @realDonaldTrump: Hurricane Irma is of epic proportion, perhaps bigger than we have ever seen. Be safe and get out of its way,if possibl‚Ä¶","http://web.archive.org/*/http://twitter.com/TomBossert45/status/906149846092062721"
"RT @realDonaldTrump: Hurricane Irma is of epic proportion, perhaps bigger than we have ever seen. Be safe and get out of its way,if possibl‚Ä¶","http://web.archive.org/*/https://twitter.com/TomBossert45/status/906149846092062721"
"@POTUS declares Emergency in #GA @GovernorDeal #HurricaneIrma -- Please listen to your local officials. This is a dangerous storm.","http://web.archive.org/*/http://twitter.com/TomBossert45/status/906187509733916672"
"@POTUS declares Emergency in #GA @GovernorDeal #HurricaneIrma -- Please listen to your local officials. This is a dangerous storm.","http://web.archive.org/*/https://twitter.com/TomBossert45/status/906187509733916672"
"RT @WCraigFugate: Tweet, retweet, repeat to those in the path of #HurricaneIrma #Irma #FLwx #FLKeys  thank you @mitchellreports for g‚Ä¶ ","http://web.archive.org/*/http://twitter.com/TomBossert45/status/906196268476715008"
"RT @WCraigFugate: Tweet, retweet, repeat to those in the path of #HurricaneIrma #Irma #FLwx #FLKeys  thank you @mitchellreports for g‚Ä¶ ","http://web.archive.org/*/https://twitter.com/TomBossert45/status/906196268476715008"
"RT @Scavino45: .@POTUS signed #HR601 into law, ""Continuing Appropriations Act, 2018&amp;Supplemental Appropriations for Disaster Relie‚Ä¶ ","http://web.archive.org/*/http://twitter.com/TomBossert45/status/906306119102066688"
"RT @Scavino45: .@POTUS signed #HR601 into law, ""Continuing Appropriations Act, 2018&amp;Supplemental Appropriations for Disaster Relie‚Ä¶ ","http://web.archive.org/*/https://twitter.com/TomBossert45/status/906306119102066688"
"@POTUS Declared Emergency tonight in Seminole Tribe of Florida @BoardDirectors","http://web.archive.org/*/http://twitter.com/TomBossert45/status/906367286935777281"
"@POTUS Declared Emergency tonight in Seminole Tribe of Florida @BoardDirectors","http://web.archive.org/*/https://twitter.com/TomBossert45/status/906367286935777281"
"RT @realDonaldTrump: Heed the advice of @FLGovScott!

""If you're in an evacuation zone, you need to get to a shelter...there's not many‚Ä¶ ","http://web.archive.org/*/http://twitter.com/TomBossert45/status/906684080238088192"
"RT @realDonaldTrump: Heed the advice of @FLGovScott!

""If you're in an evacuation zone, you need to get to a shelter...there's not many‚Ä¶ ","http://web.archive.org/*/https://twitter.com/TomBossert45/status/906684080238088192"
"@POTUS üî∫cost-share for #USVirginIslands @GovernorMapp 90/10 debris removal; 100% emergency protective measures for 30 days.","http://web.archive.org/*/http://twitter.com/TomBossert45/status/906725501796044800"
"@POTUS üî∫cost-share for #USVirginIslands @GovernorMapp 90/10 debris removal; 100% emergency protective measures for 30 days.","http://web.archive.org/*/https://twitter.com/TomBossert45/status/906725501796044800"
"RT @VP: .@POTUS sent me to @FEMA to tell them &amp; the people of FL ""wherever #HurricaneIrma goes, we will be there first to rescue, recover &amp;‚Ä¶","http://web.archive.org/*/http://twitter.com/TomBossert45/status/906999006282252288"
"RT @VP: .@POTUS sent me to @FEMA to tell them &amp; the people of FL ""wherever #HurricaneIrma goes, we will be there first to rescue, recover &amp;‚Ä¶","http://web.archive.org/*/https://twitter.com/TomBossert45/status/906999006282252288"
"RT @SecretaryPerry: Great visit to @fema this afternoon. Discussing #HurricaneIrma with @FEMA_Brock and @TomBossert45 https://t.co/57dvZdwG‚Ä¶","http://web.archive.org/*/http://twitter.com/TomBossert45/status/906999061148000256"
"RT @SecretaryPerry: Great visit to @fema this afternoon. Discussing #HurricaneIrma with @FEMA_Brock and @TomBossert45 https://t.co/57dvZdwG‚Ä¶","http://web.archive.org/*/https://twitter.com/TomBossert45/status/906999061148000256"
"Again today, Americans respond to crisis by dedicating themselves in service to others. #USA #NeverForget911‚Ä¶ https://t.co/9eUcz2sXMx","http://web.archive.org/*/http://twitter.com/TomBossert45/status/907195928771272704"
"Again today, Americans respond to crisis by dedicating themselves in service to others. #USA #NeverForget911‚Ä¶ https://t.co/9eUcz2sXMx","http://web.archive.org/*/https://twitter.com/TomBossert45/status/907195928771272704"
"RT @ltgrusselhonore: Never Forget 9/11 FLORIDA stay inplace DOD coming inBIG Need roads clear for SAR to get in @FEMA_Brock @TomBossert45 h‚Ä¶","http://web.archive.org/*/http://twitter.com/TomBossert45/status/907244447485890561"
"RT @ltgrusselhonore: Never Forget 9/11 FLORIDA stay inplace DOD coming inBIG Need roads clear for SAR to get in @FEMA_Brock @TomBossert45 h‚Ä¶","http://web.archive.org/*/https://twitter.com/TomBossert45/status/907244447485890561"
"RT @ricardorossello: My gratitude @POTUS &amp; Gen. Kelly for their call &amp; enduring support. We talked about Irma's recovery &amp; citizen repat‚Ä¶ ","http://web.archive.org/*/http://twitter.com/TomBossert45/status/907289302983483392"
"RT @ricardorossello: My gratitude @POTUS &amp; Gen. Kelly for their call &amp; enduring support. We talked about Irma's recovery &amp; citizen repat‚Ä¶ ","http://web.archive.org/*/https://twitter.com/TomBossert45/status/907289302983483392"
"@POTUS &amp; @VP appreciate @SenTomCotton for his strong leadership on foreign intelligence authorities. Terrorists don‚Ä¶ https://t.co/mDnERwX7mK","http://web.archive.org/*/http://twitter.com/TomBossert45/status/907543767149838336"
"@POTUS &amp; @VP appreciate @SenTomCotton for his strong leadership on foreign intelligence authorities. Terrorists don‚Ä¶ https://t.co/mDnERwX7mK","http://web.archive.org/*/https://twitter.com/TomBossert45/status/907543767149838336"
"RT @ricardorossello: Today, @fema Administrator @FEMA_Brock visited @fortalezapr to discuss recovery efforts for PR and neighboring islands‚Ä¶","http://web.archive.org/*/http://twitter.com/TomBossert45/status/907770807341998080"
"RT @ricardorossello: Today, @fema Administrator @FEMA_Brock visited @fortalezapr to discuss recovery efforts for PR and neighboring islands‚Ä¶","http://web.archive.org/*/https://twitter.com/TomBossert45/status/907770807341998080"
"RT @ricardorossello: I commend you for your great leadership and the support your team @femaregion2 has given #PuertoRico in its recover‚Ä¶ ","http://web.archive.org/*/http://twitter.com/TomBossert45/status/907832213764538373"
"RT @ricardorossello: I commend you for your great leadership and the support your team @femaregion2 has given #PuertoRico in its recover‚Ä¶ ","http://web.archive.org/*/https://twitter.com/TomBossert45/status/907832213764538373"
"RT @realDonaldTrump: Am leaving now for Florida to see our GREAT first responders and to thank the U.S. Coast Guard, FEMA etc. A real disas‚Ä¶","http://web.archive.org/*/http://twitter.com/TomBossert45/status/908300472355835905"
"RT @realDonaldTrump: Am leaving now for Florida to see our GREAT first responders and to thank the U.S. Coast Guard, FEMA etc. A real disas‚Ä¶","http://web.archive.org/*/https://twitter.com/TomBossert45/status/908300472355835905"
"RT @VP: .@POTUS, @FLOTUS &amp; I are traveling to FL today. For those impacted by the storm- register online for fed assistance‚Ä¶ ","http://web.archive.org/*/http://twitter.com/TomBossert45/status/908300514856722432"
"RT @VP: .@POTUS, @FLOTUS &amp; I are traveling to FL today. For those impacted by the storm- register online for fed assistance‚Ä¶ ","http://web.archive.org/*/https://twitter.com/TomBossert45/status/908300514856722432"
"RT @StateDept: The United States congratulates Madam Halimah Yacob on becoming the eighth President of the Republic of #Singapore: https://‚Ä¶","http://web.archive.org/*/http://twitter.com/TomBossert45/status/908300997566648320"
"RT @StateDept: The United States congratulates Madam Halimah Yacob on becoming the eighth President of the Republic of #Singapore: https://‚Ä¶","http://web.archive.org/*/https://twitter.com/TomBossert45/status/908300997566648320"
"Gracias @ricardorossello por tu liderazgo. Puerto Rico tiene el apoyo de @POTUS y el mio. https://t.co/85klNwUzfo","http://web.archive.org/*/http://twitter.com/TomBossert45/status/908814085340483584"
"Gracias @ricardorossello por tu liderazgo. Puerto Rico tiene el apoyo de @POTUS y el mio. https://t.co/85klNwUzfo","http://web.archive.org/*/https://twitter.com/TomBossert45/status/908814085340483584"
"More than 80% of customers restored after #Irma in #FL and #GA Thanks @Edison_Electric #TomKuhn and @SecretaryPerry.  Crews working 24/7. üí°","http://web.archive.org/*/http://twitter.com/TomBossert45/status/908899672915312641"
"More than 80% of customers restored after #Irma in #FL and #GA Thanks @Edison_Electric #TomKuhn and @SecretaryPerry.  Crews working 24/7. üí°","http://web.archive.org/*/https://twitter.com/TomBossert45/status/908899672915312641"
"RT @FEMA_Brock: Hurricane Irma: Faith groups hold key roles in disaster recovery https://t.co/KvdSjNyIjp","http://web.archive.org/*/http://twitter.com/TomBossert45/status/909211135676682240"
"RT @FEMA_Brock: Hurricane Irma: Faith groups hold key roles in disaster recovery https://t.co/KvdSjNyIjp","http://web.archive.org/*/https://twitter.com/TomBossert45/status/909211135676682240"
"RT @NHC_Atlantic: Hurricane #Maria Advisory 7: Maria Forecast to Become a Major Hurricane as it Moves Near The Leeward Islands. https://t.c‚Ä¶","http://web.archive.org/*/http://twitter.com/TomBossert45/status/909616450515632128"
"RT @NHC_Atlantic: Hurricane #Maria Advisory 7: Maria Forecast to Become a Major Hurricane as it Moves Near The Leeward Islands. https://t.c‚Ä¶","http://web.archive.org/*/https://twitter.com/TomBossert45/status/909616450515632128"
"@POTUS Trump declares Emergency in #USVI @GovernorMapp #Maria Another dangerous storm!","http://web.archive.org/*/http://twitter.com/TomBossert45/status/909814700963135488"
"@POTUS Trump declares Emergency in #USVI @GovernorMapp #Maria Another dangerous storm!","http://web.archive.org/*/https://twitter.com/TomBossert45/status/909814700963135488"
"@POTUS declares Emergency in Puerto Rico @ricardorossello. @realDonaldTrump is tracking #Maria closely from #UNGA‚Ä¶ https://t.co/4xNY5CBIi3","http://web.archive.org/*/http://twitter.com/TomBossert45/status/909900073642987522"
"@POTUS declares Emergency in Puerto Rico @ricardorossello. @realDonaldTrump is tracking #Maria closely from #UNGA‚Ä¶ https://t.co/4xNY5CBIi3","http://web.archive.org/*/https://twitter.com/TomBossert45/status/909900073642987522"
"RT @realDonaldTrump: Puerto Rico being hit hard by new monster Hurricane. Be careful, our hearts are with you- will be there to help!","http://web.archive.org/*/http://twitter.com/TomBossert45/status/910332671720607746"
"RT @realDonaldTrump: Puerto Rico being hit hard by new monster Hurricane. Be careful, our hearts are with you- will be there to help!","http://web.archive.org/*/https://twitter.com/TomBossert45/status/910332671720607746"
"RT @Scavino45: My thoughts and prayers are with everyone in Mexico City. 

As @POTUS @realDonaldTrump said, ""We are with you and will be th‚Ä¶","http://web.archive.org/*/http://twitter.com/TomBossert45/status/910332892634603520"
"RT @Scavino45: My thoughts and prayers are with everyone in Mexico City. 

As @POTUS @realDonaldTrump said, ""We are with you and will be th‚Ä¶","http://web.archive.org/*/https://twitter.com/TomBossert45/status/910332892634603520"
"Thank you @CIA #70years https://t.co/vaOhzeZf7k","http://web.archive.org/*/http://twitter.com/TomBossert45/status/910333398090178561"
"Thank you @CIA #70years https://t.co/vaOhzeZf7k","http://web.archive.org/*/https://twitter.com/TomBossert45/status/910333398090178561"
"RT @FEMA_Brock: Posted from #NOAANow.  Landfall in Yabucoa PR with 155mph winds.    https://t.co/unkNmSDitU","http://web.archive.org/*/http://twitter.com/TomBossert45/status/910460852897239045"
"RT @FEMA_Brock: Posted from #NOAANow.  Landfall in Yabucoa PR with 155mph winds.    https://t.co/unkNmSDitU","http://web.archive.org/*/https://twitter.com/TomBossert45/status/910460852897239045"
"RT @NWSSanJuan: 4:15 AM AST: Extreme Wind Warning/Aviso de Vientos Extremos 115+mph for/para Humacao, Naguabo, Yabucoa &amp; Maunabo. #prwx #Ma‚Ä¶","http://web.archive.org/*/http://twitter.com/TomBossert45/status/910461549353062400"
"RT @NWSSanJuan: 4:15 AM AST: Extreme Wind Warning/Aviso de Vientos Extremos 115+mph for/para Humacao, Naguabo, Yabucoa &amp; Maunabo. #prwx #Ma‚Ä¶","http://web.archive.org/*/https://twitter.com/TomBossert45/status/910461549353062400"
"@realDonaldTrump remains focused on #USVI &amp; #PuertoRico. Speaking to @FEMA_Brock and directing assistance while lea‚Ä¶ https://t.co/KQcV3W85JX","http://web.archive.org/*/http://twitter.com/TomBossert45/status/910572618608201728"
"@realDonaldTrump remains focused on #USVI &amp; #PuertoRico. Speaking to @FEMA_Brock and directing assistance while lea‚Ä¶ https://t.co/KQcV3W85JX","http://web.archive.org/*/https://twitter.com/TomBossert45/status/910572618608201728"
"The US-EU relationship is strong and @Avramopoulos is dedicated to security.  @realDonaldTrump is leading the world‚Ä¶ https://t.co/WcDDpr4D2i","http://web.archive.org/*/http://twitter.com/TomBossert45/status/910709119950245888"
"The US-EU relationship is strong and @Avramopoulos is dedicated to security.  @realDonaldTrump is leading the world‚Ä¶ https://t.co/WcDDpr4D2i","http://web.archive.org/*/https://twitter.com/TomBossert45/status/910709119950245888"
"@POTUS @realDonaldTrump declared Major Disasters last night in #PuertoRico &amp; #USVI. Gov @ricardorossello &amp; @GovernorMapp are staying strong!","http://web.archive.org/*/http://twitter.com/TomBossert45/status/910807951962771456"
"@POTUS @realDonaldTrump declared Major Disasters last night in #PuertoRico &amp; #USVI. Gov @ricardorossello &amp; @GovernorMapp are staying strong!","http://web.archive.org/*/https://twitter.com/TomBossert45/status/910807951962771456"
"@POTUS @realDonaldTrump sends LA County Urban Search &amp; Rescue Task Force to join #MexicoCityearthquake response. Ar‚Ä¶ https://t.co/1rlzI3DqxI","http://web.archive.org/*/http://twitter.com/TomBossert45/status/910814333998915584"
"@POTUS @realDonaldTrump sends LA County Urban Search &amp; Rescue Task Force to join #MexicoCityearthquake response. Ar‚Ä¶ https://t.co/1rlzI3DqxI","http://web.archive.org/*/https://twitter.com/TomBossert45/status/910814333998915584"
"#USA helping #Mexico. American hygiene and first aid kits being distributed w/ the assistance of the Mexican Navy t‚Ä¶ https://t.co/3HcFuBsQiU","http://web.archive.org/*/http://twitter.com/TomBossert45/status/911337219264303104"
"#USA helping #Mexico. American hygiene and first aid kits being distributed w/ the assistance of the Mexican Navy t‚Ä¶ https://t.co/3HcFuBsQiU","http://web.archive.org/*/https://twitter.com/TomBossert45/status/911337219264303104"
"RT @ATTPublicPolicy: #ATT techs on planes heading to #PuertoRico to begin #HurricaneMaria comms sys repairs thx to @WhiteHouse, @FEMA, team‚Ä¶","http://web.archive.org/*/http://twitter.com/TomBossert45/status/911736654188163072"
"RT @ATTPublicPolicy: #ATT techs on planes heading to #PuertoRico to begin #HurricaneMaria comms sys repairs thx to @WhiteHouse, @FEMA, team‚Ä¶","http://web.archive.org/*/https://twitter.com/TomBossert45/status/911736654188163072"
"@POTUS @realDonaldTrump sent me and @FEMA_Brock to #PuertoRico to support Gov @ricardorossello and assess response‚Ä¶ https://t.co/5DvhWmGj25","http://web.archive.org/*/http://twitter.com/TomBossert45/status/912389299080966144"
"@POTUS @realDonaldTrump sent me and @FEMA_Brock to #PuertoRico to support Gov @ricardorossello and assess response‚Ä¶ https://t.co/5DvhWmGj25","http://web.archive.org/*/https://twitter.com/TomBossert45/status/912389299080966144"
"@POTUS @realDonaldTrump sent me and @FEMA_Brock to visit @GovernorMapp and the U.S. Virgin Islands. Response and re‚Ä¶ https://t.co/nlaHt4Vz1p","http://web.archive.org/*/http://twitter.com/TomBossert45/status/912392585989279746"
"@POTUS @realDonaldTrump sent me and @FEMA_Brock to visit @GovernorMapp and the U.S. Virgin Islands. Response and re‚Ä¶ https://t.co/nlaHt4Vz1p","http://web.archive.org/*/https://twitter.com/TomBossert45/status/912392585989279746"
".@RepJenniffer shows leadership on the massive federal response to #HurricaneMaria. @realDonaldTrump stands with‚Ä¶ https://t.co/V0mFIWxRkH","http://web.archive.org/*/http://twitter.com/TomBossert45/status/912787268523450368"
".@RepJenniffer shows leadership on the massive federal response to #HurricaneMaria. @realDonaldTrump stands with‚Ä¶ https://t.co/V0mFIWxRkH","http://web.archive.org/*/https://twitter.com/TomBossert45/status/912787268523450368"
"Members from 502nd Logistics Readiness Squadron  load C-17 Globemaster III at Joint Base San-Antonio-Lackland, TX f‚Ä¶ https://t.co/RzNQrSx0JL","http://web.archive.org/*/http://twitter.com/TomBossert45/status/913000838586617857"
"Members from 502nd Logistics Readiness Squadron  load C-17 Globemaster III at Joint Base San-Antonio-Lackland, TX f‚Ä¶ https://t.co/RzNQrSx0JL","http://web.archive.org/*/https://twitter.com/TomBossert45/status/913000838586617857"
"Guardsmen from the #PuertoRico @NationalGuard along with PR water authority distribute water for communities of Utu‚Ä¶ https://t.co/gZACkGiC5D","http://web.archive.org/*/http://twitter.com/TomBossert45/status/913003619619934208"
"Guardsmen from the #PuertoRico @NationalGuard along with PR water authority distribute water for communities of Utu‚Ä¶ https://t.co/gZACkGiC5D","http://web.archive.org/*/https://twitter.com/TomBossert45/status/913003619619934208"
"We're 110% behind the people of Puerto Rico!@realDonaldTrump &amp; @FEMA_Brock meeting &amp; exceeding every requirement fr‚Ä¶ https://t.co/OEH7gUPEbp","http://web.archive.org/*/http://twitter.com/TomBossert45/status/913184299180011520"
"We're 110% behind the people of Puerto Rico!@realDonaldTrump &amp; @FEMA_Brock meeting &amp; exceeding every requirement fr‚Ä¶ https://t.co/OEH7gUPEbp","http://web.archive.org/*/https://twitter.com/TomBossert45/status/913184299180011520"
"RT @fema: Recent photos from distribution points‚Äìwhere people in USVI/PR can receive food &amp; water. Info:‚Ä¶ ","http://web.archive.org/*/http://twitter.com/TomBossert45/status/913188626925850625"
"RT @fema: Recent photos from distribution points‚Äìwhere people in USVI/PR can receive food &amp; water. Info:‚Ä¶ ","http://web.archive.org/*/https://twitter.com/TomBossert45/status/913188626925850625"
"Thx @ricardorossello. @realDonaldTrump waived immediately upon request. Thx Sec Duke &amp; @FEMA_Brock for seamless fue‚Ä¶ https://t.co/ULRFNWCNTf","http://web.archive.org/*/http://twitter.com/TomBossert45/status/913373505164648448"
"Thx @ricardorossello. @realDonaldTrump waived immediately upon request. Thx Sec Duke &amp; @FEMA_Brock for seamless fue‚Ä¶ https://t.co/ULRFNWCNTf","http://web.archive.org/*/https://twitter.com/TomBossert45/status/913373505164648448"
".@CarmenYulinCruz is standing strong &amp; leading San Juan through #Maria recovery. @realDonaldTrump focused on People‚Ä¶ https://t.co/hHFn0eAljJ","http://web.archive.org/*/http://twitter.com/TomBossert45/status/913441518001762304"
".@CarmenYulinCruz is standing strong &amp; leading San Juan through #Maria recovery. @realDonaldTrump focused on People‚Ä¶ https://t.co/hHFn0eAljJ","http://web.archive.org/*/https://twitter.com/TomBossert45/status/913441518001762304"
"@realDonaldTrump @POTUS le da su apoyo al pueblo de Puerto Rico. #MariaPR","http://web.archive.org/*/http://twitter.com/TomBossert45/status/913444581831843840"
"@realDonaldTrump @POTUS le da su apoyo al pueblo de Puerto Rico. #MariaPR","http://web.archive.org/*/https://twitter.com/TomBossert45/status/913444581831843840"
"RT @fema: Here's the area our search &amp; rescue teams have covered in PR. So far the teams have saved/assisted 800+ people as‚Ä¶ ","http://web.archive.org/*/http://twitter.com/TomBossert45/status/913552006291259392"
"RT @fema: Here's the area our search &amp; rescue teams have covered in PR. So far the teams have saved/assisted 800+ people as‚Ä¶ ","http://web.archive.org/*/https://twitter.com/TomBossert45/status/913552006291259392"
"RT @ricardorossello: Thank you @POTUS https://t.co/KRfrizf7Bv","http://web.archive.org/*/http://twitter.com/TomBossert45/status/913552105092378624"
"RT @ricardorossello: Thank you @POTUS https://t.co/KRfrizf7Bv","http://web.archive.org/*/https://twitter.com/TomBossert45/status/913552105092378624"
"Governor @ricardorossello continues to lead the massive #Maria relief effort. @realDonaldTrump stands with him and #PuertoRico. @FEMA_Brock","http://web.archive.org/*/http://twitter.com/TomBossert45/status/914081344757682176"
"Governor @ricardorossello continues to lead the massive #Maria relief effort. @realDonaldTrump stands with him and #PuertoRico. @FEMA_Brock","http://web.archive.org/*/https://twitter.com/TomBossert45/status/914081344757682176"
"#PRSeLevanta. Governor @ricardorossello is leading &amp; doing while critics are watching &amp; complaining. Stay strong Go‚Ä¶ https://t.co/X3wmCeF5MF","http://web.archive.org/*/http://twitter.com/TomBossert45/status/914133128897232899"
"#PRSeLevanta. Governor @ricardorossello is leading &amp; doing while critics are watching &amp; complaining. Stay strong Go‚Ä¶ https://t.co/X3wmCeF5MF","http://web.archive.org/*/https://twitter.com/TomBossert45/status/914133128897232899"
"RT @USArmy: .@101stAirborneCa are conducting #MEDEVAC &amp; relief efforts to support FEMA the recovery process in Puerto Rico afte‚Ä¶ ","http://web.archive.org/*/http://twitter.com/TomBossert45/status/914199761237966848"
"RT @USArmy: .@101stAirborneCa are conducting #MEDEVAC &amp; relief efforts to support FEMA the recovery process in Puerto Rico afte‚Ä¶ ","http://web.archive.org/*/https://twitter.com/TomBossert45/status/914199761237966848"
"RT @WapaTV: [GALER√çA] Llegan suministros para el pueblo de Orocovis. https://t.co/V5HB3zjUyx https://t.co/bLvndhwmzy","http://web.archive.org/*/http://twitter.com/TomBossert45/status/914200181670842371"
"RT @WapaTV: [GALER√çA] Llegan suministros para el pueblo de Orocovis. https://t.co/V5HB3zjUyx https://t.co/bLvndhwmzy","http://web.archive.org/*/https://twitter.com/TomBossert45/status/914200181670842371"
"RT @realDonaldTrump: We must all be united in offering assistance to everyone suffering in Puerto Rico and elsewhere in the wake of this te‚Ä¶","http://web.archive.org/*/http://twitter.com/TomBossert45/status/914253133764808714"
"RT @realDonaldTrump: We must all be united in offering assistance to everyone suffering in Puerto Rico and elsewhere in the wake of this te‚Ä¶","http://web.archive.org/*/https://twitter.com/TomBossert45/status/914253133764808714"
"RT @realDonaldTrump: Results of recovery efforts will speak much louder than complaints by San Juan Mayor. Doing everything we can to help‚Ä¶","http://web.archive.org/*/http://twitter.com/TomBossert45/status/914253181407891456"
"RT @realDonaldTrump: Results of recovery efforts will speak much louder than complaints by San Juan Mayor. Doing everything we can to help‚Ä¶","http://web.archive.org/*/https://twitter.com/TomBossert45/status/914253181407891456"
"RT @realDonaldTrump: My Administration, Governor @RicardoRossello, and many others are working together to help the people of Puerto Rico i‚Ä¶","http://web.archive.org/*/http://twitter.com/TomBossert45/status/914253271937757184"
"RT @realDonaldTrump: My Administration, Governor @RicardoRossello, and many others are working together to help the people of Puerto Rico i‚Ä¶","http://web.archive.org/*/https://twitter.com/TomBossert45/status/914253271937757184"
"RT @realDonaldTrump: The Governor of Puerto Rico, Ricardo Rossello, is a great guy and leader who is really working hard. Thank you Ricky!","http://web.archive.org/*/http://twitter.com/TomBossert45/status/914253436295802880"
"RT @realDonaldTrump: The Governor of Puerto Rico, Ricardo Rossello, is a great guy and leader who is really working hard. Thank you Ricky!","http://web.archive.org/*/https://twitter.com/TomBossert45/status/914253436295802880"
"RT @USNationalGuard: .@OregonGuard deploy to Puerto Rico to help restore vital communications capabilities: https://t.co/ZK0pn0obTN https:/‚Ä¶","http://web.archive.org/*/http://twitter.com/TomBossert45/status/914687393588006912"
"RT @USNationalGuard: .@OregonGuard deploy to Puerto Rico to help restore vital communications capabilities: https://t.co/ZK0pn0obTN https:/‚Ä¶","http://web.archive.org/*/https://twitter.com/TomBossert45/status/914687393588006912"
"RT @MandalayBay: Our thoughts &amp; prayers are with the victims of last night's tragic events. We‚Äôre grateful for the immediate actions‚Ä¶ ","http://web.archive.org/*/http://twitter.com/TomBossert45/status/914794617199095808"
"RT @MandalayBay: Our thoughts &amp; prayers are with the victims of last night's tragic events. We‚Äôre grateful for the immediate actions‚Ä¶ ","http://web.archive.org/*/https://twitter.com/TomBossert45/status/914794617199095808"
"RT @LVMPD: Marilou Danley is being sought for questioning re the investigation into the active shooter incident. If seen pleas‚Ä¶ ","http://web.archive.org/*/http://twitter.com/TomBossert45/status/914794706143465472"
"RT @LVMPD: Marilou Danley is being sought for questioning re the investigation into the active shooter incident. If seen pleas‚Ä¶ ","http://web.archive.org/*/https://twitter.com/TomBossert45/status/914794706143465472"
"Senseless.","http://web.archive.org/*/http://twitter.com/TomBossert45/status/914876146004701191"
"Senseless.","http://web.archive.org/*/https://twitter.com/TomBossert45/status/914876146004701191"
"Thank you @MercyChefs for helping to feed the #Maria survivors in #PuertoRico. https://t.co/KBTA9gpgza","http://web.archive.org/*/http://twitter.com/TomBossert45/status/915320552943947778"
"Thank you @MercyChefs for helping to feed the #Maria survivors in #PuertoRico. https://t.co/KBTA9gpgza","http://web.archive.org/*/https://twitter.com/TomBossert45/status/915320552943947778"
"Thanks to the men &amp; women on the @USSKearsarge for saving lives on #PuertoRico. @realDonaldTrump &amp; @ricardorossello‚Ä¶ https://t.co/KAJErReTRX","http://web.archive.org/*/http://twitter.com/TomBossert45/status/915324605971206146"
"Thanks to the men &amp; women on the @USSKearsarge for saving lives on #PuertoRico. @realDonaldTrump &amp; @ricardorossello‚Ä¶ https://t.co/KAJErReTRX","http://web.archive.org/*/https://twitter.com/TomBossert45/status/915324605971206146"
"RT @USNavy: #USNSComfort has arrived in #SanJuan, #PuertoRico to support Hurricane #Maria relief. More to follow. @MSCSealift‚Ä¶ ","http://web.archive.org/*/http://twitter.com/TomBossert45/status/915345063449899008"
"RT @USNavy: #USNSComfort has arrived in #SanJuan, #PuertoRico to support Hurricane #Maria relief. More to follow. @MSCSealift‚Ä¶ ","http://web.archive.org/*/https://twitter.com/TomBossert45/status/915345063449899008"
"RT @ricardorossello: La @PRNationalGuard junto a los Bomberos de PR realizaron misi√≥n para abrir los t√∫neles de agua que discurren por I‚Ä¶ ","http://web.archive.org/*/http://twitter.com/TomBossert45/status/915345404396474373"
"RT @ricardorossello: La @PRNationalGuard junto a los Bomberos de PR realizaron misi√≥n para abrir los t√∫neles de agua que discurren por I‚Ä¶ ","http://web.archive.org/*/https://twitter.com/TomBossert45/status/915345404396474373"
"#PRseLevanta &amp; #USVIStrong  Thank you, @FEMA! https://t.co/ffRrUW384W","http://web.archive.org/*/http://twitter.com/TomBossert45/status/915357303913828352"
"#PRseLevanta &amp; #USVIStrong  Thank you, @FEMA! https://t.co/ffRrUW384W","http://web.archive.org/*/https://twitter.com/TomBossert45/status/915357303913828352"
"Thanks to the AWESOME team at @UMCSN- You set the standard! @LVMPD stopped the killing. You stopped the bleeding an‚Ä¶ https://t.co/EP0T0kudQ9","http://web.archive.org/*/http://twitter.com/TomBossert45/status/915642118311354368"
"Thanks to the AWESOME team at @UMCSN- You set the standard! @LVMPD stopped the killing. You stopped the bleeding an‚Ä¶ https://t.co/EP0T0kudQ9","http://web.archive.org/*/https://twitter.com/TomBossert45/status/915642118311354368"
"From the bottom of my heart, thank you to the men &amp; women of @LVMPD @LasVegasFD @ClarkCountySO @FBILasVegas‚Ä¶ https://t.co/SuRfgdLSQG","http://web.archive.org/*/http://twitter.com/TomBossert45/status/915722489560477696"
"From the bottom of my heart, thank you to the men &amp; women of @LVMPD @LasVegasFD @ClarkCountySO @FBILasVegas‚Ä¶ https://t.co/SuRfgdLSQG","http://web.archive.org/*/https://twitter.com/TomBossert45/status/915722489560477696"
"RT @RepJenniffer: Many thanks to @VP and whole Administration team, together with Congress and local govt we will help PR rise‚Ä¶ ","http://web.archive.org/*/http://twitter.com/TomBossert45/status/916469490400903168"
"RT @RepJenniffer: Many thanks to @VP and whole Administration team, together with Congress and local govt we will help PR rise‚Ä¶ ","http://web.archive.org/*/https://twitter.com/TomBossert45/status/916469490400903168"
"#GulfCoast please take Hurricane #Nate seriously, and please be prepared for heavy inland rainfall. https://t.co/QOrYHKxSeU","http://web.archive.org/*/http://twitter.com/TomBossert45/status/916670454600957953"
"#GulfCoast please take Hurricane #Nate seriously, and please be prepared for heavy inland rainfall. https://t.co/QOrYHKxSeU","http://web.archive.org/*/https://twitter.com/TomBossert45/status/916670454600957953"
"RT @yalvarezjaimes: AHORA: @VP y @ricardorossello comparten con feligreses de la Parroquia Santa Bernardita. Parroquia entrega empareda‚Ä¶ ","http://web.archive.org/*/http://twitter.com/TomBossert45/status/916670595621949440"
"RT @yalvarezjaimes: AHORA: @VP y @ricardorossello comparten con feligreses de la Parroquia Santa Bernardita. Parroquia entrega empareda‚Ä¶ ","http://web.archive.org/*/https://twitter.com/TomBossert45/status/916670595621949440"
"Best dispatcher ever! #VegasStrong https://t.co/X66Cj4J904","http://web.archive.org/*/http://twitter.com/TomBossert45/status/916803819765424128"
"Best dispatcher ever! #VegasStrong https://t.co/X66Cj4J904","http://web.archive.org/*/https://twitter.com/TomBossert45/status/916803819765424128"
".@realDonaldTrump declares an Emergency in LA &amp; MS as requested by @LouisianaGov &amp; @PhilBryantMS. #HurricaneNate","http://web.archive.org/*/http://twitter.com/TomBossert45/status/916817119718858752"
".@realDonaldTrump declares an Emergency in LA &amp; MS as requested by @LouisianaGov &amp; @PhilBryantMS. #HurricaneNate","http://web.archive.org/*/https://twitter.com/TomBossert45/status/916817119718858752"
".@realDonaldTrump declares an Emergency in Alabama as requested by @GovernorKayIvey. Praying for all those affected by #HurricaneNate.","http://web.archive.org/*/http://twitter.com/TomBossert45/status/916982299501252609"
".@realDonaldTrump declares an Emergency in Alabama as requested by @GovernorKayIvey. Praying for all those affected by #HurricaneNate.","http://web.archive.org/*/https://twitter.com/TomBossert45/status/916982299501252609"
".@realDonaldTrump declares an Emergency in Florida. Requested by @FLGovScott. Praying for all those affected by #HurricaneNate.","http://web.archive.org/*/http://twitter.com/TomBossert45/status/917048595219611649"
".@realDonaldTrump declares an Emergency in Florida. Requested by @FLGovScott. Praying for all those affected by #HurricaneNate.","http://web.archive.org/*/https://twitter.com/TomBossert45/status/917048595219611649"
"RT @ricardorossello: Personal del @USNavy realizan reparaci√≥n a represa Guajataca.  #PRSeLevanta https://t.co/MD7IeFYjyc","http://web.archive.org/*/http://twitter.com/TomBossert45/status/917123870955589632"
"RT @ricardorossello: Personal del @USNavy realizan reparaci√≥n a represa Guajataca.  #PRSeLevanta https://t.co/MD7IeFYjyc","http://web.archive.org/*/https://twitter.com/TomBossert45/status/917123870955589632"
"RT @KoshAnderson: Thank you @CBSSunday @LeeCowanCBS for chance to talk about possibility of recovery, both positive and emotional. https://‚Ä¶","http://web.archive.org/*/http://twitter.com/TomBossert45/status/917149917650530304"
"RT @KoshAnderson: Thank you @CBSSunday @LeeCowanCBS for chance to talk about possibility of recovery, both positive and emotional. https://‚Ä¶","http://web.archive.org/*/https://twitter.com/TomBossert45/status/917149917650530304"
".@realDonaldTrump declares a major disaster in California for the #Wildfires. Thank you @JerryBrownGov. Our thought‚Ä¶ https://t.co/UUhnVSRpTX","http://web.archive.org/*/http://twitter.com/TomBossert45/status/917795630898139137"
".@realDonaldTrump declares a major disaster in California for the #Wildfires. Thank you @JerryBrownGov. Our thought‚Ä¶ https://t.co/UUhnVSRpTX","http://web.archive.org/*/https://twitter.com/TomBossert45/status/917795630898139137"
"The Iranian regime does not respect the sovereignty of its neighbors or the dignity of its people.  https://t.co/7qdjRDfB9E","http://web.archive.org/*/http://twitter.com/TomBossert45/status/919374526701555712"
"The Iranian regime does not respect the sovereignty of its neighbors or the dignity of its people.  https://t.co/7qdjRDfB9E","http://web.archive.org/*/https://twitter.com/TomBossert45/status/919374526701555712"
"DMARC &amp; STARTTLS are just two small steps to greater federal network security. Great leadership from @DHSgov Moving ahead w/ @POTUS vision.","http://web.archive.org/*/http://twitter.com/TomBossert45/status/920003737544024064"
"DMARC &amp; STARTTLS are just two small steps to greater federal network security. Great leadership from @DHSgov Moving ahead w/ @POTUS vision.","http://web.archive.org/*/https://twitter.com/TomBossert45/status/920003737544024064"
"Important work with a strong partner. https://t.co/zdKW785b42","http://web.archive.org/*/http://twitter.com/TomBossert45/status/923291711236911104"
"Important work with a strong partner. https://t.co/zdKW785b42","http://web.archive.org/*/https://twitter.com/TomBossert45/status/923291711236911104"
"My thoughts and prayers are with the families and friends of the Americans who lost their lives in service to other‚Ä¶ https://t.co/bH4B70Benw","http://web.archive.org/*/http://twitter.com/TomBossert45/status/925164185666883584"
"My thoughts and prayers are with the families and friends of the Americans who lost their lives in service to other‚Ä¶ https://t.co/bH4B70Benw","http://web.archive.org/*/https://twitter.com/TomBossert45/status/925164185666883584"
"Thank you @LuisRiveraMarin You are a strong leader and partner.  Thank you Gov @ricardorossello     https://t.co/ZQFCnbRa8D","http://web.archive.org/*/http://twitter.com/TomBossert45/status/925373179702448129"
"Thank you @LuisRiveraMarin You are a strong leader and partner.  Thank you Gov @ricardorossello     https://t.co/ZQFCnbRa8D","http://web.archive.org/*/https://twitter.com/TomBossert45/status/925373179702448129"
"RT @realDonaldTrump: ‚ÄúStatement by President Trump on the Apprehension of Mustafa al-Imam for His Alleged Role in Benghazi Attacks‚Äù https:/‚Ä¶","http://web.archive.org/*/http://twitter.com/TomBossert45/status/925374938202112000"
"RT @realDonaldTrump: ‚ÄúStatement by President Trump on the Apprehension of Mustafa al-Imam for His Alleged Role in Benghazi Attacks‚Äù https:/‚Ä¶","http://web.archive.org/*/https://twitter.com/TomBossert45/status/925374938202112000"
"@NewYorkFBI, @FBI and @NYPDCT investigating this terrorist attack. Coward.","http://web.archive.org/*/http://twitter.com/TomBossert45/status/925479878346133504"
"@NewYorkFBI, @FBI and @NYPDCT investigating this terrorist attack. Coward.","http://web.archive.org/*/https://twitter.com/TomBossert45/status/925479878346133504"
"At 8am tomorrow we roll out the most transparent policy for sharing computer software security vulnerabilities in t‚Ä¶ https://t.co/a9UpxGVw7J","http://web.archive.org/*/http://twitter.com/TomBossert45/status/930628460250312704"
"At 8am tomorrow we roll out the most transparent policy for sharing computer software security vulnerabilities in t‚Ä¶ https://t.co/a9UpxGVw7J","http://web.archive.org/*/https://twitter.com/TomBossert45/status/930628460250312704"
"God Bless the American people of Puerto Rico and may all Americans keep you in their prayers on this Thanksgiving.‚Ä¶ https://t.co/iy7BF92CNg","http://web.archive.org/*/http://twitter.com/TomBossert45/status/933749689714991105"
"God Bless the American people of Puerto Rico and may all Americans keep you in their prayers on this Thanksgiving.‚Ä¶ https://t.co/iy7BF92CNg","http://web.archive.org/*/https://twitter.com/TomBossert45/status/933749689714991105"
"Today is the end of the 2017 Hurricane season; the most costly &amp; disruptive on record. @realDonaldTrump &amp;‚Ä¶ https://t.co/9BWpAaPR83","http://web.archive.org/*/http://twitter.com/TomBossert45/status/936371949953003521"
"Today is the end of the 2017 Hurricane season; the most costly &amp; disruptive on record. @realDonaldTrump &amp;‚Ä¶ https://t.co/9BWpAaPR83","http://web.archive.org/*/https://twitter.com/TomBossert45/status/936371949953003521"
"MERRY CHRISTMAS on behalf of #TeamTrump from the  @WhiteHouse. Together, MAKING AMERICA SAFE &amp; GREAT AGAIN! c:‚Ä¶ https://t.co/cW2LJ7MSXG","http://web.archive.org/*/http://twitter.com/TomBossert45/status/936789000282521600"
"MERRY CHRISTMAS on behalf of #TeamTrump from the  @WhiteHouse. Together, MAKING AMERICA SAFE &amp; GREAT AGAIN! c:‚Ä¶ https://t.co/cW2LJ7MSXG","http://web.archive.org/*/https://twitter.com/TomBossert45/status/936789000282521600"
"RT @realDonaldTrump: Biggest Tax Bill and Tax Cuts in history just passed in the Senate. Now these great Republicans will be going for fina‚Ä¶","http://web.archive.org/*/http://twitter.com/TomBossert45/status/936941908064178177"
"RT @realDonaldTrump: Biggest Tax Bill and Tax Cuts in history just passed in the Senate. Now these great Republicans will be going for fina‚Ä¶","http://web.archive.org/*/https://twitter.com/TomBossert45/status/936941908064178177"
"Just spoke with @JerryBrownGov. We are praying for the people of Ventura and LA Counties in the path of the wildfir‚Ä¶ https://t.co/dWz2kSeBF1","http://web.archive.org/*/http://twitter.com/TomBossert45/status/938194187756982272"
"Just spoke with @JerryBrownGov. We are praying for the people of Ventura and LA Counties in the path of the wildfir‚Ä¶ https://t.co/dWz2kSeBF1","http://web.archive.org/*/https://twitter.com/TomBossert45/status/938194187756982272"
".@realdonaldtrump now sending direct federal assistance for #CAWildfires after declaring major disaster at request of @JerryBrownGov","http://web.archive.org/*/http://twitter.com/TomBossert45/status/939155810277642240"
".@realdonaldtrump now sending direct federal assistance for #CAWildfires after declaring major disaster at request of @JerryBrownGov","http://web.archive.org/*/https://twitter.com/TomBossert45/status/939155810277642240"
