"I’m honored to lead @EPA and ready to get to work for the American people! https://t.co/xUHold8rOy","http://web.archive.org/*/http://twitter.com/EPAScottPruitt/status/832728630941749252"
"I’m honored to lead @EPA and ready to get to work for the American people! https://t.co/xUHold8rOy","http://web.archive.org/*/https://twitter.com/EPAScottPruitt/status/832728630941749252"
"I look forward to working with the dedicated employees on our shared vision to protect our environment for future generations.","http://web.archive.org/*/http://twitter.com/EPAScottPruitt/status/832729697012240385"
"I look forward to working with the dedicated employees on our shared vision to protect our environment for future generations.","http://web.archive.org/*/https://twitter.com/EPAScottPruitt/status/832729697012240385"
"I’m dedicated to working w/stakeholders - industry, farmers, ranchers, business owners – on traditional values of environmental stewardship.","http://web.archive.org/*/http://twitter.com/EPAScottPruitt/status/832735779407409152"
"I’m dedicated to working w/stakeholders - industry, farmers, ranchers, business owners – on traditional values of environmental stewardship.","http://web.archive.org/*/https://twitter.com/EPAScottPruitt/status/832735779407409152"
"RT @EPA: Read @EPAScottPruitt's first interview since his nomination to be our agency's administrator: https://t.co/vhz6FXXxBR","http://web.archive.org/*/http://twitter.com/EPAScottPruitt/status/833083152264548352"
"RT @EPA: Read @EPAScottPruitt's first interview since his nomination to be our agency's administrator: https://t.co/vhz6FXXxBR","http://web.archive.org/*/https://twitter.com/EPAScottPruitt/status/833083152264548352"
"I’m looking forward to talking with @EPA employees today at 12:00pm ET. You can watch live here: https://t.co/tQlDIZBF8C.","http://web.archive.org/*/http://twitter.com/EPAScottPruitt/status/834074414425706498"
"I’m looking forward to talking with @EPA employees today at 12:00pm ET. You can watch live here: https://t.co/tQlDIZBF8C.","http://web.archive.org/*/https://twitter.com/EPAScottPruitt/status/834074414425706498"
"I seek to listen, learn, and lead with you to address these issues we face as a nation.","http://web.archive.org/*/http://twitter.com/EPAScottPruitt/status/834095251115614209"
"I seek to listen, learn, and lead with you to address these issues we face as a nation.","http://web.archive.org/*/https://twitter.com/EPAScottPruitt/status/834095251115614209"
"“Everybody needs beauty as well as bread, places to play in and pray in...“ - John Muir","http://web.archive.org/*/http://twitter.com/EPAScottPruitt/status/834129637638803456"
"“Everybody needs beauty as well as bread, places to play in and pray in...“ - John Muir","http://web.archive.org/*/https://twitter.com/EPAScottPruitt/status/834129637638803456"
"RT @EPA: Today Administrator Pruitt shared his vision for our agency with employees. https://t.co/AIqksMWceN","http://web.archive.org/*/http://twitter.com/EPAScottPruitt/status/834161753751707649"
"RT @EPA: Today Administrator Pruitt shared his vision for our agency with employees. https://t.co/AIqksMWceN","http://web.archive.org/*/https://twitter.com/EPAScottPruitt/status/834161753751707649"
"Yesterday I spoke with EPA employees and shared my vision for the agency and leadership principles. https://t.co/E3as8HsfdJ","http://web.archive.org/*/http://twitter.com/EPAScottPruitt/status/834412802181885952"
"Yesterday I spoke with EPA employees and shared my vision for the agency and leadership principles. https://t.co/E3as8HsfdJ","http://web.archive.org/*/https://twitter.com/EPAScottPruitt/status/834412802181885952"
"RT @EPA: Administrator Pruitt talks about how regulations bring stability and certainty to our economy. https://t.co/5NeYvG9rp3","http://web.archive.org/*/http://twitter.com/EPAScottPruitt/status/834509947064946689"
"RT @EPA: Administrator Pruitt talks about how regulations bring stability and certainty to our economy. https://t.co/5NeYvG9rp3","http://web.archive.org/*/https://twitter.com/EPAScottPruitt/status/834509947064946689"
"Listen, learn, &amp; lead: I’m learning about @EPA’s work &amp; talking w/employees about how we can protect our environmen… https://t.co/FHkC0zyfk7","http://web.archive.org/*/http://twitter.com/EPAScottPruitt/status/834833803583557633"
"Listen, learn, &amp; lead: I’m learning about @EPA’s work &amp; talking w/employees about how we can protect our environmen… https://t.co/FHkC0zyfk7","http://web.archive.org/*/https://twitter.com/EPAScottPruitt/status/834833803583557633"
"RT @EPA: Administrator Pruitt’s goal is to build trust between the agency and our state partners. https://t.co/elqHboRXWK","http://web.archive.org/*/http://twitter.com/EPAScottPruitt/status/834873338933673986"
"RT @EPA: Administrator Pruitt’s goal is to build trust between the agency and our state partners. https://t.co/elqHboRXWK","http://web.archive.org/*/https://twitter.com/EPAScottPruitt/status/834873338933673986"
"This is a tremendous example of how EPA collaboration w/state partners can produce environmental, economic benefits. https://t.co/zuBG6egKIx","http://web.archive.org/*/http://twitter.com/EPAScottPruitt/status/835193081699921920"
"This is a tremendous example of how EPA collaboration w/state partners can produce environmental, economic benefits. https://t.co/zuBG6egKIx","http://web.archive.org/*/https://twitter.com/EPAScottPruitt/status/835193081699921920"
"RT @EPA: Energy + jobs or environment? @EPAScottPruitt talks about how we don’t have to choose between the two.https://t.co/tEroiMKfsa","http://web.archive.org/*/http://twitter.com/EPAScottPruitt/status/835200464526389250"
"RT @EPA: Energy + jobs or environment? @EPAScottPruitt talks about how we don’t have to choose between the two.https://t.co/tEroiMKfsa","http://web.archive.org/*/https://twitter.com/EPAScottPruitt/status/835200464526389250"
".@GovAbbott came to @EPA today to discuss collaborating on environmental issues. https://t.co/0cmusbQKGC","http://web.archive.org/*/http://twitter.com/EPAScottPruitt/status/835217375662387200"
".@GovAbbott came to @EPA today to discuss collaborating on environmental issues. https://t.co/0cmusbQKGC","http://web.archive.org/*/https://twitter.com/EPAScottPruitt/status/835217375662387200"
"RT @EPA: ""Brownfields job training programs are a win-win for communities impacted by hazardous waste sites."" @EPAScottPruitt https://t.co/…","http://web.archive.org/*/http://twitter.com/EPAScottPruitt/status/835231222200684544"
"RT @EPA: ""Brownfields job training programs are a win-win for communities impacted by hazardous waste sites."" @EPAScottPruitt https://t.co/…","http://web.archive.org/*/https://twitter.com/EPAScottPruitt/status/835231222200684544"
"I talked w/IA, IN, &amp; MN governor about creating policies that allow states to use energy &amp; agricultural resources t… https://t.co/jysmH6T5Ma","http://web.archive.org/*/http://twitter.com/EPAScottPruitt/status/835240386125778945"
"I talked w/IA, IN, &amp; MN governor about creating policies that allow states to use energy &amp; agricultural resources t… https://t.co/jysmH6T5Ma","http://web.archive.org/*/https://twitter.com/EPAScottPruitt/status/835240386125778945"
"Guam @governorcalvo met with me this afternoon. We talked about environmental issues &amp; policies that concern the ci… https://t.co/s9Gzqnn9sO","http://web.archive.org/*/http://twitter.com/EPAScottPruitt/status/835244894335696896"
"Guam @governorcalvo met with me this afternoon. We talked about environmental issues &amp; policies that concern the ci… https://t.co/s9Gzqnn9sO","http://web.archive.org/*/https://twitter.com/EPAScottPruitt/status/835244894335696896"
"RT @EPA: This morning @EPAScottPruitt hosted a breakfast roundtable with the Western Governors Association to discuss environmental issues.…","http://web.archive.org/*/http://twitter.com/EPAScottPruitt/status/835960913974935552"
"RT @EPA: This morning @EPAScottPruitt hosted a breakfast roundtable with the Western Governors Association to discuss environmental issues.…","http://web.archive.org/*/https://twitter.com/EPAScottPruitt/status/835960913974935552"
"I look forward to working with/Western Governors on issues unique to their states, protecting their water &amp; air, &amp;… https://t.co/5QK9YJ1ltT","http://web.archive.org/*/http://twitter.com/EPAScottPruitt/status/835961262534197248"
"I look forward to working with/Western Governors on issues unique to their states, protecting their water &amp; air, &amp;… https://t.co/5QK9YJ1ltT","http://web.archive.org/*/https://twitter.com/EPAScottPruitt/status/835961262534197248"
"In my first week at @EPA I've met with 18 Governors &amp; Lieutenant Governors to begin a new partnership with the stat… https://t.co/Wgaz00trNL","http://web.archive.org/*/http://twitter.com/EPAScottPruitt/status/836245422733676544"
"In my first week at @EPA I've met with 18 Governors &amp; Lieutenant Governors to begin a new partnership with the stat… https://t.co/Wgaz00trNL","http://web.archive.org/*/https://twitter.com/EPAScottPruitt/status/836245422733676544"
"I met with Governor Bryant of Mississippi &amp; talked about working together on environmental issues in the state of M… https://t.co/eyFlICbltj","http://web.archive.org/*/http://twitter.com/EPAScottPruitt/status/836328965564432384"
"I met with Governor Bryant of Mississippi &amp; talked about working together on environmental issues in the state of M… https://t.co/eyFlICbltj","http://web.archive.org/*/https://twitter.com/EPAScottPruitt/status/836328965564432384"
"Since being sworn in as administrator I've met w/19 governors to discuss state issues. Good 1st step to restoring c… https://t.co/amF8nCZpmx","http://web.archive.org/*/http://twitter.com/EPAScottPruitt/status/836329268997140481"
"Since being sworn in as administrator I've met w/19 governors to discuss state issues. Good 1st step to restoring c… https://t.co/amF8nCZpmx","http://web.archive.org/*/https://twitter.com/EPAScottPruitt/status/836329268997140481"
"Tonight I’ll be joining our president for his first #JointAddress to Congress. Watch it live at 9pm ET: https://t.co/GwoYiLwFvi","http://web.archive.org/*/http://twitter.com/EPAScottPruitt/status/836626704613388288"
"Tonight I’ll be joining our president for his first #JointAddress to Congress. Watch it live at 9pm ET: https://t.co/GwoYiLwFvi","http://web.archive.org/*/https://twitter.com/EPAScottPruitt/status/836626704613388288"
"I'm speaking at Farm Bureau Advocacy Conference soon &amp; will share the good news about today’s action to reconsider Waters of the U.S. Rule.","http://web.archive.org/*/http://twitter.com/EPAScottPruitt/status/836663445105725440"
"I'm speaking at Farm Bureau Advocacy Conference soon &amp; will share the good news about today’s action to reconsider Waters of the U.S. Rule.","http://web.archive.org/*/https://twitter.com/EPAScottPruitt/status/836663445105725440"
"I have a message to all states and partners: Help is on the way. https://t.co/DA5sElWakr","http://web.archive.org/*/http://twitter.com/EPAScottPruitt/status/836709273413500928"
"I have a message to all states and partners: Help is on the way. https://t.co/DA5sElWakr","http://web.archive.org/*/https://twitter.com/EPAScottPruitt/status/836709273413500928"
"Today’s action is a good example how we're going to listen, learn, &amp; lead to help American families. https://t.co/GwoYiLf46I #JointAddress","http://web.archive.org/*/http://twitter.com/EPAScottPruitt/status/836715102925565952"
"Today’s action is a good example how we're going to listen, learn, &amp; lead to help American families. https://t.co/GwoYiLf46I #JointAddress","http://web.archive.org/*/https://twitter.com/EPAScottPruitt/status/836715102925565952"
"Tonight our president talked about how we’re going to restore states’ rights &amp; help American families. https://t.co/GwoYiLwFvi #JointAddress","http://web.archive.org/*/http://twitter.com/EPAScottPruitt/status/836788089603375104"
"Tonight our president talked about how we’re going to restore states’ rights &amp; help American families. https://t.co/GwoYiLwFvi #JointAddress","http://web.archive.org/*/https://twitter.com/EPAScottPruitt/status/836788089603375104"
"We're going to strike a balance between protecting our water, air, and natural resources and building our economy. https://t.co/xqxaKs5OIy","http://web.archive.org/*/http://twitter.com/EPAScottPruitt/status/836985391446122498"
"We're going to strike a balance between protecting our water, air, and natural resources and building our economy. https://t.co/xqxaKs5OIy","http://web.archive.org/*/https://twitter.com/EPAScottPruitt/status/836985391446122498"
"Today I met with @WAFarmBureau at @EPA. We had a good conversation about working together to protect our air, water… https://t.co/n7TyK1Zg54","http://web.archive.org/*/http://twitter.com/EPAScottPruitt/status/837019747644506112"
"Today I met with @WAFarmBureau at @EPA. We had a good conversation about working together to protect our air, water… https://t.co/n7TyK1Zg54","http://web.archive.org/*/https://twitter.com/EPAScottPruitt/status/837019747644506112"
"Good to meet with @TXAG today! We discussed restoring states’ rights &amp; working together to protect our water, air,… https://t.co/y4faIbQS8g","http://web.archive.org/*/http://twitter.com/EPAScottPruitt/status/837044311745261570"
"Good to meet with @TXAG today! We discussed restoring states’ rights &amp; working together to protect our water, air,… https://t.co/y4faIbQS8g","http://web.archive.org/*/https://twitter.com/EPAScottPruitt/status/837044311745261570"
"Yesterday in Houston, TX I spoke about achieving a clean &amp; healthy environment &amp; a growing economy. We seize opport… https://t.co/yPCNAK8nsL","http://web.archive.org/*/http://twitter.com/EPAScottPruitt/status/840220138003652608"
"Yesterday in Houston, TX I spoke about achieving a clean &amp; healthy environment &amp; a growing economy. We seize opport… https://t.co/yPCNAK8nsL","http://web.archive.org/*/https://twitter.com/EPAScottPruitt/status/840220138003652608"
"Today I signed a 90 day stay on the RMP rule  to allow us to address stakeholder concerns regarding regulations. https://t.co/RuyEc0FFII","http://web.archive.org/*/http://twitter.com/EPAScottPruitt/status/841424420669444096"
"Today I signed a 90 day stay on the RMP rule  to allow us to address stakeholder concerns regarding regulations. https://t.co/RuyEc0FFII","http://web.archive.org/*/https://twitter.com/EPAScottPruitt/status/841424420669444096"
"EPA HQ staff please be careful out there tonight in the snow. Stay tuned to the local news for closings and delays in the AM.","http://web.archive.org/*/http://twitter.com/EPAScottPruitt/status/841484893783764994"
"EPA HQ staff please be careful out there tonight in the snow. Stay tuned to the local news for closings and delays in the AM.","http://web.archive.org/*/https://twitter.com/EPAScottPruitt/status/841484893783764994"
"We need to work diligently to grow jobs at the local level &amp; be stewards of our air &amp; water at the same time.… https://t.co/RuiszlJLHZ","http://web.archive.org/*/http://twitter.com/EPAScottPruitt/status/841734779968069633"
"We need to work diligently to grow jobs at the local level &amp; be stewards of our air &amp; water at the same time.… https://t.co/RuiszlJLHZ","http://web.archive.org/*/https://twitter.com/EPAScottPruitt/status/841734779968069633"
"Secretary Chao and I are ready to travel with President Trump to Michigan today to deliver good news to American wo… https://t.co/epjXOhwIZm","http://web.archive.org/*/http://twitter.com/EPAScottPruitt/status/842019729787219968"
"Secretary Chao and I are ready to travel with President Trump to Michigan today to deliver good news to American wo… https://t.co/epjXOhwIZm","http://web.archive.org/*/https://twitter.com/EPAScottPruitt/status/842019729787219968"
"CAFE standards should not be costly for automakers or American people. @EPA &amp; @USDOT will work to determine if this… https://t.co/Y2YgTSuQop","http://web.archive.org/*/http://twitter.com/EPAScottPruitt/status/842079384517373952"
"CAFE standards should not be costly for automakers or American people. @EPA &amp; @USDOT will work to determine if this… https://t.co/Y2YgTSuQop","http://web.archive.org/*/https://twitter.com/EPAScottPruitt/status/842079384517373952"
"We'll review fuel efficiency standards to ensure that they are good for consumers &amp; good for the environment. https://t.co/JJDAYmqcAX","http://web.archive.org/*/http://twitter.com/EPAScottPruitt/status/842079751095365636"
"We'll review fuel efficiency standards to ensure that they are good for consumers &amp; good for the environment. https://t.co/JJDAYmqcAX","http://web.archive.org/*/https://twitter.com/EPAScottPruitt/status/842079751095365636"
"Remember: We can be pro-jobs, pro-growth, AND pro-environment. https://t.co/Iw779G34ic","http://web.archive.org/*/http://twitter.com/EPAScottPruitt/status/842120020830347274"
"Remember: We can be pro-jobs, pro-growth, AND pro-environment. https://t.co/Iw779G34ic","http://web.archive.org/*/https://twitter.com/EPAScottPruitt/status/842120020830347274"
"“Thank you Congressman McKinley (WV) for your leadership on
the Congressional Coal Caucus. We can be pro-energy &amp; p… https://t.co/9HvCEOb7MQ","http://web.archive.org/*/http://twitter.com/EPAScottPruitt/status/842470707745415168"
"“Thank you Congressman McKinley (WV) for your leadership on
the Congressional Coal Caucus. We can be pro-energy &amp; p… https://t.co/9HvCEOb7MQ","http://web.archive.org/*/https://twitter.com/EPAScottPruitt/status/842470707745415168"
"We're going to help Michigan improve Flint’s water infrastructure as part of our larger goal of improving America’s water infrastructure.","http://web.archive.org/*/http://twitter.com/EPAScottPruitt/status/842766271989104640"
"We're going to help Michigan improve Flint’s water infrastructure as part of our larger goal of improving America’s water infrastructure.","http://web.archive.org/*/https://twitter.com/EPAScottPruitt/status/842766271989104640"
".@POTUS' budget has Drinking Water State Revolving Fund, Water Infrastructure Finance &amp; Innovation Act funded to build water infrastructure.","http://web.archive.org/*/http://twitter.com/EPAScottPruitt/status/842771900606627841"
".@POTUS' budget has Drinking Water State Revolving Fund, Water Infrastructure Finance &amp; Innovation Act funded to build water infrastructure.","http://web.archive.org/*/https://twitter.com/EPAScottPruitt/status/842771900606627841"
"Today we awarded $100M to help Flint, MI. Read about it here: https://t.co/nabhEYqHxz","http://web.archive.org/*/http://twitter.com/EPAScottPruitt/status/842780301948600320"
"Today we awarded $100M to help Flint, MI. Read about it here: https://t.co/nabhEYqHxz","http://web.archive.org/*/https://twitter.com/EPAScottPruitt/status/842780301948600320"
"Protecting the well-being of the people who live on the USS Lead Superfund site is crucial. https://t.co/oaVsMRXUGf","http://web.archive.org/*/http://twitter.com/EPAScottPruitt/status/843905087810539520"
"Protecting the well-being of the people who live on the USS Lead Superfund site is crucial. https://t.co/oaVsMRXUGf","http://web.archive.org/*/https://twitter.com/EPAScottPruitt/status/843905087810539520"
"Washington shouldn’t get in the way of the 50 states across our nation who care about air, land and water.","http://web.archive.org/*/http://twitter.com/EPAScottPruitt/status/845267561986113538"
"Washington shouldn’t get in the way of the 50 states across our nation who care about air, land and water.","http://web.archive.org/*/https://twitter.com/EPAScottPruitt/status/845267561986113538"
"I met w/@ButchOtter. We're going to partner w/him so he can efficiently, effectively grow his state’s economy &amp; pro… https://t.co/b6xnIoTvWB","http://web.archive.org/*/http://twitter.com/EPAScottPruitt/status/845267807432527873"
"I met w/@ButchOtter. We're going to partner w/him so he can efficiently, effectively grow his state’s economy &amp; pro… https://t.co/b6xnIoTvWB","http://web.archive.org/*/https://twitter.com/EPAScottPruitt/status/845267807432527873"
"On ""This Week,"" I previewed how President Trump will put forward a plan to cut job-killing regulations. https://t.co/ypcJtI11oy","http://web.archive.org/*/http://twitter.com/EPAScottPruitt/status/846008281260834816"
"On ""This Week,"" I previewed how President Trump will put forward a plan to cut job-killing regulations. https://t.co/ypcJtI11oy","http://web.archive.org/*/https://twitter.com/EPAScottPruitt/status/846008281260834816"
"President Trump is going after burdensome regulations. I explained how on ""This Week.""","http://web.archive.org/*/http://twitter.com/EPAScottPruitt/status/846008972285018114"
"President Trump is going after burdensome regulations. I explained how on ""This Week.""","http://web.archive.org/*/https://twitter.com/EPAScottPruitt/status/846008972285018114"
"See today's interview on ""This Week"" with George Stephanopoulos: 
https://t.co/l7s8kHMFtK","http://web.archive.org/*/http://twitter.com/EPAScottPruitt/status/846016274484342785"
"See today's interview on ""This Week"" with George Stephanopoulos: 
https://t.co/l7s8kHMFtK","http://web.archive.org/*/https://twitter.com/EPAScottPruitt/status/846016274484342785"
"Protecting a strong and healthy environment is a top priority for @POTUS. Our actions are restoring the agency to i… https://t.co/qmPiD5RjsY","http://web.archive.org/*/http://twitter.com/EPAScottPruitt/status/846804671574487041"
"Protecting a strong and healthy environment is a top priority for @POTUS. Our actions are restoring the agency to i… https://t.co/qmPiD5RjsY","http://web.archive.org/*/https://twitter.com/EPAScottPruitt/status/846804671574487041"
"There's a lot to celebrate. Since '80 six listed air pollutants reduced while we've have used more energy &amp; driven… https://t.co/Tw1PhGmjNh","http://web.archive.org/*/http://twitter.com/EPAScottPruitt/status/846823446453637120"
"There's a lot to celebrate. Since '80 six listed air pollutants reduced while we've have used more energy &amp; driven… https://t.co/Tw1PhGmjNh","http://web.archive.org/*/https://twitter.com/EPAScottPruitt/status/846823446453637120"
"RT @EPA: #ICYMI: @POTUS came to EPA to sign an executive order to review the Clean Power Plan. Watch the event here: https://t.co/4NU3pBkTXs","http://web.archive.org/*/http://twitter.com/EPAScottPruitt/status/846856860808433664"
"RT @EPA: #ICYMI: @POTUS came to EPA to sign an executive order to review the Clean Power Plan. Watch the event here: https://t.co/4NU3pBkTXs","http://web.archive.org/*/https://twitter.com/EPAScottPruitt/status/846856860808433664"
".@EPA works for all Americans. Our focus is on ensuring that we put America first by keeping our environment safe. https://t.co/rWhnf0al0I","http://web.archive.org/*/http://twitter.com/EPAScottPruitt/status/847083662248173569"
".@EPA works for all Americans. Our focus is on ensuring that we put America first by keeping our environment safe. https://t.co/rWhnf0al0I","http://web.archive.org/*/https://twitter.com/EPAScottPruitt/status/847083662248173569"
"It was an honor to have coal miners come to @EPA &amp; witness @POTUS sign Executive Order on Promoting Energy Independ… https://t.co/Shqlh1Zw46","http://web.archive.org/*/http://twitter.com/EPAScottPruitt/status/847177296083632128"
"It was an honor to have coal miners come to @EPA &amp; witness @POTUS sign Executive Order on Promoting Energy Independ… https://t.co/Shqlh1Zw46","http://web.archive.org/*/https://twitter.com/EPAScottPruitt/status/847177296083632128"
"Thanks to National Cattlemen’s Beef Association for the opportunity to meet with them today. American farmers are t… https://t.co/sCSjynPJKe","http://web.archive.org/*/http://twitter.com/EPAScottPruitt/status/847565507372785666"
"Thanks to National Cattlemen’s Beef Association for the opportunity to meet with them today. American farmers are t… https://t.co/sCSjynPJKe","http://web.archive.org/*/https://twitter.com/EPAScottPruitt/status/847565507372785666"
"RT @EPA: .@EPAScottPruitt has sent letters to governors advising them they don't have to adhere to the Clean Power Plan. https://t.co/ykWt0…","http://web.archive.org/*/http://twitter.com/EPAScottPruitt/status/847830149869559808"
"RT @EPA: .@EPAScottPruitt has sent letters to governors advising them they don't have to adhere to the Clean Power Plan. https://t.co/ykWt0…","http://web.archive.org/*/https://twitter.com/EPAScottPruitt/status/847830149869559808"
"In an important step for cooperative federalism, I clarified state obligations under the Clean Power Plan: https://t.co/7UrM89r46f","http://web.archive.org/*/http://twitter.com/EPAScottPruitt/status/847899093171138560"
"In an important step for cooperative federalism, I clarified state obligations under the Clean Power Plan: https://t.co/7UrM89r46f","http://web.archive.org/*/https://twitter.com/EPAScottPruitt/status/847899093171138560"
"I enjoyed talking with Oklahoma students from Ag America today. It was great to meet these future American farmers… https://t.co/DgcG1S9BIM","http://web.archive.org/*/http://twitter.com/EPAScottPruitt/status/849009577089802246"
"I enjoyed talking with Oklahoma students from Ag America today. It was great to meet these future American farmers… https://t.co/DgcG1S9BIM","http://web.archive.org/*/https://twitter.com/EPAScottPruitt/status/849009577089802246"
"RT @EPA: #OpeningDay https://t.co/dOQKX3xJHi","http://web.archive.org/*/http://twitter.com/EPAScottPruitt/status/849046261789597697"
"RT @EPA: #OpeningDay https://t.co/dOQKX3xJHi","http://web.archive.org/*/https://twitter.com/EPAScottPruitt/status/849046261789597697"
"Important meeting today with @PremierBradWall on ways to work with Canada on international energy &amp; environmental i… https://t.co/SNJWW0xd7a","http://web.archive.org/*/http://twitter.com/EPAScottPruitt/status/849357222249467904"
"Important meeting today with @PremierBradWall on ways to work with Canada on international energy &amp; environmental i… https://t.co/SNJWW0xd7a","http://web.archive.org/*/https://twitter.com/EPAScottPruitt/status/849357222249467904"
"America’s farmers and ranchers are the stewards of our land. I look forward to working with them as partners, not a… https://t.co/jtgmx2oITO","http://web.archive.org/*/http://twitter.com/EPAScottPruitt/status/849712212004532225"
"America’s farmers and ranchers are the stewards of our land. I look forward to working with them as partners, not a… https://t.co/jtgmx2oITO","http://web.archive.org/*/https://twitter.com/EPAScottPruitt/status/849712212004532225"
"Good to talk w/National Tribal Caucus Chairman Evaristo Cruz about state &amp; tribal rights and protecting the environ… https://t.co/LvHdseoEMm","http://web.archive.org/*/http://twitter.com/EPAScottPruitt/status/849733821666910208"
"Good to talk w/National Tribal Caucus Chairman Evaristo Cruz about state &amp; tribal rights and protecting the environ… https://t.co/LvHdseoEMm","http://web.archive.org/*/https://twitter.com/EPAScottPruitt/status/849733821666910208"
"Had a productive conversation with @LamarSmithTX21 this week about applying sound science to protect human health,… https://t.co/y9oFoUtwIP","http://web.archive.org/*/http://twitter.com/EPAScottPruitt/status/849964663592931328"
"Had a productive conversation with @LamarSmithTX21 this week about applying sound science to protect human health,… https://t.co/y9oFoUtwIP","http://web.archive.org/*/https://twitter.com/EPAScottPruitt/status/849964663592931328"
"States are the leaders in helping America achieve clean air and water while also allowing for an environment that h… https://t.co/e6XJLr4E7Z","http://web.archive.org/*/http://twitter.com/EPAScottPruitt/status/850394854119153665"
"States are the leaders in helping America achieve clean air and water while also allowing for an environment that h… https://t.co/e6XJLr4E7Z","http://web.archive.org/*/https://twitter.com/EPAScottPruitt/status/850394854119153665"
"Today I had the pleasure of participating in a great exchange of ideas today w/@POTUS at his American Innovation In… https://t.co/cbQFKvfgfl","http://web.archive.org/*/http://twitter.com/EPAScottPruitt/status/851850809654603778"
"Today I had the pleasure of participating in a great exchange of ideas today w/@POTUS at his American Innovation In… https://t.co/cbQFKvfgfl","http://web.archive.org/*/https://twitter.com/EPAScottPruitt/status/851850809654603778"
"RT @trish_regan: ""Obama made you believe you had to choose btwn jobs &amp; environment. We’ve got a new @POTUS who says you can have both!"" - @…","http://web.archive.org/*/http://twitter.com/EPAScottPruitt/status/852260157019095041"
"RT @trish_regan: ""Obama made you believe you had to choose btwn jobs &amp; environment. We’ve got a new @POTUS who says you can have both!"" - @…","http://web.archive.org/*/https://twitter.com/EPAScottPruitt/status/852260157019095041"
"RT @foxandfriends: .@EPAScottPruitt: You can choose both growth &amp; jobs and the environment. It was the Obama administration that said you h…","http://web.archive.org/*/http://twitter.com/EPAScottPruitt/status/852507194864095232"
"RT @foxandfriends: .@EPAScottPruitt: You can choose both growth &amp; jobs and the environment. It was the Obama administration that said you h…","http://web.archive.org/*/https://twitter.com/EPAScottPruitt/status/852507194864095232"
"Joined coal miners in PA today to launch #EPABack2Basics, my agenda for refocusing @EPA to balance protecting the e… https://t.co/M5oWjR9KmJ","http://web.archive.org/*/http://twitter.com/EPAScottPruitt/status/852573705150636032"
"Joined coal miners in PA today to launch #EPABack2Basics, my agenda for refocusing @EPA to balance protecting the e… https://t.co/M5oWjR9KmJ","http://web.archive.org/*/https://twitter.com/EPAScottPruitt/status/852573705150636032"
"Learn more about my visit to Harvey Mine in Pa. &amp; the #EPABack2Basics agenda here: https://t.co/FRisLD1fXi https://t.co/PiqM3hxZ61","http://web.archive.org/*/http://twitter.com/EPAScottPruitt/status/852579241690632192"
"Learn more about my visit to Harvey Mine in Pa. &amp; the #EPABack2Basics agenda here: https://t.co/FRisLD1fXi https://t.co/PiqM3hxZ61","http://web.archive.org/*/https://twitter.com/EPAScottPruitt/status/852579241690632192"
"We're working to revise regulatory barriers that impede energy independence &amp;hurt coal miners/coal-fired electric u… https://t.co/Fd9YnfHpxA","http://web.archive.org/*/http://twitter.com/EPAScottPruitt/status/852620320993366016"
"We're working to revise regulatory barriers that impede energy independence &amp;hurt coal miners/coal-fired electric u… https://t.co/Fd9YnfHpxA","http://web.archive.org/*/https://twitter.com/EPAScottPruitt/status/852620320993366016"
"Went underground at Harvey Mine in Pa. today &amp; got a firsthand look at the important work our miners do to power Am… https://t.co/jDZCtMBStG","http://web.archive.org/*/http://twitter.com/EPAScottPruitt/status/852623499919323141"
"Went underground at Harvey Mine in Pa. today &amp; got a firsthand look at the important work our miners do to power Am… https://t.co/jDZCtMBStG","http://web.archive.org/*/https://twitter.com/EPAScottPruitt/status/852623499919323141"
"It's the beginning of a new era for jobs in our country – that’s the focus of my #EPABack2Basics agenda. https://t.co/cpdqAwMhcE","http://web.archive.org/*/http://twitter.com/EPAScottPruitt/status/852952592082767872"
"It's the beginning of a new era for jobs in our country – that’s the focus of my #EPABack2Basics agenda. https://t.co/cpdqAwMhcE","http://web.archive.org/*/https://twitter.com/EPAScottPruitt/status/852952592082767872"
"https://t.co/7jDzgTm0Fh","http://web.archive.org/*/http://twitter.com/EPAScottPruitt/status/853956297317908481"
"https://t.co/7jDzgTm0Fh","http://web.archive.org/*/https://twitter.com/EPAScottPruitt/status/853956297317908481"
"I hope you’ll enjoy this video of my visit to Harvey mine as much as I enjoyed meeting with the miners: https://t.co/ePtvpSCY7u","http://web.archive.org/*/http://twitter.com/EPAScottPruitt/status/854002162283819008"
"I hope you’ll enjoy this video of my visit to Harvey mine as much as I enjoyed meeting with the miners: https://t.co/ePtvpSCY7u","http://web.archive.org/*/https://twitter.com/EPAScottPruitt/status/854002162283819008"
"Met w/community members in E. Chicago today. We’re working to restore a healthy environment for residents. https://t.co/d6ES4JBJm2","http://web.archive.org/*/http://twitter.com/EPAScottPruitt/status/854788356814909441"
"Met w/community members in E. Chicago today. We’re working to restore a healthy environment for residents. https://t.co/d6ES4JBJm2","http://web.archive.org/*/https://twitter.com/EPAScottPruitt/status/854788356814909441"
"Brought my #EPABack2Basics agenda to Missouri today to share how @EPA is returning to its core mission of protectin… https://t.co/BmEsb06Yp1","http://web.archive.org/*/http://twitter.com/EPAScottPruitt/status/855111646053838848"
"Brought my #EPABack2Basics agenda to Missouri today to share how @EPA is returning to its core mission of protectin… https://t.co/BmEsb06Yp1","http://web.archive.org/*/https://twitter.com/EPAScottPruitt/status/855111646053838848"
"Joined 200 workers and co-op members at Thomas Hill Energy Center – a coal-fired power plant in Missouri - to discu… https://t.co/POmjoUmfqH","http://web.archive.org/*/http://twitter.com/EPAScottPruitt/status/855133010496282624"
"Joined 200 workers and co-op members at Thomas Hill Energy Center – a coal-fired power plant in Missouri - to discu… https://t.co/POmjoUmfqH","http://web.archive.org/*/https://twitter.com/EPAScottPruitt/status/855133010496282624"
"#ICYMI – yesterday I was in Missouri as part of #EPABack2Basics. Here are the highlights of my trip: https://t.co/s1OnyyzEcN","http://web.archive.org/*/http://twitter.com/EPAScottPruitt/status/855428557006417922"
"#ICYMI – yesterday I was in Missouri as part of #EPABack2Basics. Here are the highlights of my trip: https://t.co/s1OnyyzEcN","http://web.archive.org/*/https://twitter.com/EPAScottPruitt/status/855428557006417922"
"https://t.co/ep1QKbK3xW","http://web.archive.org/*/http://twitter.com/EPAScottPruitt/status/855831041738547202"
"https://t.co/ep1QKbK3xW","http://web.archive.org/*/https://twitter.com/EPAScottPruitt/status/855831041738547202"
"RT @realDonaldTrump: Today on Earth Day, we celebrate our beautiful forests, lakes and land. We stand committed to preserving the natural b…","http://web.archive.org/*/http://twitter.com/EPAScottPruitt/status/855910589146836993"
"RT @realDonaldTrump: Today on Earth Day, we celebrate our beautiful forests, lakes and land. We stand committed to preserving the natural b…","http://web.archive.org/*/https://twitter.com/EPAScottPruitt/status/855910589146836993"
"Great meeting w/National Turfgrass Association to discuss energy savings through turf research &amp; @EPA programs. https://t.co/OZNV24bu9I","http://web.archive.org/*/http://twitter.com/EPAScottPruitt/status/856900412947009538"
"Great meeting w/National Turfgrass Association to discuss energy savings through turf research &amp; @EPA programs. https://t.co/OZNV24bu9I","http://web.archive.org/*/https://twitter.com/EPAScottPruitt/status/856900412947009538"
"Great chat w/@ndfb &amp; @ndarec about regulations affecting power producers &amp; rural electric providers &amp; how we can be… https://t.co/78fgpIWEZV","http://web.archive.org/*/http://twitter.com/EPAScottPruitt/status/856970534818635776"
"Great chat w/@ndfb &amp; @ndarec about regulations affecting power producers &amp; rural electric providers &amp; how we can be… https://t.co/78fgpIWEZV","http://web.archive.org/*/https://twitter.com/EPAScottPruitt/status/856970534818635776"
"At @WhiteHouse talking to @foxnewsradio about @POTUS’s 1st #100days, most productive of any president since FDR! https://t.co/C5p3UgcVcf","http://web.archive.org/*/http://twitter.com/EPAScottPruitt/status/857245258714931201"
"At @WhiteHouse talking to @foxnewsradio about @POTUS’s 1st #100days, most productive of any president since FDR! https://t.co/C5p3UgcVcf","http://web.archive.org/*/https://twitter.com/EPAScottPruitt/status/857245258714931201"
"Now I’m talking with Greg Clugston of Salem Radio Network about #EPABack2Basics and @POTUS’s 1st #100days. https://t.co/Ep3tTpOIz1","http://web.archive.org/*/http://twitter.com/EPAScottPruitt/status/857262799763976192"
"Now I’m talking with Greg Clugston of Salem Radio Network about #EPABack2Basics and @POTUS’s 1st #100days. https://t.co/Ep3tTpOIz1","http://web.archive.org/*/https://twitter.com/EPAScottPruitt/status/857262799763976192"
"Tomorrow I'll be talking about 1st #100days of EPA actions on @foxnewsradio’s Kilmeade &amp; Friends. Tune in @ 9am ET: https://t.co/94OtjUgErM","http://web.archive.org/*/http://twitter.com/EPAScottPruitt/status/857315855159496711"
"Tomorrow I'll be talking about 1st #100days of EPA actions on @foxnewsradio’s Kilmeade &amp; Friends. Tune in @ 9am ET: https://t.co/94OtjUgErM","http://web.archive.org/*/https://twitter.com/EPAScottPruitt/status/857315855159496711"
"This afternoon I talked to @CBSPittsburgh TV about #EPABackToBasics and @POTUS hugely successful 1st #100days. https://t.co/35riwvGz4B","http://web.archive.org/*/http://twitter.com/EPAScottPruitt/status/857344443715899392"
"This afternoon I talked to @CBSPittsburgh TV about #EPABackToBasics and @POTUS hugely successful 1st #100days. https://t.co/35riwvGz4B","http://web.archive.org/*/https://twitter.com/EPAScottPruitt/status/857344443715899392"
"I was interviewed by Nick Minock from @wwmtnews about #EPABackToBasics and President Trump’s first #100days. https://t.co/uIQbp28AYA","http://web.archive.org/*/http://twitter.com/EPAScottPruitt/status/857353741611266049"
"I was interviewed by Nick Minock from @wwmtnews about #EPABackToBasics and President Trump’s first #100days. https://t.co/uIQbp28AYA","http://web.archive.org/*/https://twitter.com/EPAScottPruitt/status/857353741611266049"
"Great to talk to Brian Kilmeade about protecting the environment and growing jobs. Thanks, @foxnewsradio! https://t.co/ThivkJGLQi","http://web.archive.org/*/http://twitter.com/EPAScottPruitt/status/857671008773341185"
"Great to talk to Brian Kilmeade about protecting the environment and growing jobs. Thanks, @foxnewsradio! https://t.co/ThivkJGLQi","http://web.archive.org/*/https://twitter.com/EPAScottPruitt/status/857671008773341185"
"Proud to share these kind words from @GovSandoval, look forward to building a cooperative relationship w/all states. https://t.co/I9vf2yKApY","http://web.archive.org/*/http://twitter.com/EPAScottPruitt/status/857958833821437953"
"Proud to share these kind words from @GovSandoval, look forward to building a cooperative relationship w/all states. https://t.co/I9vf2yKApY","http://web.archive.org/*/https://twitter.com/EPAScottPruitt/status/857958833821437953"
"RT @EPA: .@EPAScottPruitt explains how EPA will be putting America first and ending the war on coal in his @WashTimes op-ed: https://t.co/K…","http://web.archive.org/*/http://twitter.com/EPAScottPruitt/status/859422770815488002"
"RT @EPA: .@EPAScottPruitt explains how EPA will be putting America first and ending the war on coal in his @WashTimes op-ed: https://t.co/K…","http://web.archive.org/*/https://twitter.com/EPAScottPruitt/status/859422770815488002"
"Regulatory reform's a key issue for me–good discussion w/@RepShimkus today on how this administration will be makin… https://t.co/qNZvPGZPq6","http://web.archive.org/*/http://twitter.com/EPAScottPruitt/status/859801617910165504"
"Regulatory reform's a key issue for me–good discussion w/@RepShimkus today on how this administration will be makin… https://t.co/qNZvPGZPq6","http://web.archive.org/*/https://twitter.com/EPAScottPruitt/status/859801617910165504"
"Solid conversation with @RepGregWalden on the issues affecting both his constituents and communities in OR &amp; across… https://t.co/XUlDQ5IX8r","http://web.archive.org/*/http://twitter.com/EPAScottPruitt/status/859826627026583552"
"Solid conversation with @RepGregWalden on the issues affecting both his constituents and communities in OR &amp; across… https://t.co/XUlDQ5IX8r","http://web.archive.org/*/https://twitter.com/EPAScottPruitt/status/859826627026583552"
"Great to meet @RepRichHudson today to talk about the environment and jobs in his North Carolina district. https://t.co/TJcJ2fzKQl","http://web.archive.org/*/http://twitter.com/EPAScottPruitt/status/859840975115616256"
"Great to meet @RepRichHudson today to talk about the environment and jobs in his North Carolina district. https://t.co/TJcJ2fzKQl","http://web.archive.org/*/https://twitter.com/EPAScottPruitt/status/859840975115616256"
"Thanks to @McConnellPress for meeting w/me to talk about the #EPABackToBasics agenda &amp; working with states to prote… https://t.co/zdDb11fp6C","http://web.archive.org/*/http://twitter.com/EPAScottPruitt/status/859879336635224066"
"Thanks to @McConnellPress for meeting w/me to talk about the #EPABackToBasics agenda &amp; working with states to prote… https://t.co/zdDb11fp6C","http://web.archive.org/*/https://twitter.com/EPAScottPruitt/status/859879336635224066"
"This afternoon @EPAScottPruitt’s visited @SenJohnBarrasso &amp; talked about working with states to protect our air, wa… https://t.co/raSuFNwUIR","http://web.archive.org/*/http://twitter.com/EPAScottPruitt/status/859893890580709376"
"This afternoon @EPAScottPruitt’s visited @SenJohnBarrasso &amp; talked about working with states to protect our air, wa… https://t.co/raSuFNwUIR","http://web.archive.org/*/https://twitter.com/EPAScottPruitt/status/859893890580709376"
"Congrats EA Engineering, Science &amp; Technology, Inc. for winning our award for outstanding accomplishments! https://t.co/bFa5jGwofy","http://web.archive.org/*/http://twitter.com/EPAScottPruitt/status/860226482043584514"
"Congrats EA Engineering, Science &amp; Technology, Inc. for winning our award for outstanding accomplishments! https://t.co/bFa5jGwofy","http://web.archive.org/*/https://twitter.com/EPAScottPruitt/status/860226482043584514"
"RT @NRWAmatt: Excellent meeting with @EPAScottPruitt discussing the partnership with Rural Water &amp; EPA! Greatly encouraged by the new agenc…","http://web.archive.org/*/http://twitter.com/EPAScottPruitt/status/860567300654727168"
"RT @NRWAmatt: Excellent meeting with @EPAScottPruitt discussing the partnership with Rural Water &amp; EPA! Greatly encouraged by the new agenc…","http://web.archive.org/*/https://twitter.com/EPAScottPruitt/status/860567300654727168"
"EPA &amp; Indiana officials are working to improve coordination, communication &amp; cleanup in East Chicago: https://t.co/wteEcgDhEn","http://web.archive.org/*/http://twitter.com/EPAScottPruitt/status/860585041335898113"
"EPA &amp; Indiana officials are working to improve coordination, communication &amp; cleanup in East Chicago: https://t.co/wteEcgDhEn","http://web.archive.org/*/https://twitter.com/EPAScottPruitt/status/860585041335898113"
"Today's action will empower ND state regulators, advance CCS tech &amp; ensure drinking water sources are protected: https://t.co/KV0vzFbSNG","http://web.archive.org/*/http://twitter.com/EPAScottPruitt/status/861972483574046722"
"Today's action will empower ND state regulators, advance CCS tech &amp; ensure drinking water sources are protected: https://t.co/KV0vzFbSNG","http://web.archive.org/*/https://twitter.com/EPAScottPruitt/status/861972483574046722"
"Listen live to my interview on WDAY about how @EPA is working with #NorthDakota. https://t.co/yo9F6sfiGm #EPABackToBasics","http://web.archive.org/*/http://twitter.com/EPAScottPruitt/status/862338681255940096"
"Listen live to my interview on WDAY about how @EPA is working with #NorthDakota. https://t.co/yo9F6sfiGm #EPABackToBasics","http://web.archive.org/*/https://twitter.com/EPAScottPruitt/status/862338681255940096"
"I enjoyed learning about the environmental issues facing Florida from @FLGovScott today. https://t.co/uZ2DwVTrME","http://web.archive.org/*/http://twitter.com/EPAScottPruitt/status/862353422951088130"
"I enjoyed learning about the environmental issues facing Florida from @FLGovScott today. https://t.co/uZ2DwVTrME","http://web.archive.org/*/https://twitter.com/EPAScottPruitt/status/862353422951088130"
"Listen at 2:30pm ET to my interview on WDAY about how @EPA is working with #NorthDakota. https://t.co/yo9F6swTxU  #EPABackToBasics","http://web.archive.org/*/http://twitter.com/EPAScottPruitt/status/862359832275189761"
"Listen at 2:30pm ET to my interview on WDAY about how @EPA is working with #NorthDakota. https://t.co/yo9F6swTxU  #EPABackToBasics","http://web.archive.org/*/https://twitter.com/EPAScottPruitt/status/862359832275189761"
"FRONT PAGE of today’s @bistrib: EPA starts process that gives #NorthDakota Well Authority https://t.co/97UkiyCMj9","http://web.archive.org/*/http://twitter.com/EPAScottPruitt/status/862427479792906240"
"FRONT PAGE of today’s @bistrib: EPA starts process that gives #NorthDakota Well Authority https://t.co/97UkiyCMj9","http://web.archive.org/*/https://twitter.com/EPAScottPruitt/status/862427479792906240"
"I’m determined to prioritize Superfund cleanups – a core part of our mission: https://t.co/Z2hmPycZdj","http://web.archive.org/*/http://twitter.com/EPAScottPruitt/status/862683910039384070"
"I’m determined to prioritize Superfund cleanups – a core part of our mission: https://t.co/Z2hmPycZdj","http://web.archive.org/*/https://twitter.com/EPAScottPruitt/status/862683910039384070"
"Washington Times: EPA chief Pruitt: Obama no ‘environmental savior,’ past administration accomplished nothing: https://t.co/KY9NvrksPe","http://web.archive.org/*/http://twitter.com/EPAScottPruitt/status/862710864939544576"
"Washington Times: EPA chief Pruitt: Obama no ‘environmental savior,’ past administration accomplished nothing: https://t.co/KY9NvrksPe","http://web.archive.org/*/https://twitter.com/EPAScottPruitt/status/862710864939544576"
"Scott Pruitt: What Was So Great About Obama’s Environmental Record? https://t.co/McTxX1gccG","http://web.archive.org/*/http://twitter.com/EPAScottPruitt/status/862733800396263424"
"Scott Pruitt: What Was So Great About Obama’s Environmental Record? https://t.co/McTxX1gccG","http://web.archive.org/*/https://twitter.com/EPAScottPruitt/status/862733800396263424"
"Scott Pruitt Explains Why He Sued EPA So Many Times: ‘They Deserved It’: https://t.co/fu5b0nU6Jg","http://web.archive.org/*/http://twitter.com/EPAScottPruitt/status/862745467679121408"
"Scott Pruitt Explains Why He Sued EPA So Many Times: ‘They Deserved It’: https://t.co/fu5b0nU6Jg","http://web.archive.org/*/https://twitter.com/EPAScottPruitt/status/862745467679121408"
"EPA chief: Obama was no ""environmental savior"": https://t.co/QFGvBlwIS8","http://web.archive.org/*/http://twitter.com/EPAScottPruitt/status/862763590620786690"
"EPA chief: Obama was no ""environmental savior"": https://t.co/QFGvBlwIS8","http://web.archive.org/*/https://twitter.com/EPAScottPruitt/status/862763590620786690"
"EPA slams brakes on Obama's new pesticide rules: https://t.co/4KOIOsT96O","http://web.archive.org/*/http://twitter.com/EPAScottPruitt/status/862775060737732608"
"EPA slams brakes on Obama's new pesticide rules: https://t.co/4KOIOsT96O","http://web.archive.org/*/https://twitter.com/EPAScottPruitt/status/862775060737732608"
"#ICYMI: I joined North Dakota’s Rob Port to talk about cooperative federalism. Here’s the audio: https://t.co/kb4SdGwJz6","http://web.archive.org/*/http://twitter.com/EPAScottPruitt/status/862777745100636161"
"#ICYMI: I joined North Dakota’s Rob Port to talk about cooperative federalism. Here’s the audio: https://t.co/kb4SdGwJz6","http://web.archive.org/*/https://twitter.com/EPAScottPruitt/status/862777745100636161"
"Last week was a good week. Looking forward another productive one ahead. #EPABackToBasics https://t.co/siIsFZGnC9","http://web.archive.org/*/http://twitter.com/EPAScottPruitt/status/863836856500314114"
"Last week was a good week. Looking forward another productive one ahead. #EPABackToBasics https://t.co/siIsFZGnC9","http://web.archive.org/*/https://twitter.com/EPAScottPruitt/status/863836856500314114"
"RT @RepByrne: Glad to see @EPAScottPruitt and @EPA investing in Mobile Bay and the @MobileBayNEP. This funding is key to our local ecosyste…","http://web.archive.org/*/http://twitter.com/EPAScottPruitt/status/864187916687482880"
"RT @RepByrne: Glad to see @EPAScottPruitt and @EPA investing in Mobile Bay and the @MobileBayNEP. This funding is key to our local ecosyste…","http://web.archive.org/*/https://twitter.com/EPAScottPruitt/status/864187916687482880"
"Listen to @RepByrne talk about the positive impact our grant to @mobilebaynep will have on the community. https://t.co/QLjrCd7O7c","http://web.archive.org/*/http://twitter.com/EPAScottPruitt/status/864476184582770689"
"Listen to @RepByrne talk about the positive impact our grant to @mobilebaynep will have on the community. https://t.co/QLjrCd7O7c","http://web.archive.org/*/https://twitter.com/EPAScottPruitt/status/864476184582770689"
"Today I met w/@WesternGrowers to discuss agricultural issues facing our farmers and ranchers &amp; how we can work toge… https://t.co/EszCPaq3ag","http://web.archive.org/*/http://twitter.com/EPAScottPruitt/status/864484632817012737"
"Today I met w/@WesternGrowers to discuss agricultural issues facing our farmers and ranchers &amp; how we can work toge… https://t.co/EszCPaq3ag","http://web.archive.org/*/https://twitter.com/EPAScottPruitt/status/864484632817012737"
"I had a good conversation w/@RepBillFlores about working together on to protect our environment, achieve energy ind… https://t.co/bBuYt6FVkj","http://web.archive.org/*/http://twitter.com/EPAScottPruitt/status/864502240891076608"
"I had a good conversation w/@RepBillFlores about working together on to protect our environment, achieve energy ind… https://t.co/bBuYt6FVkj","http://web.archive.org/*/https://twitter.com/EPAScottPruitt/status/864502240891076608"
"""We appreciate the EPA’s support for the Merrimack Valley Workforce Investment Board.” @MassGovernor https://t.co/pe2RKWahFC","http://web.archive.org/*/http://twitter.com/EPAScottPruitt/status/864516741266894848"
"""We appreciate the EPA’s support for the Merrimack Valley Workforce Investment Board.” @MassGovernor https://t.co/pe2RKWahFC","http://web.archive.org/*/https://twitter.com/EPAScottPruitt/status/864516741266894848"
"Thanks @RoyBlunt: “I’m glad to see EPA recognize the great work that @STLCC is doing to recruit and train students for good-paying jobs.”","http://web.archive.org/*/http://twitter.com/EPAScottPruitt/status/864517327894835201"
"Thanks @RoyBlunt: “I’m glad to see EPA recognize the great work that @STLCC is doing to recruit and train students for good-paying jobs.”","http://web.archive.org/*/https://twitter.com/EPAScottPruitt/status/864517327894835201"
"In the morning I’m going to be talking to @foxandfriends about the changes we’re making at @EPA at 6:40am ET. Tune in!","http://web.archive.org/*/http://twitter.com/EPAScottPruitt/status/864594035557769217"
"In the morning I’m going to be talking to @foxandfriends about the changes we’re making at @EPA at 6:40am ET. Tune in!","http://web.archive.org/*/https://twitter.com/EPAScottPruitt/status/864594035557769217"
"Tomorrow I’m looking forward to talking to @VarneyCo about @EPA’s new direction. Watch live at 9:15am ET.","http://web.archive.org/*/http://twitter.com/EPAScottPruitt/status/864595094636244993"
"Tomorrow I’m looking forward to talking to @VarneyCo about @EPA’s new direction. Watch live at 9:15am ET.","http://web.archive.org/*/https://twitter.com/EPAScottPruitt/status/864595094636244993"
"RT @ainsleyearhardt: EPA Administrator @ScottPruittOK joined us on @foxandfriends to talk about his plan to create clean energy https://t.c…","http://web.archive.org/*/http://twitter.com/EPAScottPruitt/status/864824432489058304"
"RT @ainsleyearhardt: EPA Administrator @ScottPruittOK joined us on @foxandfriends to talk about his plan to create clean energy https://t.c…","http://web.archive.org/*/https://twitter.com/EPAScottPruitt/status/864824432489058304"
"Environmental Workforce Development &amp; Job Training Program has been putting people to work for nearly two decades.  https://t.co/vdsxBkBlqL","http://web.archive.org/*/http://twitter.com/EPAScottPruitt/status/864832881226428416"
"Environmental Workforce Development &amp; Job Training Program has been putting people to work for nearly two decades.  https://t.co/vdsxBkBlqL","http://web.archive.org/*/https://twitter.com/EPAScottPruitt/status/864832881226428416"
"Read my Q&amp;A interview w/ Derrill Holly on EPA originalism and our #EPABack2Basics agenda: https://t.co/aErrSgbP6z","http://web.archive.org/*/http://twitter.com/EPAScottPruitt/status/864839973559840768"
"Read my Q&amp;A interview w/ Derrill Holly on EPA originalism and our #EPABack2Basics agenda: https://t.co/aErrSgbP6z","http://web.archive.org/*/https://twitter.com/EPAScottPruitt/status/864839973559840768"
"RT @EPAregion6: EPA grant to Joshua, TX, helps help city prepare for future growth and improve #waterquality. https://t.co/Z4xjyG1WUP","http://web.archive.org/*/http://twitter.com/EPAScottPruitt/status/864891550484111362"
"RT @EPAregion6: EPA grant to Joshua, TX, helps help city prepare for future growth and improve #waterquality. https://t.co/Z4xjyG1WUP","http://web.archive.org/*/https://twitter.com/EPAScottPruitt/status/864891550484111362"
"Great summary of my discussion with @foxandfriends on the new direction at EPA &amp; the Superfund program on @NTKNet. https://t.co/cJCLa6lwFX","http://web.archive.org/*/http://twitter.com/EPAScottPruitt/status/864907343741538304"
"Great summary of my discussion with @foxandfriends on the new direction at EPA &amp; the Superfund program on @NTKNet. https://t.co/cJCLa6lwFX","http://web.archive.org/*/https://twitter.com/EPAScottPruitt/status/864907343741538304"
"Meeting with some of New York City's finest and thanking them for their service this #PoliceWeek. https://t.co/J8gDSLZA8w","http://web.archive.org/*/http://twitter.com/EPAScottPruitt/status/864940897129181186"
"Meeting with some of New York City's finest and thanking them for their service this #PoliceWeek. https://t.co/J8gDSLZA8w","http://web.archive.org/*/https://twitter.com/EPAScottPruitt/status/864940897129181186"
"I met w/@UEPCertified today to talk about environmental issues impacting agriculture &amp; farmers, including our work… https://t.co/6YVO2CItYF","http://web.archive.org/*/http://twitter.com/EPAScottPruitt/status/865219802910076929"
"I met w/@UEPCertified today to talk about environmental issues impacting agriculture &amp; farmers, including our work… https://t.co/6YVO2CItYF","http://web.archive.org/*/https://twitter.com/EPAScottPruitt/status/865219802910076929"
"I met with International Paper CEO Mark Sutton to discuss his role on the White House Manufacturing Jobs Initiative… https://t.co/DRGS1mb828","http://web.archive.org/*/http://twitter.com/EPAScottPruitt/status/865255270003466241"
"I met with International Paper CEO Mark Sutton to discuss his role on the White House Manufacturing Jobs Initiative… https://t.co/DRGS1mb828","http://web.archive.org/*/https://twitter.com/EPAScottPruitt/status/865255270003466241"
"This morning I had a productive meeting w/@RepPeteOlson re: clean air and the National Ambient Air Quality Standard… https://t.co/kwj1CwX5Dw","http://web.archive.org/*/http://twitter.com/EPAScottPruitt/status/865580185231470593"
"This morning I had a productive meeting w/@RepPeteOlson re: clean air and the National Ambient Air Quality Standard… https://t.co/kwj1CwX5Dw","http://web.archive.org/*/https://twitter.com/EPAScottPruitt/status/865580185231470593"
".@RepPeteOlson thanks for the invitation to Houston and your support for the changes we’re making at EPA! https://t.co/58N9Cd18wQ","http://web.archive.org/*/http://twitter.com/EPAScottPruitt/status/865588901712416768"
".@RepPeteOlson thanks for the invitation to Houston and your support for the changes we’re making at EPA! https://t.co/58N9Cd18wQ","http://web.archive.org/*/https://twitter.com/EPAScottPruitt/status/865588901712416768"
"Thank you to Council for National Policy for having me at their meeting. I discussed restoring states’ rights &amp; wor… https://t.co/W8YWfYcURk","http://web.archive.org/*/http://twitter.com/EPAScottPruitt/status/865657170267746304"
"Thank you to Council for National Policy for having me at their meeting. I discussed restoring states’ rights &amp; wor… https://t.co/W8YWfYcURk","http://web.archive.org/*/https://twitter.com/EPAScottPruitt/status/865657170267746304"
"It’s an honor to serve @POTUS and the American people alongside my friend @VP Mike Pence. Good to see you today! https://t.co/4169HShK5E","http://web.archive.org/*/http://twitter.com/EPAScottPruitt/status/865660071908220928"
"It’s an honor to serve @POTUS and the American people alongside my friend @VP Mike Pence. Good to see you today! https://t.co/4169HShK5E","http://web.archive.org/*/https://twitter.com/EPAScottPruitt/status/865660071908220928"
"Proud to see our President standing strong on his first trip abroad as @POTUS: https://t.co/WSRdqMjUCE","http://web.archive.org/*/http://twitter.com/EPAScottPruitt/status/866121215777308672"
"Proud to see our President standing strong on his first trip abroad as @POTUS: https://t.co/WSRdqMjUCE","http://web.archive.org/*/https://twitter.com/EPAScottPruitt/status/866121215777308672"
"RT @PresidentRuvi: The Star of David &amp; the Stars &amp; Stripes are flying side by side #Israel is looking forward to welcoming @POTUS @realDona…","http://web.archive.org/*/http://twitter.com/EPAScottPruitt/status/866634370597232642"
"RT @PresidentRuvi: The Star of David &amp; the Stars &amp; Stripes are flying side by side #Israel is looking forward to welcoming @POTUS @realDona…","http://web.archive.org/*/https://twitter.com/EPAScottPruitt/status/866634370597232642"
"RT @WhiteHouse: Watch LIVE as @POTUS delivers remarks with Prime Minister Netanyahu: https://t.co/JRDy09ZJj2 https://t.co/4mWiEDyi3S","http://web.archive.org/*/http://twitter.com/EPAScottPruitt/status/866717059513815040"
"RT @WhiteHouse: Watch LIVE as @POTUS delivers remarks with Prime Minister Netanyahu: https://t.co/JRDy09ZJj2 https://t.co/4mWiEDyi3S","http://web.archive.org/*/https://twitter.com/EPAScottPruitt/status/866717059513815040"
"Today I shared my vision for how EPA &amp; the electric power industry should work together to achieve energy independe… https://t.co/H1YsABQzjZ","http://web.archive.org/*/http://twitter.com/EPAScottPruitt/status/866728420100669440"
"Today I shared my vision for how EPA &amp; the electric power industry should work together to achieve energy independe… https://t.co/H1YsABQzjZ","http://web.archive.org/*/https://twitter.com/EPAScottPruitt/status/866728420100669440"
"RT @RepMcKinley: Glad to welcome @EPAScottPruitt to our Coal Caucus meeting to discuss issues that impact the coal industry all across Amer…","http://web.archive.org/*/http://twitter.com/EPAScottPruitt/status/866771102785253380"
"RT @RepMcKinley: Glad to welcome @EPAScottPruitt to our Coal Caucus meeting to discuss issues that impact the coal industry all across Amer…","http://web.archive.org/*/https://twitter.com/EPAScottPruitt/status/866771102785253380"
"In Case You Missed It: Read Administrator Pruitt's memo prioritizing Superfund site cleanup across America: https://t.co/JVKqHeKRRV","http://web.archive.org/*/http://twitter.com/EPAScottPruitt/status/866986878876176385"
"In Case You Missed It: Read Administrator Pruitt's memo prioritizing Superfund site cleanup across America: https://t.co/JVKqHeKRRV","http://web.archive.org/*/https://twitter.com/EPAScottPruitt/status/866986878876176385"
"RT @WhiteHouse: We stand in absolute solidarity with the people of the United Kingdom. https://t.co/u54jWT7v6Q","http://web.archive.org/*/http://twitter.com/EPAScottPruitt/status/867005085817196545"
"RT @WhiteHouse: We stand in absolute solidarity with the people of the United Kingdom. https://t.co/u54jWT7v6Q","http://web.archive.org/*/https://twitter.com/EPAScottPruitt/status/867005085817196545"
"Thank you to the Members of the @westerncaucus for the excellent meeting today. Together we will protect our enviro… https://t.co/HJz8jzA4GC","http://web.archive.org/*/http://twitter.com/EPAScottPruitt/status/867074833984753664"
"Thank you to the Members of the @westerncaucus for the excellent meeting today. Together we will protect our enviro… https://t.co/HJz8jzA4GC","http://web.archive.org/*/https://twitter.com/EPAScottPruitt/status/867074833984753664"
"I enjoyed a productive meeting today with U.S. Rep. Jim Costa @RepJimCosta on environmental issues facing Californi… https://t.co/7B4JixKJ5T","http://web.archive.org/*/http://twitter.com/EPAScottPruitt/status/867093139768651777"
"I enjoyed a productive meeting today with U.S. Rep. Jim Costa @RepJimCosta on environmental issues facing Californi… https://t.co/7B4JixKJ5T","http://web.archive.org/*/https://twitter.com/EPAScottPruitt/status/867093139768651777"
".@RepFredUpton and I spent some quality time this morning talking about the importance of protecting the Great Lake… https://t.co/p4fs9YR5YE","http://web.archive.org/*/http://twitter.com/EPAScottPruitt/status/867102461655490560"
".@RepFredUpton and I spent some quality time this morning talking about the importance of protecting the Great Lake… https://t.co/p4fs9YR5YE","http://web.archive.org/*/https://twitter.com/EPAScottPruitt/status/867102461655490560"
"I enjoyed speaking w/NSSGA representatives today on our continued efforts to build America’s infrastructure &amp; econo… https://t.co/wtnGynKCe1","http://web.archive.org/*/http://twitter.com/EPAScottPruitt/status/867141140226736133"
"I enjoyed speaking w/NSSGA representatives today on our continued efforts to build America’s infrastructure &amp; econo… https://t.co/wtnGynKCe1","http://web.archive.org/*/https://twitter.com/EPAScottPruitt/status/867141140226736133"
"I’m always happy to learn how EPA can support our farmers – thanks to the members of the Kansas Farm Bureau who cam… https://t.co/pGyEebtCtN","http://web.archive.org/*/http://twitter.com/EPAScottPruitt/status/867442383620886528"
"I’m always happy to learn how EPA can support our farmers – thanks to the members of the Kansas Farm Bureau who cam… https://t.co/pGyEebtCtN","http://web.archive.org/*/https://twitter.com/EPAScottPruitt/status/867442383620886528"
"Today I met w/Trout Unlimited to discuss their mission: To conserve, protect &amp; restore coldwater fisheries and thei… https://t.co/Kld4fsIZ4X","http://web.archive.org/*/http://twitter.com/EPAScottPruitt/status/867803854187966464"
"Today I met w/Trout Unlimited to discuss their mission: To conserve, protect &amp; restore coldwater fisheries and thei… https://t.co/Kld4fsIZ4X","http://web.archive.org/*/https://twitter.com/EPAScottPruitt/status/867803854187966464"
"Great meeting today with MO @RepJasonSmith about farmers’ past challenges with the previous Administration. https://t.co/NyKSmzJzOP","http://web.archive.org/*/http://twitter.com/EPAScottPruitt/status/867827978683772928"
"Great meeting today with MO @RepJasonSmith about farmers’ past challenges with the previous Administration. https://t.co/NyKSmzJzOP","http://web.archive.org/*/https://twitter.com/EPAScottPruitt/status/867827978683772928"
"This #MemorialDayWeekend please join me in honoring those who made the ultimate sacrifice for our great nation. https://t.co/cvFZ3jy0g1","http://web.archive.org/*/http://twitter.com/EPAScottPruitt/status/868498845650608129"
"This #MemorialDayWeekend please join me in honoring those who made the ultimate sacrifice for our great nation. https://t.co/cvFZ3jy0g1","http://web.archive.org/*/https://twitter.com/EPAScottPruitt/status/868498845650608129"
".@EPA selected 172 communities across the #USA to receive funding for Brownfield site revitalization. Learn more: https://t.co/fcPQa7OoGz","http://web.archive.org/*/http://twitter.com/EPAScottPruitt/status/869950232825663490"
".@EPA selected 172 communities across the #USA to receive funding for Brownfield site revitalization. Learn more: https://t.co/fcPQa7OoGz","http://web.archive.org/*/https://twitter.com/EPAScottPruitt/status/869950232825663490"
"After my recent visit to E. Chicago, I’ve directed @EPA staff to enhance
communications w/ residents. Read more:  https://t.co/0zj5TbZ32M","http://web.archive.org/*/http://twitter.com/EPAScottPruitt/status/870009911249256449"
"After my recent visit to E. Chicago, I’ve directed @EPA staff to enhance
communications w/ residents. Read more:  https://t.co/0zj5TbZ32M","http://web.archive.org/*/https://twitter.com/EPAScottPruitt/status/870009911249256449"
"President Trump made a hard decision today, but one that puts America first. https://t.co/uUYZcpWRxp","http://web.archive.org/*/http://twitter.com/EPAScottPruitt/status/870369891211202560"
"President Trump made a hard decision today, but one that puts America first. https://t.co/uUYZcpWRxp","http://web.archive.org/*/https://twitter.com/EPAScottPruitt/status/870369891211202560"
"@POTUS Mr. President, your decision today to exit the #ParisAccord reflects your unflinching commitment to put the American people first.","http://web.archive.org/*/http://twitter.com/EPAScottPruitt/status/870384860673835008"
"@POTUS Mr. President, your decision today to exit the #ParisAccord reflects your unflinching commitment to put the American people first.","http://web.archive.org/*/https://twitter.com/EPAScottPruitt/status/870384860673835008"
"Had a great discussion w/ @AGRutledge on fixing over-regulation in Arkansas while also protecting the environment.… https://t.co/VwcU5T9irl","http://web.archive.org/*/http://twitter.com/EPAScottPruitt/status/870653148607774720"
"Had a great discussion w/ @AGRutledge on fixing over-regulation in Arkansas while also protecting the environment.… https://t.co/VwcU5T9irl","http://web.archive.org/*/https://twitter.com/EPAScottPruitt/status/870653148607774720"
"RT @EPA: TUNE IN at 1:30 PM EDT to watch the @WhiteHouse press briefing with @PressSec &amp; @EPAScottPruitt: https://t.co/hsHPgGZrSA","http://web.archive.org/*/http://twitter.com/EPAScottPruitt/status/870689881214799872"
"RT @EPA: TUNE IN at 1:30 PM EDT to watch the @WhiteHouse press briefing with @PressSec &amp; @EPAScottPruitt: https://t.co/hsHPgGZrSA","http://web.archive.org/*/https://twitter.com/EPAScottPruitt/status/870689881214799872"
"#EPABackToBasics https://t.co/UF1kFUWnE4","http://web.archive.org/*/http://twitter.com/EPAScottPruitt/status/870722240987508736"
"#EPABackToBasics https://t.co/UF1kFUWnE4","http://web.archive.org/*/https://twitter.com/EPAScottPruitt/status/870722240987508736"
"#EPABackToBasics https://t.co/tYicMqgwXn","http://web.archive.org/*/http://twitter.com/EPAScottPruitt/status/870722438996389888"
"#EPABackToBasics https://t.co/tYicMqgwXn","http://web.archive.org/*/https://twitter.com/EPAScottPruitt/status/870722438996389888"
"Tomorrow Administrator Pruitt will join @FoxNewsSunday @ThisWeekABC &amp; @MeetThePress to discuss @POTUS &amp; @EPA environmental agenda.","http://web.archive.org/*/http://twitter.com/EPAScottPruitt/status/871123632814256128"
"Tomorrow Administrator Pruitt will join @FoxNewsSunday @ThisWeekABC &amp; @MeetThePress to discuss @POTUS &amp; @EPA environmental agenda.","http://web.archive.org/*/https://twitter.com/EPAScottPruitt/status/871123632814256128"
"EPA Administrator Scott Pruitt Talks the Benefits of Pulling out of the Paris Deal https://t.co/etWkQhtxr6","http://web.archive.org/*/http://twitter.com/EPAScottPruitt/status/871490068615225344"
"EPA Administrator Scott Pruitt Talks the Benefits of Pulling out of the Paris Deal https://t.co/etWkQhtxr6","http://web.archive.org/*/https://twitter.com/EPAScottPruitt/status/871490068615225344"
"ICYMI… EPA Administrator Scott Pruitt talks about the benefits of pulling out of the Paris deal: https://t.co/etWkQhtxr6","http://web.archive.org/*/http://twitter.com/EPAScottPruitt/status/871715018286542849"
"ICYMI… EPA Administrator Scott Pruitt talks about the benefits of pulling out of the Paris deal: https://t.co/etWkQhtxr6","http://web.archive.org/*/https://twitter.com/EPAScottPruitt/status/871715018286542849"
"Enjoyed visiting with @marthamaccallum for #TheStory to talk about putting #AmericaFirst https://t.co/SL0fVmJbnp","http://web.archive.org/*/http://twitter.com/EPAScottPruitt/status/871913825796313088"
"Enjoyed visiting with @marthamaccallum for #TheStory to talk about putting #AmericaFirst https://t.co/SL0fVmJbnp","http://web.archive.org/*/https://twitter.com/EPAScottPruitt/status/871913825796313088"
"On climate, we're leading with action, not with words. Hear more from my interview on Morning Joe: https://t.co/eoNrUvei2K","http://web.archive.org/*/http://twitter.com/EPAScottPruitt/status/872123760391974913"
"On climate, we're leading with action, not with words. Hear more from my interview on Morning Joe: https://t.co/eoNrUvei2K","http://web.archive.org/*/https://twitter.com/EPAScottPruitt/status/872123760391974913"
"Kicked off Italy visit by mtg w/ U.S. companies doing business in Europe. We discussed the role environ. stewardshi… https://t.co/AHWfdK0U4E","http://web.archive.org/*/http://twitter.com/EPAScottPruitt/status/872826400624877568"
"Kicked off Italy visit by mtg w/ U.S. companies doing business in Europe. We discussed the role environ. stewardshi… https://t.co/AHWfdK0U4E","http://web.archive.org/*/https://twitter.com/EPAScottPruitt/status/872826400624877568"
"Met with Archbishop Gallagher, Secretary for Relations with the States, this morning while visiting the #Vatican -… https://t.co/UMCQx6k5Dl","http://web.archive.org/*/http://twitter.com/EPAScottPruitt/status/873119368711872513"
"Met with Archbishop Gallagher, Secretary for Relations with the States, this morning while visiting the #Vatican -… https://t.co/UMCQx6k5Dl","http://web.archive.org/*/https://twitter.com/EPAScottPruitt/status/873119368711872513"
"RT @EPA: Learn how municipal and regional parks can manage stormwater and increase park land access. https://t.co/o5uMIYXvnu","http://web.archive.org/*/http://twitter.com/EPAScottPruitt/status/873238766667935744"
"RT @EPA: Learn how municipal and regional parks can manage stormwater and increase park land access. https://t.co/o5uMIYXvnu","http://web.archive.org/*/https://twitter.com/EPAScottPruitt/status/873238766667935744"
"RT @EPA: Managing storm water is one of the benefits managers can encourage w/ green infrastructure. Read the report: https://t.co/uuUbekL1…","http://web.archive.org/*/http://twitter.com/EPAScottPruitt/status/873252241687408641"
"RT @EPA: Managing storm water is one of the benefits managers can encourage w/ green infrastructure. Read the report: https://t.co/uuUbekL1…","http://web.archive.org/*/https://twitter.com/EPAScottPruitt/status/873252241687408641"
"Had a thoughtful discussion on rule of law with Luciano Panzani, President of Rome Court of Appeals, as well as oth… https://t.co/zkFdFOItqd","http://web.archive.org/*/http://twitter.com/EPAScottPruitt/status/873309468452204544"
"Had a thoughtful discussion on rule of law with Luciano Panzani, President of Rome Court of Appeals, as well as oth… https://t.co/zkFdFOItqd","http://web.archive.org/*/https://twitter.com/EPAScottPruitt/status/873309468452204544"
"Thank you @glgalletti for the Italian-style welcome to @G7Italy2017. The prosciutto and pasta were delicious!… https://t.co/5tdcS07oEc","http://web.archive.org/*/http://twitter.com/EPAScottPruitt/status/873517484367892480"
"Thank you @glgalletti for the Italian-style welcome to @G7Italy2017. The prosciutto and pasta were delicious!… https://t.co/5tdcS07oEc","http://web.archive.org/*/https://twitter.com/EPAScottPruitt/status/873517484367892480"
"Great to have Dr. Thomas Coon of @okstate join me in Bologna to share the U.S. approach to food loss + waste with w… https://t.co/CZFZ2mnFQ1","http://web.archive.org/*/http://twitter.com/EPAScottPruitt/status/873582357793648640"
"Great to have Dr. Thomas Coon of @okstate join me in Bologna to share the U.S. approach to food loss + waste with w… https://t.co/CZFZ2mnFQ1","http://web.archive.org/*/https://twitter.com/EPAScottPruitt/status/873582357793648640"
"Enjoyed mtg w/ @theresecoffey about ways U.S. and U.K. can partner together to protect the environment and grow our… https://t.co/LXGIWKeLJA","http://web.archive.org/*/http://twitter.com/EPAScottPruitt/status/873618418741776385"
"Enjoyed mtg w/ @theresecoffey about ways U.S. and U.K. can partner together to protect the environment and grow our… https://t.co/LXGIWKeLJA","http://web.archive.org/*/https://twitter.com/EPAScottPruitt/status/873618418741776385"
"RT @eatalyworld: #G7ItalyUS: @glgalletti and @EPAScottPruitt at #FICO #eatalyworld to analyze the problem of #foodwaste and develop practic…","http://web.archive.org/*/http://twitter.com/EPAScottPruitt/status/873803559955034112"
"RT @eatalyworld: #G7ItalyUS: @glgalletti and @EPAScottPruitt at #FICO #eatalyworld to analyze the problem of #foodwaste and develop practic…","http://web.archive.org/*/https://twitter.com/EPAScottPruitt/status/873803559955034112"
"Very much enjoyed meeting Minister Yamamoto of Japan. We discussed ways to use innovation to improve air quality. T… https://t.co/vo6a31ScTA","http://web.archive.org/*/http://twitter.com/EPAScottPruitt/status/873850865425186816"
"Very much enjoyed meeting Minister Yamamoto of Japan. We discussed ways to use innovation to improve air quality. T… https://t.co/vo6a31ScTA","http://web.archive.org/*/https://twitter.com/EPAScottPruitt/status/873850865425186816"
"The private sector plays an integral role in environ. stewardship. Thanks to UPS, Sealed Air, CITI + US Chamber for… https://t.co/XkwmbnrFco","http://web.archive.org/*/http://twitter.com/EPAScottPruitt/status/873892347251105793"
"The private sector plays an integral role in environ. stewardship. Thanks to UPS, Sealed Air, CITI + US Chamber for… https://t.co/XkwmbnrFco","http://web.archive.org/*/https://twitter.com/EPAScottPruitt/status/873892347251105793"
"Spent meaningful time with my G7 counterparts this wknd. Engagement is essential to protecting and using our natura… https://t.co/frKBTVXDXE","http://web.archive.org/*/http://twitter.com/EPAScottPruitt/status/873931917745410048"
"Spent meaningful time with my G7 counterparts this wknd. Engagement is essential to protecting and using our natura… https://t.co/frKBTVXDXE","http://web.archive.org/*/https://twitter.com/EPAScottPruitt/status/873931917745410048"
"The Paris Agreement is not the only mechanism by which environmental stewardship can be demonstrated. My statement… https://t.co/mChSGvykat","http://web.archive.org/*/http://twitter.com/EPAScottPruitt/status/874270204259389442"
"The Paris Agreement is not the only mechanism by which environmental stewardship can be demonstrated. My statement… https://t.co/mChSGvykat","http://web.archive.org/*/https://twitter.com/EPAScottPruitt/status/874270204259389442"
"Editorial in today's @WSJ highlights our efforts to prioritize #Superfund cleanup: https://t.co/Z6zqOUUXTw","http://web.archive.org/*/http://twitter.com/EPAScottPruitt/status/874611954207346688"
"Editorial in today's @WSJ highlights our efforts to prioritize #Superfund cleanup: https://t.co/Z6zqOUUXTw","http://web.archive.org/*/https://twitter.com/EPAScottPruitt/status/874611954207346688"
"Keeping Rep. Scalise, Capitol Police, and all those affected by this morning's shooting in my prayers.","http://web.archive.org/*/http://twitter.com/EPAScottPruitt/status/875001931688751105"
"Keeping Rep. Scalise, Capitol Police, and all those affected by this morning's shooting in my prayers.","http://web.archive.org/*/https://twitter.com/EPAScottPruitt/status/875001931688751105"
"The emblem of the land I love. #FlagDay https://t.co/Hg1rkc462D","http://web.archive.org/*/http://twitter.com/EPAScottPruitt/status/875087835640016896"
"The emblem of the land I love. #FlagDay https://t.co/Hg1rkc462D","http://web.archive.org/*/https://twitter.com/EPAScottPruitt/status/875087835640016896"
"Tonight all of America comes together, united. We continue to lift up the victims of this week's tragic shooting.… https://t.co/E4K4OjO6ne","http://web.archive.org/*/http://twitter.com/EPAScottPruitt/status/875508776119480321"
"Tonight all of America comes together, united. We continue to lift up the victims of this week's tragic shooting.… https://t.co/E4K4OjO6ne","http://web.archive.org/*/https://twitter.com/EPAScottPruitt/status/875508776119480321"
"I’m proud to support America’s dairy farmers. https://t.co/UaGoIdeyWS","http://web.archive.org/*/http://twitter.com/EPAScottPruitt/status/877155150124785664"
"I’m proud to support America’s dairy farmers. https://t.co/UaGoIdeyWS","http://web.archive.org/*/https://twitter.com/EPAScottPruitt/status/877155150124785664"
"Met w/ 30+ small &amp; medium manufacturers from 18 states as part of the National Association of Manufacturers fly-in.… https://t.co/BdwiMa0Sc3","http://web.archive.org/*/http://twitter.com/EPAScottPruitt/status/877283850593894401"
"Met w/ 30+ small &amp; medium manufacturers from 18 states as part of the National Association of Manufacturers fly-in.… https://t.co/BdwiMa0Sc3","http://web.archive.org/*/https://twitter.com/EPAScottPruitt/status/877283850593894401"
"My signature on new guidance for evaluating existing chemicals creates confidence and certainty for all Americans. https://t.co/Scz3ohmLOW","http://web.archive.org/*/http://twitter.com/EPAScottPruitt/status/877990546429681664"
"My signature on new guidance for evaluating existing chemicals creates confidence and certainty for all Americans. https://t.co/Scz3ohmLOW","http://web.archive.org/*/https://twitter.com/EPAScottPruitt/status/877990546429681664"
"RT @EPA: We had another winning week at EPA. Read our weekly roundup of news: https://t.co/tqSqHShXTT","http://web.archive.org/*/http://twitter.com/EPAScottPruitt/status/878339051408863232"
"RT @EPA: We had another winning week at EPA. Read our weekly roundup of news: https://t.co/tqSqHShXTT","http://web.archive.org/*/https://twitter.com/EPAScottPruitt/status/878339051408863232"
"RT @POTUS: Weekly Address - tune in! #MAGA https://t.co/oiTdAMNLw4","http://web.archive.org/*/http://twitter.com/EPAScottPruitt/status/878443806806474752"
"RT @POTUS: Weekly Address - tune in! #MAGA https://t.co/oiTdAMNLw4","http://web.archive.org/*/https://twitter.com/EPAScottPruitt/status/878443806806474752"
"RT @WhiteHouse: Join us as @POTUS delivers the Weekly Address. https://t.co/ASZPA4xlND","http://web.archive.org/*/http://twitter.com/EPAScottPruitt/status/878443845725421568"
"RT @WhiteHouse: Join us as @POTUS delivers the Weekly Address. https://t.co/ASZPA4xlND","http://web.archive.org/*/https://twitter.com/EPAScottPruitt/status/878443845725421568"
"It's #EnergyWeek - this administration has been focused on energy independence from the start. https://t.co/ygdcmL2OYq","http://web.archive.org/*/http://twitter.com/EPAScottPruitt/status/879443284472598528"
"It's #EnergyWeek - this administration has been focused on energy independence from the start. https://t.co/ygdcmL2OYq","http://web.archive.org/*/https://twitter.com/EPAScottPruitt/status/879443284472598528"
"Thanks @lisamurkowski for leading this morning's budget hearing where I discussed EPA's commitment to fulfilling it… https://t.co/tbbTWxjcXR","http://web.archive.org/*/http://twitter.com/EPAScottPruitt/status/879739429325287425"
"Thanks @lisamurkowski for leading this morning's budget hearing where I discussed EPA's commitment to fulfilling it… https://t.co/tbbTWxjcXR","http://web.archive.org/*/https://twitter.com/EPAScottPruitt/status/879739429325287425"
"RT @WhiteHouse: .@SecretaryPerry, @SecretaryZinke, and @EPAScottPruitt: “Paving the path to U.S. energy dominance” https://t.co/MRD9G8dh1f","http://web.archive.org/*/http://twitter.com/EPAScottPruitt/status/879744627196268544"
"RT @WhiteHouse: .@SecretaryPerry, @SecretaryZinke, and @EPAScottPruitt: “Paving the path to U.S. energy dominance” https://t.co/MRD9G8dh1f","http://web.archive.org/*/https://twitter.com/EPAScottPruitt/status/879744627196268544"
"Today's #WOTUS action is a significant step to return power to states &amp; provide regulatory certainty to our nation’… https://t.co/LMmFfh43rA","http://web.archive.org/*/http://twitter.com/EPAScottPruitt/status/879770792950730752"
"Today's #WOTUS action is a significant step to return power to states &amp; provide regulatory certainty to our nation’… https://t.co/LMmFfh43rA","http://web.archive.org/*/https://twitter.com/EPAScottPruitt/status/879770792950730752"
"Visiting w/ @FoxNews this morning about efforts to cleanup Superfund sites. These sites across the country have bee… https://t.co/kzGffaov6u","http://web.archive.org/*/http://twitter.com/EPAScottPruitt/status/880073064486141953"
"Visiting w/ @FoxNews this morning about efforts to cleanup Superfund sites. These sites across the country have bee… https://t.co/kzGffaov6u","http://web.archive.org/*/https://twitter.com/EPAScottPruitt/status/880073064486141953"
"RT @JeffFlake: Keeping our promise to cut red tape &amp; claw back federal overreach w/ #WOTUS repeal. Big win for #AZ landowners https://t.co/…","http://web.archive.org/*/http://twitter.com/EPAScottPruitt/status/880167077935493120"
"RT @JeffFlake: Keeping our promise to cut red tape &amp; claw back federal overreach w/ #WOTUS repeal. Big win for #AZ landowners https://t.co/…","http://web.archive.org/*/https://twitter.com/EPAScottPruitt/status/880167077935493120"
"RT @SpeakerRyan: BIG NEWS → The West has finally won in the battle over the Obama administration’s #WOTUS rule.… ","http://web.archive.org/*/http://twitter.com/EPAScottPruitt/status/880169671672115200"
"RT @SpeakerRyan: BIG NEWS → The West has finally won in the battle over the Obama administration’s #WOTUS rule.… ","http://web.archive.org/*/https://twitter.com/EPAScottPruitt/status/880169671672115200"
"RT @GovRicketts: Thank you to @POTUS and @EPAScottPruitt for delivering on your promise to roll back the job-killing #WOTUS regulation!","http://web.archive.org/*/http://twitter.com/EPAScottPruitt/status/880170209306390528"
"RT @GovRicketts: Thank you to @POTUS and @EPAScottPruitt for delivering on your promise to roll back the job-killing #WOTUS regulation!","http://web.archive.org/*/https://twitter.com/EPAScottPruitt/status/880170209306390528"
"Good conversation today with state and tribal leaders about energy production and environmental stewardship.… https://t.co/61VPMv5yVe","http://web.archive.org/*/http://twitter.com/EPAScottPruitt/status/880208683657039872"
"Good conversation today with state and tribal leaders about energy production and environmental stewardship.… https://t.co/61VPMv5yVe","http://web.archive.org/*/https://twitter.com/EPAScottPruitt/status/880208683657039872"
"A clean environment &amp; strong economy go hand-in-hand. Discussing #EnergyDominance w/ @SecretaryPerry… https://t.co/0mCzIQtG1Q","http://web.archive.org/*/http://twitter.com/EPAScottPruitt/status/880494188898504705"
"A clean environment &amp; strong economy go hand-in-hand. Discussing #EnergyDominance w/ @SecretaryPerry… https://t.co/0mCzIQtG1Q","http://web.archive.org/*/https://twitter.com/EPAScottPruitt/status/880494188898504705"
"RT @realDonaldTrump: Join me LIVE with @VP, @SecretaryPerry, @SecretaryZinke and @EPAScottPruitt. 
#UnleashingAmericanEnergy
https://t.co/h…","http://web.archive.org/*/http://twitter.com/EPAScottPruitt/status/880511537533898754"
"RT @realDonaldTrump: Join me LIVE with @VP, @SecretaryPerry, @SecretaryZinke and @EPAScottPruitt. 
#UnleashingAmericanEnergy
https://t.co/h…","http://web.archive.org/*/https://twitter.com/EPAScottPruitt/status/880511537533898754"
". @POTUS said it best: ""The golden era of American energy is now."" #EnergyWeek https://t.co/8K2Oe53sxJ","http://web.archive.org/*/http://twitter.com/EPAScottPruitt/status/880522194455072768"
". @POTUS said it best: ""The golden era of American energy is now."" #EnergyWeek https://t.co/8K2Oe53sxJ","http://web.archive.org/*/https://twitter.com/EPAScottPruitt/status/880522194455072768"
"Join me on @FoxNews at 9:30 EST. I'll be talking #EnergyWeek and environment with @ShannonBream.","http://web.archive.org/*/http://twitter.com/EPAScottPruitt/status/880763433737756679"
"Join me on @FoxNews at 9:30 EST. I'll be talking #EnergyWeek and environment with @ShannonBream.","http://web.archive.org/*/https://twitter.com/EPAScottPruitt/status/880763433737756679"
"By removing government barriers, @POTUS and I are not just seeking energy independence -- but #EnergyDominance. 
https://t.co/OBML3PYumY","http://web.archive.org/*/http://twitter.com/EPAScottPruitt/status/880814744432672769"
"By removing government barriers, @POTUS and I are not just seeking energy independence -- but #EnergyDominance. 
https://t.co/OBML3PYumY","http://web.archive.org/*/https://twitter.com/EPAScottPruitt/status/880814744432672769"
"RT @EPAregion2: Today is the last day of American Rivers Month! Learn more about Healthy Watersheds Projects in your state:… ","http://web.archive.org/*/http://twitter.com/EPAScottPruitt/status/880889670728650752"
"RT @EPAregion2: Today is the last day of American Rivers Month! Learn more about Healthy Watersheds Projects in your state:… ","http://web.archive.org/*/https://twitter.com/EPAScottPruitt/status/880889670728650752"
"Pleased to meet w/U.S. manufacturers. They care about the enviro while creating jobs. WATCH: https://t.co/h58LOaV4mt #AmericanManufacturing","http://web.archive.org/*/http://twitter.com/EPAScottPruitt/status/881860086985097216"
"Pleased to meet w/U.S. manufacturers. They care about the enviro while creating jobs. WATCH: https://t.co/h58LOaV4mt #AmericanManufacturing","http://web.archive.org/*/https://twitter.com/EPAScottPruitt/status/881860086985097216"
"As we celebrate #IndependenceDay with family &amp; friends, please join me in remembering those who have sacrificed so… https://t.co/a15rFbrJbN","http://web.archive.org/*/http://twitter.com/EPAScottPruitt/status/881953171710652421"
"As we celebrate #IndependenceDay with family &amp; friends, please join me in remembering those who have sacrificed so… https://t.co/a15rFbrJbN","http://web.archive.org/*/https://twitter.com/EPAScottPruitt/status/881953171710652421"
