"I'd like to call out @TGowdySC. He's hiding two deep, dark secrets:
#1 He's much older than I am.
#2 He needed CBO'‚Ä¶ https://t.co/XKwiwfYFhx","http://web.archive.org/*/http://twitter.com/MickMulvaneyOMB/status/888046233138417664"
"I'd like to call out @TGowdySC. He's hiding two deep, dark secrets:
#1 He's much older than I am.
#2 He needed CBO'‚Ä¶ https://t.co/XKwiwfYFhx","http://web.archive.org/*/https://twitter.com/MickMulvaneyOMB/status/888046233138417664"
"""Most people instinctively run from danger, but these officers did not hesitate to put their own lives on the line.‚Ä¶ https://t.co/3bG2mj7WMQ","http://web.archive.org/*/http://twitter.com/MickMulvaneyOMB/status/890702859821604864"
"""Most people instinctively run from danger, but these officers did not hesitate to put their own lives on the line.‚Ä¶ https://t.co/3bG2mj7WMQ","http://web.archive.org/*/https://twitter.com/MickMulvaneyOMB/status/890702859821604864"
"Tune in! https://t.co/ye35mXcKPp","http://web.archive.org/*/http://twitter.com/MickMulvaneyOMB/status/890971186108268544"
"Tune in! https://t.co/ye35mXcKPp","http://web.archive.org/*/https://twitter.com/MickMulvaneyOMB/status/890971186108268544"
"Getting ready to join @jaketapper on @CNNSotu. Tune in at 9am and find out what #MAGAnomics is all about. https://t.co/MNdPCVbw0m","http://web.archive.org/*/http://twitter.com/MickMulvaneyOMB/status/891643611833618432"
"Getting ready to join @jaketapper on @CNNSotu. Tune in at 9am and find out what #MAGAnomics is all about. https://t.co/MNdPCVbw0m","http://web.archive.org/*/https://twitter.com/MickMulvaneyOMB/status/891643611833618432"
"RT @OMBPress: As @MickMulvaneyOMB said this AM on @foxandfriends, we are pushing #MAGAnomics to get out of the rut and grow the American ec‚Ä¶","http://web.archive.org/*/http://twitter.com/MickMulvaneyOMB/status/892776789591941120"
"RT @OMBPress: As @MickMulvaneyOMB said this AM on @foxandfriends, we are pushing #MAGAnomics to get out of the rut and grow the American ec‚Ä¶","http://web.archive.org/*/https://twitter.com/MickMulvaneyOMB/status/892776789591941120"
"If being the ‚Äúmost dangerous‚Äù means helping @POTUS fight for the forgotten people of America, then I plead guilty.

https://t.co/UX3GnYalQi","http://web.archive.org/*/http://twitter.com/MickMulvaneyOMB/status/893510387286626305"
"If being the ‚Äúmost dangerous‚Äù means helping @POTUS fight for the forgotten people of America, then I plead guilty.

https://t.co/UX3GnYalQi","http://web.archive.org/*/https://twitter.com/MickMulvaneyOMB/status/893510387286626305"
"Welcome our new Intellectual Property Enforcement Coordinator, Vishal Amin. Vishal is a vital part of the OMB missi‚Ä¶ https://t.co/frAIseqe7r","http://web.archive.org/*/http://twitter.com/MickMulvaneyOMB/status/897222401532063745"
"Welcome our new Intellectual Property Enforcement Coordinator, Vishal Amin. Vishal is a vital part of the OMB missi‚Ä¶ https://t.co/frAIseqe7r","http://web.archive.org/*/https://twitter.com/MickMulvaneyOMB/status/897222401532063745"
"What do you get for someone on his 60th birthday? A razor and a comb.
Happy birthday, @TGowdySC. https://t.co/ZNWaPHZl7c","http://web.archive.org/*/http://twitter.com/MickMulvaneyOMB/status/900046853982617601"
"What do you get for someone on his 60th birthday? A razor and a comb.
Happy birthday, @TGowdySC. https://t.co/ZNWaPHZl7c","http://web.archive.org/*/https://twitter.com/MickMulvaneyOMB/status/900046853982617601"
"If I could defund your haircuts, I would. https://t.co/3SnJM5aq6b","http://web.archive.org/*/http://twitter.com/MickMulvaneyOMB/status/900112145542774790"
"If I could defund your haircuts, I would. https://t.co/3SnJM5aq6b","http://web.archive.org/*/https://twitter.com/MickMulvaneyOMB/status/900112145542774790"
"RT @realDonaldTrump: A message to my fellow Americansüá∫üá∏#IrmaHurricane2017
üé•https://t.co/jyg6AlyAAb
üé•https://t.co/iPujtHzejr https://t.co/HC‚Ä¶","http://web.archive.org/*/http://twitter.com/MickMulvaneyOMB/status/906256474200051713"
"RT @realDonaldTrump: A message to my fellow Americansüá∫üá∏#IrmaHurricane2017
üé•https://t.co/jyg6AlyAAb
üé•https://t.co/iPujtHzejr https://t.co/HC‚Ä¶","http://web.archive.org/*/https://twitter.com/MickMulvaneyOMB/status/906256474200051713"
"RT @VP: .@POTUS &amp; I continue to monitor #HurricaneIrma updates. Visit https://t.co/2H22XpTtPj  for info &amp; listen to advice of local/state o‚Ä¶","http://web.archive.org/*/http://twitter.com/MickMulvaneyOMB/status/906257933180305408"
"RT @VP: .@POTUS &amp; I continue to monitor #HurricaneIrma updates. Visit https://t.co/2H22XpTtPj  for info &amp; listen to advice of local/state o‚Ä¶","http://web.archive.org/*/https://twitter.com/MickMulvaneyOMB/status/906257933180305408"
"Our thoughts and prayers are with those in the path of #HurricaneIrma. Be safe, and know America is with you! https://t.co/MpOsVpJruR","http://web.archive.org/*/http://twitter.com/MickMulvaneyOMB/status/906521136531492870"
"Our thoughts and prayers are with those in the path of #HurricaneIrma. Be safe, and know America is with you! https://t.co/MpOsVpJruR","http://web.archive.org/*/https://twitter.com/MickMulvaneyOMB/status/906521136531492870"
"State-by-State impact for #GCHJ: https://t.co/qR2wwWMyCK","http://web.archive.org/*/http://twitter.com/MickMulvaneyOMB/status/912315328176250880"
"State-by-State impact for #GCHJ: https://t.co/qR2wwWMyCK","http://web.archive.org/*/https://twitter.com/MickMulvaneyOMB/status/912315328176250880"
"Turn on @FoxNews with @TuckerCarlson. Lots to talk about with today's @POTUS #taxreform plan! https://t.co/XO8aeQ0JZA","http://web.archive.org/*/http://twitter.com/MickMulvaneyOMB/status/913192155950321664"
"Turn on @FoxNews with @TuckerCarlson. Lots to talk about with today's @POTUS #taxreform plan! https://t.co/XO8aeQ0JZA","http://web.archive.org/*/https://twitter.com/MickMulvaneyOMB/status/913192155950321664"
"RT @CNN: OMB Director Mick Mulvaney on the US response in Puerto Rico: ‚ÄúFolks think this is going to be easy ‚Ä¶ it‚Äôs not‚Äù https://t.co/9DvUm‚Ä¶","http://web.archive.org/*/http://twitter.com/MickMulvaneyOMB/status/914537106541867008"
"RT @CNN: OMB Director Mick Mulvaney on the US response in Puerto Rico: ‚ÄúFolks think this is going to be easy ‚Ä¶ it‚Äôs not‚Äù https://t.co/9DvUm‚Ä¶","http://web.archive.org/*/https://twitter.com/MickMulvaneyOMB/status/914537106541867008"
"RT @CNN: Mulvaney on the tax reform plan: ‚ÄúNo one can make real, detailed analysis of the plan yet because it's not finished‚Äù https://t.co/‚Ä¶","http://web.archive.org/*/http://twitter.com/MickMulvaneyOMB/status/914537122677297153"
"RT @CNN: Mulvaney on the tax reform plan: ‚ÄúNo one can make real, detailed analysis of the plan yet because it's not finished‚Äù https://t.co/‚Ä¶","http://web.archive.org/*/https://twitter.com/MickMulvaneyOMB/status/914537122677297153"
"RT @JacobWood45: Today on @FoxNewsSunday, @MickMulvaneyOMB on travel memo: ""Are we doing the best that we can to be stewards of the‚Ä¶ ","http://web.archive.org/*/http://twitter.com/MickMulvaneyOMB/status/914537336242831360"
"RT @JacobWood45: Today on @FoxNewsSunday, @MickMulvaneyOMB on travel memo: ""Are we doing the best that we can to be stewards of the‚Ä¶ ","http://web.archive.org/*/https://twitter.com/MickMulvaneyOMB/status/914537336242831360"
"Honored to visit #PuertoRico yesterday w/ @POTUS and @Cabinet. Got to see first hand the ongoing recovery &amp; restora‚Ä¶ https://t.co/3Pcde9GmX1","http://web.archive.org/*/http://twitter.com/MickMulvaneyOMB/status/915616889342234626"
"Honored to visit #PuertoRico yesterday w/ @POTUS and @Cabinet. Got to see first hand the ongoing recovery &amp; restora‚Ä¶ https://t.co/3Pcde9GmX1","http://web.archive.org/*/https://twitter.com/MickMulvaneyOMB/status/915616889342234626"
"The House budget is the right kind of fiscal restraint and pro-growth policy America needs. 

#TaxCuts #MAGAnomics https://t.co/CwKFQ9tlOB","http://web.archive.org/*/http://twitter.com/MickMulvaneyOMB/status/915971075502215169"
"The House budget is the right kind of fiscal restraint and pro-growth policy America needs. 

#TaxCuts #MAGAnomics https://t.co/CwKFQ9tlOB","http://web.archive.org/*/https://twitter.com/MickMulvaneyOMB/status/915971075502215169"
"RT @realDonaldTrump: Our great team at @FEMA is prepared for #HurricaneNate. Everyone in LA, MS, AL, and FL please listen to your local aut‚Ä¶","http://web.archive.org/*/http://twitter.com/MickMulvaneyOMB/status/916729559634063362"
"RT @realDonaldTrump: Our great team at @FEMA is prepared for #HurricaneNate. Everyone in LA, MS, AL, and FL please listen to your local aut‚Ä¶","http://web.archive.org/*/https://twitter.com/MickMulvaneyOMB/status/916729559634063362"
"As I said today on @MariaBartiromo, @POTUS is bringing us back to the model of fiscal restraint w/ #taxreform. Need‚Ä¶ https://t.co/ZIM8yUPXRN","http://web.archive.org/*/http://twitter.com/MickMulvaneyOMB/status/917048643852623873"
"As I said today on @MariaBartiromo, @POTUS is bringing us back to the model of fiscal restraint w/ #taxreform. Need‚Ä¶ https://t.co/ZIM8yUPXRN","http://web.archive.org/*/https://twitter.com/MickMulvaneyOMB/status/917048643852623873"
"The only way to manage our deficit is w/ fiscal restraint + growth. And w/ @POTUS #TaxReform, we'll get back to a h‚Ä¶ https://t.co/NN3hC42DbB","http://web.archive.org/*/http://twitter.com/MickMulvaneyOMB/status/917057214455697409"
"The only way to manage our deficit is w/ fiscal restraint + growth. And w/ @POTUS #TaxReform, we'll get back to a h‚Ä¶ https://t.co/NN3hC42DbB","http://web.archive.org/*/https://twitter.com/MickMulvaneyOMB/status/917057214455697409"
"RT @MeetThePress: ""I've Never Seen the Chaos"" - Budget Director @MickMulvaneyOMB responds to Sen. Bob Corker on Meet the Press https://t.co‚Ä¶","http://web.archive.org/*/http://twitter.com/MickMulvaneyOMB/status/917399440364916737"
"RT @MeetThePress: ""I've Never Seen the Chaos"" - Budget Director @MickMulvaneyOMB responds to Sen. Bob Corker on Meet the Press https://t.co‚Ä¶","http://web.archive.org/*/https://twitter.com/MickMulvaneyOMB/status/917399440364916737"
"Thanks for having me on your show, Keven. https://t.co/6mQoeCEDB0","http://web.archive.org/*/http://twitter.com/MickMulvaneyOMB/status/918230837983875072"
"Thanks for having me on your show, Keven. https://t.co/6mQoeCEDB0","http://web.archive.org/*/https://twitter.com/MickMulvaneyOMB/status/918230837983875072"
"Time for hard working Americans to stop getting by, &amp; start getting ahead! @POTUS is leading the way w/ #TaxReform. Necessary for more jobs!","http://web.archive.org/*/http://twitter.com/MickMulvaneyOMB/status/918232757414875137"
"Time for hard working Americans to stop getting by, &amp; start getting ahead! @POTUS is leading the way w/ #TaxReform. Necessary for more jobs!","http://web.archive.org/*/https://twitter.com/MickMulvaneyOMB/status/918232757414875137"
"Time for hard working Americans to stop getting by, &amp; start getting ahead! @POTUS is leading the way w/ #TaxReform. Necessary for more jobs!","http://web.archive.org/*/http://twitter.com/MickMulvaneyOMB/status/918232757414875137"
"Time for hard working Americans to stop getting by, &amp; start getting ahead! @POTUS is leading the way w/ #TaxReform. Necessary for more jobs!","http://web.archive.org/*/https://twitter.com/MickMulvaneyOMB/status/918232757414875137"
"We need #TaxReform to help grow our economy.
Tax reform + fiscal restraint = more jobs, bigger paychecks and fewer‚Ä¶ https://t.co/n4N1ET8BRs","http://web.archive.org/*/http://twitter.com/MickMulvaneyOMB/status/918233536196481025"
"We need #TaxReform to help grow our economy.
Tax reform + fiscal restraint = more jobs, bigger paychecks and fewer‚Ä¶ https://t.co/n4N1ET8BRs","http://web.archive.org/*/https://twitter.com/MickMulvaneyOMB/status/918233536196481025"
"RT @VP: @POTUS We remember our fallen heroes &amp; those they left behind. We have a duty to honor their memory by defeating th‚Ä¶ ","http://web.archive.org/*/http://twitter.com/MickMulvaneyOMB/status/922603691382886400"
"RT @VP: @POTUS We remember our fallen heroes &amp; those they left behind. We have a duty to honor their memory by defeating th‚Ä¶ ","http://web.archive.org/*/https://twitter.com/MickMulvaneyOMB/status/922603691382886400"
"We negotiate in good faith here at OMB. Wear that beautiful @Astros tie, @cz. 

Better luck next time @Yankees fans‚Ä¶ https://t.co/rNRnvl1n00","http://web.archive.org/*/http://twitter.com/MickMulvaneyOMB/status/922828485374238720"
"We negotiate in good faith here at OMB. Wear that beautiful @Astros tie, @cz. 

Better luck next time @Yankees fans‚Ä¶ https://t.co/rNRnvl1n00","http://web.archive.org/*/https://twitter.com/MickMulvaneyOMB/status/922828485374238720"
"RT @FoxNews: .@MickMulvaneyOMB on the death tax: ""Death should not be a taxable transaction.""  #SpecialReport https://t.co/hTubjqsLzj","http://web.archive.org/*/http://twitter.com/MickMulvaneyOMB/status/922976568728805391"
"RT @FoxNews: .@MickMulvaneyOMB on the death tax: ""Death should not be a taxable transaction.""  #SpecialReport https://t.co/hTubjqsLzj","http://web.archive.org/*/https://twitter.com/MickMulvaneyOMB/status/922976568728805391"
"RT @OMBPress: Director @MickMulvaneyOMB's statement on the U.S. House of Representatives passing the 2018 Budget Resolution: https://t.co/q‚Ä¶","http://web.archive.org/*/http://twitter.com/MickMulvaneyOMB/status/923573123680784384"
"RT @OMBPress: Director @MickMulvaneyOMB's statement on the U.S. House of Representatives passing the 2018 Budget Resolution: https://t.co/q‚Ä¶","http://web.archive.org/*/https://twitter.com/MickMulvaneyOMB/status/923573123680784384"
"RT @OMBPress: Director @MickMulvaneyOMB's statement on the Joint Budget Resolution: https://t.co/aFMkvegZvs","http://web.archive.org/*/http://twitter.com/MickMulvaneyOMB/status/923573932359331840"
"RT @OMBPress: Director @MickMulvaneyOMB's statement on the Joint Budget Resolution: https://t.co/aFMkvegZvs","http://web.archive.org/*/https://twitter.com/MickMulvaneyOMB/status/923573932359331840"
"We've had two consecutive quarters of 3% GDP growth or higher. Imagine what we can do with #TaxReform! https://t.co/oG3Z1v947D","http://web.archive.org/*/http://twitter.com/MickMulvaneyOMB/status/926116193055989761"
"We've had two consecutive quarters of 3% GDP growth or higher. Imagine what we can do with #TaxReform! https://t.co/oG3Z1v947D","http://web.archive.org/*/https://twitter.com/MickMulvaneyOMB/status/926116193055989761"
"RT @CNNSotu: OMB Director Mick Mulvaney says if removing the individual mandate ""becomes an impediment"" to getting the best tax‚Ä¶ ","http://web.archive.org/*/http://twitter.com/MickMulvaneyOMB/status/932291091503689729"
"RT @CNNSotu: OMB Director Mick Mulvaney says if removing the individual mandate ""becomes an impediment"" to getting the best tax‚Ä¶ ","http://web.archive.org/*/https://twitter.com/MickMulvaneyOMB/status/932291091503689729"
"Thanks, @RepRodBlum. The only way to manage our deficit is w/ fiscal restraint + economic growth. And tax reform he‚Ä¶ https://t.co/CL9qQVL9CB","http://web.archive.org/*/http://twitter.com/MickMulvaneyOMB/status/933055817535885313"
"Thanks, @RepRodBlum. The only way to manage our deficit is w/ fiscal restraint + economic growth. And tax reform he‚Ä¶ https://t.co/CL9qQVL9CB","http://web.archive.org/*/https://twitter.com/MickMulvaneyOMB/status/933055817535885313"
"RT @OMBPress: Statement on President Trump‚Äôs announcement to name Mulvaney the Acting Director of the CFPB: https://t.co/cFikwUcuTg","http://web.archive.org/*/http://twitter.com/MickMulvaneyOMB/status/934235876913242113"
"RT @OMBPress: Statement on President Trump‚Äôs announcement to name Mulvaney the Acting Director of the CFPB: https://t.co/cFikwUcuTg","http://web.archive.org/*/http://twitter.com/MickMulvaneyOMB/status/934235876913242113"
"RT @OMBPress: Statement on President Trump‚Äôs announcement to name Mulvaney the Acting Director of the CFPB: https://t.co/cFikwUcuTg","http://web.archive.org/*/https://twitter.com/MickMulvaneyOMB/status/934235876913242113"
"RT @OMBPress: Statement on President Trump‚Äôs announcement to name Mulvaney the Acting Director of the CFPB: https://t.co/cFikwUcuTg","http://web.archive.org/*/https://twitter.com/MickMulvaneyOMB/status/934235876913242113"
"RT @PressSec: The Vacancies Act gives @POTUS the authority to designate @MickMulvaneyOMB Acting Director of @CFPB, superseding De‚Ä¶ ","http://web.archive.org/*/http://twitter.com/MickMulvaneyOMB/status/934590789518286848"
"RT @PressSec: The Vacancies Act gives @POTUS the authority to designate @MickMulvaneyOMB Acting Director of @CFPB, superseding De‚Ä¶ ","http://web.archive.org/*/https://twitter.com/MickMulvaneyOMB/status/934590789518286848"
"Today @POTUS delivered on his promise to eliminate two existing regulations for each new one created. I'm happy to‚Ä¶ https://t.co/9nLXngT3x5","http://web.archive.org/*/http://twitter.com/MickMulvaneyOMB/status/941400558220578816"
"Today @POTUS delivered on his promise to eliminate two existing regulations for each new one created. I'm happy to‚Ä¶ https://t.co/9nLXngT3x5","http://web.archive.org/*/https://twitter.com/MickMulvaneyOMB/status/941400558220578816"
"During his 8 years in office, President Obama added more than $80 billion of regulatory burden on the American econ‚Ä¶ https://t.co/xDkwy7QItA","http://web.archive.org/*/http://twitter.com/MickMulvaneyOMB/status/941756144384651264"
"During his 8 years in office, President Obama added more than $80 billion of regulatory burden on the American econ‚Ä¶ https://t.co/xDkwy7QItA","http://web.archive.org/*/https://twitter.com/MickMulvaneyOMB/status/941756144384651264"
"RT @OMBPress: Statement from OMB Director @MickMulvaneyOMB on passage of H.R. 1 ‚Äì Tax Cuts and Jobs Act. https://t.co/MI2fTgVuMK","http://web.archive.org/*/http://twitter.com/MickMulvaneyOMB/status/943545273489510400"
"RT @OMBPress: Statement from OMB Director @MickMulvaneyOMB on passage of H.R. 1 ‚Äì Tax Cuts and Jobs Act. https://t.co/MI2fTgVuMK","http://web.archive.org/*/https://twitter.com/MickMulvaneyOMB/status/943545273489510400"
"Congratulations @Rep_SteveWomack on being named Chairman of the House Budget Committee. I look forward to working with you.","http://web.archive.org/*/http://twitter.com/MickMulvaneyOMB/status/951506732043456512"
"Congratulations @Rep_SteveWomack on being named Chairman of the House Budget Committee. I look forward to working with you.","http://web.archive.org/*/https://twitter.com/MickMulvaneyOMB/status/951506732043456512"
"Welcome back. https://t.co/WSq4Y3XC1C","http://web.archive.org/*/http://twitter.com/MickMulvaneyOMB/status/955634336887332864"
"Welcome back. https://t.co/WSq4Y3XC1C","http://web.archive.org/*/https://twitter.com/MickMulvaneyOMB/status/955634336887332864"
"We are stunned and heartbroken to hear of the passing of Ed Lorenzen (@CaptainPAYGO). His accomplishments are too n‚Ä¶ https://t.co/XsZ7A4Rzh8","http://web.archive.org/*/http://twitter.com/MickMulvaneyOMB/status/958090523364986887"
"We are stunned and heartbroken to hear of the passing of Ed Lorenzen (@CaptainPAYGO). His accomplishments are too n‚Ä¶ https://t.co/XsZ7A4Rzh8","http://web.archive.org/*/https://twitter.com/MickMulvaneyOMB/status/958090523364986887"
"Great to be at #CPAC2018 with @deneenborelli. I enjoyed sharing the administration‚Äôs efforts to get us to sustained‚Ä¶ https://t.co/cdqqk4xEAR","http://web.archive.org/*/http://twitter.com/MickMulvaneyOMB/status/967482883270152197"
"Great to be at #CPAC2018 with @deneenborelli. I enjoyed sharing the administration‚Äôs efforts to get us to sustained‚Ä¶ https://t.co/cdqqk4xEAR","http://web.archive.org/*/https://twitter.com/MickMulvaneyOMB/status/967482883270152197"
"Congratulations to @Weichert45 on being confirmed as OMB‚Äôs Deputy Director for Management. Margaret brings private‚Ä¶ https://t.co/qpJeLOVg09","http://web.archive.org/*/http://twitter.com/MickMulvaneyOMB/status/968951355732905987"
"Congratulations to @Weichert45 on being confirmed as OMB‚Äôs Deputy Director for Management. Margaret brings private‚Ä¶ https://t.co/qpJeLOVg09","http://web.archive.org/*/https://twitter.com/MickMulvaneyOMB/status/968951355732905987"
"RT @OMBPress: Statement on the Confirmation of Russ Vought, Deputy Director of OMB https://t.co/9EXNYHxFXi","http://web.archive.org/*/http://twitter.com/MickMulvaneyOMB/status/968975766758281216"
"RT @OMBPress: Statement on the Confirmation of Russ Vought, Deputy Director of OMB https://t.co/9EXNYHxFXi","http://web.archive.org/*/https://twitter.com/MickMulvaneyOMB/status/968975766758281216"
"RT @OMBPress: .@MickMulvaneyOMB's statement on the departure of Gary Cohn. https://t.co/PgpOH6rcdE","http://web.archive.org/*/http://twitter.com/MickMulvaneyOMB/status/971172037891887104"
"RT @OMBPress: .@MickMulvaneyOMB's statement on the departure of Gary Cohn. https://t.co/PgpOH6rcdE","http://web.archive.org/*/https://twitter.com/MickMulvaneyOMB/status/971172037891887104"
"Mike is a tremendous choice. He has earned the respect of his colleagues in Congress, at the CIA, and within the Ad‚Ä¶ https://t.co/0ZDp8KKffK","http://web.archive.org/*/http://twitter.com/MickMulvaneyOMB/status/973597326735499265"
"Mike is a tremendous choice. He has earned the respect of his colleagues in Congress, at the CIA, and within the Ad‚Ä¶ https://t.co/0ZDp8KKffK","http://web.archive.org/*/https://twitter.com/MickMulvaneyOMB/status/973597326735499265"
"Congratulations on being confirmed, @RussVought45. I look forward to working alongside another public servant dedic‚Ä¶ https://t.co/js5SEFZbUu","http://web.archive.org/*/http://twitter.com/MickMulvaneyOMB/status/974051161862037505"
"Congratulations on being confirmed, @RussVought45. I look forward to working alongside another public servant dedic‚Ä¶ https://t.co/js5SEFZbUu","http://web.archive.org/*/https://twitter.com/MickMulvaneyOMB/status/974051161862037505"
"RT @OMBPress: Director Mulvaney's statement on Larry Kudlow joining President Trump's administration as Director of the National Economic C‚Ä¶","http://web.archive.org/*/http://twitter.com/MickMulvaneyOMB/status/974331628364423171"
"RT @OMBPress: Director Mulvaney's statement on Larry Kudlow joining President Trump's administration as Director of the National Economic C‚Ä¶","http://web.archive.org/*/https://twitter.com/MickMulvaneyOMB/status/974331628364423171"
"#MAGAnomics is a simple formula, you just have to believe in capitalism, hard work and our people. You must believe‚Ä¶ https://t.co/b9cOYJEN36","http://web.archive.org/*/http://twitter.com/MickMulvaneyOMB/status/981954374133075968"
"#MAGAnomics is a simple formula, you just have to believe in capitalism, hard work and our people. You must believe‚Ä¶ https://t.co/b9cOYJEN36","http://web.archive.org/*/https://twitter.com/MickMulvaneyOMB/status/981954374133075968"
