"I'm honored to join @MittRomney on America's Comeback Team. http://t.co/8gid73By #RomneyRyan2012","http://web.archive.org/*/http://twitter.com/PRyan/status/234265045540958209"
"I'm honored to join @MittRomney on America's Comeback Team. http://t.co/8gid73By #RomneyRyan2012","http://web.archive.org/*/https://twitter.com/PRyan/status/234265045540958209"
"Join America’s Comeback Team tomorrow in Waukesha, WI. Doors open at 4pm, RSVP and get tickets here http://t.co/6RpAbVuc","http://web.archive.org/*/http://twitter.com/PRyan/status/234382806703288321"
"Join America’s Comeback Team tomorrow in Waukesha, WI. Doors open at 4pm, RSVP and get tickets here http://t.co/6RpAbVuc","http://web.archive.org/*/https://twitter.com/PRyan/status/234382806703288321"
"Join America’s Comeback Team today at the Waukesha Expo Center. Doors open at 4pm, RSVP and get tickets here: http://t.co/6RpAbVuc","http://web.archive.org/*/http://twitter.com/PRyan/status/234651162358464512"
"Join America’s Comeback Team today at the Waukesha Expo Center. Doors open at 4pm, RSVP and get tickets here: http://t.co/6RpAbVuc","http://web.archive.org/*/https://twitter.com/PRyan/status/234651162358464512"
"RT @MittRomney: If your priority is creating more jobs and putting more people to work, that's what we know how to do. #RomneyRyan2012","http://web.archive.org/*/http://twitter.com/PRyan/status/234789159263420417"
"RT @MittRomney: If your priority is creating more jobs and putting more people to work, that's what we know how to do. #RomneyRyan2012","http://web.archive.org/*/https://twitter.com/PRyan/status/234789159263420417"
".@BarackObama cut $716b from Medicare to fund Obamacare. We offer a plan to save, protect &amp; strengthen Medicare http://t.co/3vbRPT02","http://web.archive.org/*/http://twitter.com/PRyan/status/235551000243605505"
".@BarackObama cut $716b from Medicare to fund Obamacare. We offer a plan to save, protect &amp; strengthen Medicare http://t.co/3vbRPT02","http://web.archive.org/*/https://twitter.com/PRyan/status/235551000243605505"
"You could win the opportunity to go behind the scenes &amp; celebrate with us in Tampa. Don't miss out http://t.co/45fpuKAN","http://web.archive.org/*/http://twitter.com/PRyan/status/236572189695037441"
"You could win the opportunity to go behind the scenes &amp; celebrate with us in Tampa. Don't miss out http://t.co/45fpuKAN","http://web.archive.org/*/https://twitter.com/PRyan/status/236572189695037441"
".@MittRomney's agenda will create 12 million jobs in the first 4 years. That’s 345k jobs here in VA http://t.co/h0sHdc7a #tcot","http://web.archive.org/*/http://twitter.com/PRyan/status/236624575046230016"
".@MittRomney's agenda will create 12 million jobs in the first 4 years. That’s 345k jobs here in VA http://t.co/h0sHdc7a #tcot","http://web.archive.org/*/https://twitter.com/PRyan/status/236624575046230016"
"We're going to be offering solutions. We're going to be offering ideas to get this economy growing. http://t.co/mVDlqPhb","http://web.archive.org/*/http://twitter.com/PRyan/status/236843688519675905"
"We're going to be offering solutions. We're going to be offering ideas to get this economy growing. http://t.co/mVDlqPhb","http://web.archive.org/*/https://twitter.com/PRyan/status/236843688519675905"
"With leadership &amp; a plan, there's no reason why we can't grow the economy at 4% instead of the stalemate we have right now. #tcot","http://web.archive.org/*/http://twitter.com/PRyan/status/236874782908497920"
"With leadership &amp; a plan, there's no reason why we can't grow the economy at 4% instead of the stalemate we have right now. #tcot","http://web.archive.org/*/https://twitter.com/PRyan/status/236874782908497920"
