"While in MN for the 100th annual @AmericanLegion convention, I just had the distinct pleasure of touring… https://t.co/3uUlFrusle","http://web.archive.org/*/http://twitter.com/SecWilkie/status/1034533822757527553"
"While in MN for the 100th annual @AmericanLegion convention, I just had the distinct pleasure of touring… https://t.co/3uUlFrusle","http://web.archive.org/*/https://twitter.com/SecWilkie/status/1034533822757527553"
"The folks here @AmericanLegion represent the very best of America, the work they do has a value that you can’t put… https://t.co/pGAofHzKbR","http://web.archive.org/*/http://twitter.com/SecWilkie/status/1034790644299046912"
"The folks here @AmericanLegion represent the very best of America, the work they do has a value that you can’t put… https://t.co/pGAofHzKbR","http://web.archive.org/*/https://twitter.com/SecWilkie/status/1034790644299046912"
"What a great honor to speak at @AmericanLegion 100th national convention today and also visit with @VAMinneapolis l… https://t.co/L6e4bhWqne","http://web.archive.org/*/http://twitter.com/SecWilkie/status/1034866898012459010"
"What a great honor to speak at @AmericanLegion 100th national convention today and also visit with @VAMinneapolis l… https://t.co/L6e4bhWqne","http://web.archive.org/*/https://twitter.com/SecWilkie/status/1034866898012459010"
"RT @DeptVetAffairs: VA's @SecWilkie talks to Bob Hughes about the American Legion, and Roy Winston https://t.co/fDzlaUl82D via @KNSI","http://web.archive.org/*/http://twitter.com/SecWilkie/status/1034905844490661889"
"RT @DeptVetAffairs: VA's @SecWilkie talks to Bob Hughes about the American Legion, and Roy Winston https://t.co/fDzlaUl82D via @KNSI","http://web.archive.org/*/https://twitter.com/SecWilkie/status/1034905844490661889"
"It is important to recognize the critical work @PVA1946 does for our #Veterans with spinal cord injury &amp; disease. J… https://t.co/nLhsPgNjFv","http://web.archive.org/*/http://twitter.com/SecWilkie/status/1035150113574985730"
"It is important to recognize the critical work @PVA1946 does for our #Veterans with spinal cord injury &amp; disease. J… https://t.co/nLhsPgNjFv","http://web.archive.org/*/https://twitter.com/SecWilkie/status/1035150113574985730"
"I’m so impressed with the work and initiatives @VANorthTexas for our #Veterans. From the new ER to suicide preventi… https://t.co/zZqnNa6UPR","http://web.archive.org/*/http://twitter.com/SecWilkie/status/1035224088900509696"
"I’m so impressed with the work and initiatives @VANorthTexas for our #Veterans. From the new ER to suicide preventi… https://t.co/zZqnNa6UPR","http://web.archive.org/*/https://twitter.com/SecWilkie/status/1035224088900509696"
"It is my goal that when a Veteran walks through the doors at @DeptVetAffairs, we speak their language. Customer ser… https://t.co/cUfn9ANvs9","http://web.archive.org/*/http://twitter.com/SecWilkie/status/1035518949008596993"
"It is my goal that when a Veteran walks through the doors at @DeptVetAffairs, we speak their language. Customer ser… https://t.co/cUfn9ANvs9","http://web.archive.org/*/https://twitter.com/SecWilkie/status/1035518949008596993"
"Humbled by the opportunity to participate in today’s #GoldStarFamilies memorial monument unveiling and Medal of Hon… https://t.co/MHisKn4UpH","http://web.archive.org/*/http://twitter.com/SecWilkie/status/1035554561979760642"
"Humbled by the opportunity to participate in today’s #GoldStarFamilies memorial monument unveiling and Medal of Hon… https://t.co/MHisKn4UpH","http://web.archive.org/*/https://twitter.com/SecWilkie/status/1035554561979760642"
"Had a great conversation on @wtam1100 Cleveland’s Morning News while visiting @ClevelandVAMC for #MOH ribbon cuttin… https://t.co/A7LVeC84Tl","http://web.archive.org/*/http://twitter.com/SecWilkie/status/1035564081594486784"
"Had a great conversation on @wtam1100 Cleveland’s Morning News while visiting @ClevelandVAMC for #MOH ribbon cuttin… https://t.co/A7LVeC84Tl","http://web.archive.org/*/https://twitter.com/SecWilkie/status/1035564081594486784"
"RT @VeteransHealth: VA secretary pledges improved customer service, stability and quality care while speaking to Veterans in three states h…","http://web.archive.org/*/http://twitter.com/SecWilkie/status/1037498003265871872"
"RT @VeteransHealth: VA secretary pledges improved customer service, stability and quality care while speaking to Veterans in three states h…","http://web.archive.org/*/https://twitter.com/SecWilkie/status/1037498003265871872"
"I was honored to be the keynote speaker at the inaugural meeting of the Military Women’s Coalition today. The event… https://t.co/HWeXnnXDTP","http://web.archive.org/*/http://twitter.com/SecWilkie/status/1038153371042177024"
"I was honored to be the keynote speaker at the inaugural meeting of the Military Women’s Coalition today. The event… https://t.co/HWeXnnXDTP","http://web.archive.org/*/https://twitter.com/SecWilkie/status/1038153371042177024"
"It was a pleasure visiting the @AtlantaVAMC today to talk with leadership about their progress in providing the bes… https://t.co/nrEPqFnWnD","http://web.archive.org/*/http://twitter.com/SecWilkie/status/1038154870048649216"
"It was a pleasure visiting the @AtlantaVAMC today to talk with leadership about their progress in providing the bes… https://t.co/nrEPqFnWnD","http://web.archive.org/*/https://twitter.com/SecWilkie/status/1038154870048649216"
"RT @DoleFoundation: Moments ago, @DeptVetAffairs @SecWilkie announced the establishment of the Elizabeth Dole Center of Excellence for Vete…","http://web.archive.org/*/http://twitter.com/SecWilkie/status/1038174156263763970"
"RT @DoleFoundation: Moments ago, @DeptVetAffairs @SecWilkie announced the establishment of the Elizabeth Dole Center of Excellence for Vete…","http://web.archive.org/*/https://twitter.com/SecWilkie/status/1038174156263763970"
"RT @SenatorIsakson: I appreciated the opportunity to bring @DeptVetAffairs @SecWilkie to the @AtlantaVAMC today. We heard from patients, me…","http://web.archive.org/*/http://twitter.com/SecWilkie/status/1038922362517897216"
"RT @SenatorIsakson: I appreciated the opportunity to bring @DeptVetAffairs @SecWilkie to the @AtlantaVAMC today. We heard from patients, me…","http://web.archive.org/*/https://twitter.com/SecWilkie/status/1038922362517897216"
"RT @DeptVetAffairs: VA Secretary Wilkie makes first trip to Atlanta https://t.co/PJCsti7z1T via @cbs46","http://web.archive.org/*/http://twitter.com/SecWilkie/status/1039193812571172866"
"RT @DeptVetAffairs: VA Secretary Wilkie makes first trip to Atlanta https://t.co/PJCsti7z1T via @cbs46","http://web.archive.org/*/https://twitter.com/SecWilkie/status/1039193812571172866"
"RT @DeptVetAffairs: Hurricane Florence Updates – U.S. Department of Veterans Affairs https://t.co/4pXzxNokK4","http://web.archive.org/*/http://twitter.com/SecWilkie/status/1039883723813134336"
"RT @DeptVetAffairs: Hurricane Florence Updates – U.S. Department of Veterans Affairs https://t.co/4pXzxNokK4","http://web.archive.org/*/https://twitter.com/SecWilkie/status/1039883723813134336"
"RT @DeptVetAffairs: Charleston VAMC Outpatient Clinics will remain closed through weekend. 
Hampton VAMC is in mandatory evacuation area. #…","http://web.archive.org/*/http://twitter.com/SecWilkie/status/1039968114157543425"
"RT @DeptVetAffairs: Charleston VAMC Outpatient Clinics will remain closed through weekend. 
Hampton VAMC is in mandatory evacuation area. #…","http://web.archive.org/*/https://twitter.com/SecWilkie/status/1039968114157543425"
"RT @DeptVetAffairs: The following Community Based Outpatient Clinics remain closed Wednesday, Sept. 12 due to Tropical Storm Olivia: Maui C…","http://web.archive.org/*/http://twitter.com/SecWilkie/status/1039968141252677635"
"RT @DeptVetAffairs: The following Community Based Outpatient Clinics remain closed Wednesday, Sept. 12 due to Tropical Storm Olivia: Maui C…","http://web.archive.org/*/https://twitter.com/SecWilkie/status/1039968141252677635"
"RT @DeptVetAffairs: VA @SecWilkie addressed employees of Office of Management during a quarterly town hall meeting this morning. Staff incl…","http://web.archive.org/*/http://twitter.com/SecWilkie/status/1039979266283397121"
"RT @DeptVetAffairs: VA @SecWilkie addressed employees of Office of Management during a quarterly town hall meeting this morning. Staff incl…","http://web.archive.org/*/https://twitter.com/SecWilkie/status/1039979266283397121"
"At today’s @CBCFInc event, I had the unique opportunity to share contributions of African American #Veterans includ… https://t.co/cpOAanf3jj","http://web.archive.org/*/http://twitter.com/SecWilkie/status/1040656638494101505"
"At today’s @CBCFInc event, I had the unique opportunity to share contributions of African American #Veterans includ… https://t.co/cpOAanf3jj","http://web.archive.org/*/https://twitter.com/SecWilkie/status/1040656638494101505"
"It was an honor to join @POTUS as he signed the Veterans Treatment Court Improvement Act of 2018, which will add an… https://t.co/9lHvbTPdpe","http://web.archive.org/*/http://twitter.com/SecWilkie/status/1042081891216699392"
"It was an honor to join @POTUS as he signed the Veterans Treatment Court Improvement Act of 2018, which will add an… https://t.co/9lHvbTPdpe","http://web.archive.org/*/https://twitter.com/SecWilkie/status/1042081891216699392"
"RT @VetsExperience: .@SecWilkie will host his first State of VA town hall online Sept 27th 
Find details here: https://t.co/FZBvbPRNcQ","http://web.archive.org/*/http://twitter.com/SecWilkie/status/1042836544258801665"
"RT @VetsExperience: .@SecWilkie will host his first State of VA town hall online Sept 27th 
Find details here: https://t.co/FZBvbPRNcQ","http://web.archive.org/*/https://twitter.com/SecWilkie/status/1042836544258801665"
"It was a great opportunity to meet with our staff at @VALasVegas. I appreciate Director Peggy Kearns, her team and… https://t.co/6rrzdUtBTU","http://web.archive.org/*/http://twitter.com/SecWilkie/status/1043135548209152000"
"It was a great opportunity to meet with our staff at @VALasVegas. I appreciate Director Peggy Kearns, her team and… https://t.co/6rrzdUtBTU","http://web.archive.org/*/https://twitter.com/SecWilkie/status/1043135548209152000"
"It was an incredible honor to join @POTUS as he signed the Veterans funding bill. This bill, among other things, wi… https://t.co/mJBPSRKSFd","http://web.archive.org/*/http://twitter.com/SecWilkie/status/1043229614108225536"
"It was an incredible honor to join @POTUS as he signed the Veterans funding bill. This bill, among other things, wi… https://t.co/mJBPSRKSFd","http://web.archive.org/*/https://twitter.com/SecWilkie/status/1043229614108225536"
"RT @carson_frame: VA Secretary Robert Wilkie toured Audie Murphy Memorial VA Hospital Monday. Says Texas helps him ""see the future of VA.""…","http://web.archive.org/*/http://twitter.com/SecWilkie/status/1044681147672875012"
"RT @carson_frame: VA Secretary Robert Wilkie toured Audie Murphy Memorial VA Hospital Monday. Says Texas helps him ""see the future of VA.""…","http://web.archive.org/*/https://twitter.com/SecWilkie/status/1044681147672875012"
"It was an honor to join @PVA1946 for their #MissionABLEawards. https://t.co/rGYuGvrJ5k","http://web.archive.org/*/http://twitter.com/SecWilkie/status/1044934934622859265"
"It was an honor to join @PVA1946 for their #MissionABLEawards. https://t.co/rGYuGvrJ5k","http://web.archive.org/*/https://twitter.com/SecWilkie/status/1044934934622859265"
"I had the pleasure of attending a reunion for 83rd Artillery in San Antonio, TX where I was surprised with photos o… https://t.co/0qClPUy2ur","http://web.archive.org/*/http://twitter.com/SecWilkie/status/1044964851041415170"
"I had the pleasure of attending a reunion for 83rd Artillery in San Antonio, TX where I was surprised with photos o… https://t.co/0qClPUy2ur","http://web.archive.org/*/https://twitter.com/SecWilkie/status/1044964851041415170"
"RT @PVA1946: Tomorrow @DeptVetAffairs @SecWilkie is hosting a “State of VA” Community Town Hall via webcast at 1:30 EST. For more details o…","http://web.archive.org/*/http://twitter.com/SecWilkie/status/1045309324032188417"
"RT @PVA1946: Tomorrow @DeptVetAffairs @SecWilkie is hosting a “State of VA” Community Town Hall via webcast at 1:30 EST. For more details o…","http://web.archive.org/*/https://twitter.com/SecWilkie/status/1045309324032188417"
"RT @DeptVetAffairs: VA leadership discuss customer service at the VA and answer questions from Veterans: https://t.co/9DASym58Db","http://web.archive.org/*/http://twitter.com/SecWilkie/status/1045375065133584384"
"RT @DeptVetAffairs: VA leadership discuss customer service at the VA and answer questions from Veterans: https://t.co/9DASym58Db","http://web.archive.org/*/https://twitter.com/SecWilkie/status/1045375065133584384"
"Enjoyed meeting two of the newest @WarriorCanineCn puppies in training. These little ones will eventually partner w… https://t.co/wAFm7RWaZK","http://web.archive.org/*/http://twitter.com/SecWilkie/status/1045679187753873408"
"Enjoyed meeting two of the newest @WarriorCanineCn puppies in training. These little ones will eventually partner w… https://t.co/wAFm7RWaZK","http://web.archive.org/*/https://twitter.com/SecWilkie/status/1045679187753873408"
"It was my pleasure to visit VA's wonderful staff at Fayetteville VA Medical Center today. https://t.co/qHYf9viGva","http://web.archive.org/*/http://twitter.com/SecWilkie/status/1046875341938147328"
"It was my pleasure to visit VA's wonderful staff at Fayetteville VA Medical Center today. https://t.co/qHYf9viGva","http://web.archive.org/*/https://twitter.com/SecWilkie/status/1046875341938147328"
"While I was in Wilmington, I met with local staff and toured one of their Mobile Health Clinics. https://t.co/9UUgodjhID","http://web.archive.org/*/http://twitter.com/SecWilkie/status/1047124086852333568"
"While I was in Wilmington, I met with local staff and toured one of their Mobile Health Clinics. https://t.co/9UUgodjhID","http://web.archive.org/*/https://twitter.com/SecWilkie/status/1047124086852333568"
"RT @SecWilkie: While I was in Wilmington, I met with local staff and toured one of their Mobile Health Clinics. https://t.co/9UUgodjhID","http://web.archive.org/*/http://twitter.com/SecWilkie/status/1047128610132373504"
"RT @SecWilkie: While I was in Wilmington, I met with local staff and toured one of their Mobile Health Clinics. https://t.co/9UUgodjhID","http://web.archive.org/*/https://twitter.com/SecWilkie/status/1047128610132373504"
"Congratulations, Marcy, and thank you for leading a great Digital Services team. https://t.co/Nhr7H34Ssu","http://web.archive.org/*/http://twitter.com/SecWilkie/status/1047498728008011776"
"Congratulations, Marcy, and thank you for leading a great Digital Services team. https://t.co/Nhr7H34Ssu","http://web.archive.org/*/https://twitter.com/SecWilkie/status/1047498728008011776"
"I joined @HUDgov Secretary Ben Carson for a tour of our Community Resource and Referral Center in Washington D.C. b… https://t.co/POaSQfBRl6","http://web.archive.org/*/http://twitter.com/SecWilkie/status/1047601294565920768"
"I joined @HUDgov Secretary Ben Carson for a tour of our Community Resource and Referral Center in Washington D.C. b… https://t.co/POaSQfBRl6","http://web.archive.org/*/https://twitter.com/SecWilkie/status/1047601294565920768"
"Very proud of the VA Acquisition Academy as they celebrate their first ten years of training Veterans to be future… https://t.co/yvW2FQ0ph1","http://web.archive.org/*/http://twitter.com/SecWilkie/status/1050724710051405824"
"Very proud of the VA Acquisition Academy as they celebrate their first ten years of training Veterans to be future… https://t.co/yvW2FQ0ph1","http://web.archive.org/*/https://twitter.com/SecWilkie/status/1050724710051405824"
"I had the pleasure of awarding Mrs. Ruby Robinson a coin and congratulations for 25 Years of Service to the VA. Mrs… https://t.co/PlzDf7Mmdn","http://web.archive.org/*/http://twitter.com/SecWilkie/status/1052582545479671808"
"I had the pleasure of awarding Mrs. Ruby Robinson a coin and congratulations for 25 Years of Service to the VA. Mrs… https://t.co/PlzDf7Mmdn","http://web.archive.org/*/https://twitter.com/SecWilkie/status/1052582545479671808"
"I met with Leaders at Joint Base Lewis-McChord’s Madigan Army Medical Center to learn how it’s new EHR has improved… https://t.co/AgXDrucWWA","http://web.archive.org/*/http://twitter.com/SecWilkie/status/1052601227442356224"
"I met with Leaders at Joint Base Lewis-McChord’s Madigan Army Medical Center to learn how it’s new EHR has improved… https://t.co/AgXDrucWWA","http://web.archive.org/*/https://twitter.com/SecWilkie/status/1052601227442356224"
"What an honor to greet members of the Honor Guard at Fairchild Air Force Base in Spokane, WA. I enjoyed speaking wi… https://t.co/WSRdqXy90E","http://web.archive.org/*/http://twitter.com/SecWilkie/status/1052603162744553473"
"What an honor to greet members of the Honor Guard at Fairchild Air Force Base in Spokane, WA. I enjoyed speaking wi… https://t.co/WSRdqXy90E","http://web.archive.org/*/https://twitter.com/SecWilkie/status/1052603162744553473"
"I spoke to Providers at the VA Puget Sound Health Care System’s EHR Kick Off, telling them that they will set the t… https://t.co/Q8lHjRhpYW","http://web.archive.org/*/http://twitter.com/SecWilkie/status/1052608246828228608"
"I spoke to Providers at the VA Puget Sound Health Care System’s EHR Kick Off, telling them that they will set the t… https://t.co/Q8lHjRhpYW","http://web.archive.org/*/https://twitter.com/SecWilkie/status/1052608246828228608"
"I head the pleasure of meeting two Red Vest Volunteers at the  @VAWallaWalla Medical Center in Walla Walla, WA. Ric… https://t.co/xl5lpkzLgG","http://web.archive.org/*/http://twitter.com/SecWilkie/status/1052624058670571520"
"I head the pleasure of meeting two Red Vest Volunteers at the  @VAWallaWalla Medical Center in Walla Walla, WA. Ric… https://t.co/xl5lpkzLgG","http://web.archive.org/*/https://twitter.com/SecWilkie/status/1052624058670571520"
"Happy to show my appreciation to Cheryl Lundy, Acting Director of the Anchorage Vet Center for her service to Veter… https://t.co/1w5RcK9RZI","http://web.archive.org/*/http://twitter.com/SecWilkie/status/1052965559321747457"
"Happy to show my appreciation to Cheryl Lundy, Acting Director of the Anchorage Vet Center for her service to Veter… https://t.co/1w5RcK9RZI","http://web.archive.org/*/https://twitter.com/SecWilkie/status/1052965559321747457"
"Appreciate the opportunity to join with Alaska Senator Dan Sullivan on a tour of the Alaska VA Healthcare System. C… https://t.co/0kGJKJpisl","http://web.archive.org/*/http://twitter.com/SecWilkie/status/1053001275254759425"
"Appreciate the opportunity to join with Alaska Senator Dan Sullivan on a tour of the Alaska VA Healthcare System. C… https://t.co/0kGJKJpisl","http://web.archive.org/*/https://twitter.com/SecWilkie/status/1053001275254759425"
"I was joined by VA’s Northwest Health Network and Medical Center leadership tour the Primary Care outpatient areas,… https://t.co/hbWlJghiVw","http://web.archive.org/*/http://twitter.com/SecWilkie/status/1053292559458594816"
"I was joined by VA’s Northwest Health Network and Medical Center leadership tour the Primary Care outpatient areas,… https://t.co/hbWlJghiVw","http://web.archive.org/*/https://twitter.com/SecWilkie/status/1053292559458594816"
"I enjoyed joining VISN 20 Network Director Mike Murphy and leadership from Spokane’s Mann-Grandstaff VAMC. Thank yo… https://t.co/Rz7ibAAXWd","http://web.archive.org/*/http://twitter.com/SecWilkie/status/1053299804913233921"
"I enjoyed joining VISN 20 Network Director Mike Murphy and leadership from Spokane’s Mann-Grandstaff VAMC. Thank yo… https://t.co/Rz7ibAAXWd","http://web.archive.org/*/https://twitter.com/SecWilkie/status/1053299804913233921"
"The Anchorage StandDown was magnificent! I appreciate Inspiration Salon for providing free haircuts to one of our v… https://t.co/KiZBXR0Z36","http://web.archive.org/*/http://twitter.com/SecWilkie/status/1053358526146494464"
"The Anchorage StandDown was magnificent! I appreciate Inspiration Salon for providing free haircuts to one of our v… https://t.co/KiZBXR0Z36","http://web.archive.org/*/https://twitter.com/SecWilkie/status/1053358526146494464"
"My appreciation to Alaska @SenDanSullivan for walking through the Anchorage StandDown. It was a great opportunity t… https://t.co/QnoVCgiEdS","http://web.archive.org/*/http://twitter.com/SecWilkie/status/1053359000463572992"
"My appreciation to Alaska @SenDanSullivan for walking through the Anchorage StandDown. It was a great opportunity t… https://t.co/QnoVCgiEdS","http://web.archive.org/*/https://twitter.com/SecWilkie/status/1053359000463572992"
"I had the opportunity to hand out duffel bags at the Anchorage Stand Down to Veterans. I was impressed with the entire operation.","http://web.archive.org/*/http://twitter.com/SecWilkie/status/1053367697617096705"
"I had the opportunity to hand out duffel bags at the Anchorage Stand Down to Veterans. I was impressed with the entire operation.","http://web.archive.org/*/https://twitter.com/SecWilkie/status/1053367697617096705"
"I had the opportunity to speak to @sramosABC with ABC, @CTuckerNews with NBC, and @KristineFrazao with Sinclair TV… https://t.co/slNSxU4bwz","http://web.archive.org/*/http://twitter.com/SecWilkie/status/1055179324515598337"
"I had the opportunity to speak to @sramosABC with ABC, @CTuckerNews with NBC, and @KristineFrazao with Sinclair TV… https://t.co/slNSxU4bwz","http://web.archive.org/*/https://twitter.com/SecWilkie/status/1055179324515598337"
"While at the White House today, I also joined @fbtalk with WJR in Detroit and @LarryOConnor with @WMALDC in D.C. to… https://t.co/gswCB6oBtZ","http://web.archive.org/*/http://twitter.com/SecWilkie/status/1055180872503181312"
"While at the White House today, I also joined @fbtalk with WJR in Detroit and @LarryOConnor with @WMALDC in D.C. to… https://t.co/gswCB6oBtZ","http://web.archive.org/*/https://twitter.com/SecWilkie/status/1055180872503181312"
"RT @WW1CC: WE COULD NOT BE MORE PROUD! 
@WW1CC's brilliant Adam Grimm was recognized today by @SecWilkie, for designing this year's @DeptVe…","http://web.archive.org/*/http://twitter.com/SecWilkie/status/1055842207150809094"
"RT @WW1CC: WE COULD NOT BE MORE PROUD! 
@WW1CC's brilliant Adam Grimm was recognized today by @SecWilkie, for designing this year's @DeptVe…","http://web.archive.org/*/https://twitter.com/SecWilkie/status/1055842207150809094"
"The National Veterans Memorial and Museum is a magnificent honor to our Veterans!  Appreciate LTG (R) Michael Ferri… https://t.co/epdr4vpldZ","http://web.archive.org/*/http://twitter.com/SecWilkie/status/1056904456271466496"
"The National Veterans Memorial and Museum is a magnificent honor to our Veterans!  Appreciate LTG (R) Michael Ferri… https://t.co/epdr4vpldZ","http://web.archive.org/*/https://twitter.com/SecWilkie/status/1056904456271466496"
"Had a great Saturday morning meeting with the our team at the Chalmers P. Wylie Ambulatory Care Center in Columbus,… https://t.co/9Im990NOBO","http://web.archive.org/*/http://twitter.com/SecWilkie/status/1056923663570821131"
"Had a great Saturday morning meeting with the our team at the Chalmers P. Wylie Ambulatory Care Center in Columbus,… https://t.co/9Im990NOBO","http://web.archive.org/*/https://twitter.com/SecWilkie/status/1056923663570821131"
"I had the opportunity to meet with staff residents at the Bastion Community of Resilience in New Orleans. They shar… https://t.co/0GzdpCuKb0","http://web.archive.org/*/http://twitter.com/SecWilkie/status/1057355336120782849"
"I had the opportunity to meet with staff residents at the Bastion Community of Resilience in New Orleans. They shar… https://t.co/0GzdpCuKb0","http://web.archive.org/*/https://twitter.com/SecWilkie/status/1057355336120782849"
"Serving Veterans involves listening. The staff at the New Orleans Shelter and Engagement Center shared with me the… https://t.co/6wBTYx3EbZ","http://web.archive.org/*/http://twitter.com/SecWilkie/status/1057369072415977472"
"Serving Veterans involves listening. The staff at the New Orleans Shelter and Engagement Center shared with me the… https://t.co/6wBTYx3EbZ","http://web.archive.org/*/https://twitter.com/SecWilkie/status/1057369072415977472"
"I truly appreciate the warm welcome and kind words from Jay Castagnetta with the Washington Artillery Veterans Asso… https://t.co/ScAvXcABaj","http://web.archive.org/*/http://twitter.com/SecWilkie/status/1057988151967399937"
"I truly appreciate the warm welcome and kind words from Jay Castagnetta with the Washington Artillery Veterans Asso… https://t.co/ScAvXcABaj","http://web.archive.org/*/https://twitter.com/SecWilkie/status/1057988151967399937"
"During my trip to New Orleans, I stopped by the Community Resource and Referral Center on to speak with Veterans an… https://t.co/W2wWAO46s4","http://web.archive.org/*/http://twitter.com/SecWilkie/status/1058010816111435776"
"During my trip to New Orleans, I stopped by the Community Resource and Referral Center on to speak with Veterans an… https://t.co/W2wWAO46s4","http://web.archive.org/*/https://twitter.com/SecWilkie/status/1058010816111435776"
"I appreciated the opportunity to visit with staff at Slidell VA Outpatient Clinic to learn about the ways they're e… https://t.co/cElrDrpYcv","http://web.archive.org/*/http://twitter.com/SecWilkie/status/1058033455878098945"
"I appreciated the opportunity to visit with staff at Slidell VA Outpatient Clinic to learn about the ways they're e… https://t.co/cElrDrpYcv","http://web.archive.org/*/https://twitter.com/SecWilkie/status/1058033455878098945"
"After my visit to the Slidell VA Community Based Outpatient Clinic on Tuesday, I had the pleasure of speaking with… https://t.co/R9JmikxDSl","http://web.archive.org/*/http://twitter.com/SecWilkie/status/1058056123918573570"
"After my visit to the Slidell VA Community Based Outpatient Clinic on Tuesday, I had the pleasure of speaking with… https://t.co/R9JmikxDSl","http://web.archive.org/*/https://twitter.com/SecWilkie/status/1058056123918573570"
"As part of my trip to New Orleans, I stopped by the New Orleans VA Regional Office to meet the staff, learn about t… https://t.co/owUPsRbOoc","http://web.archive.org/*/http://twitter.com/SecWilkie/status/1058078792999165952"
"As part of my trip to New Orleans, I stopped by the New Orleans VA Regional Office to meet the staff, learn about t… https://t.co/owUPsRbOoc","http://web.archive.org/*/https://twitter.com/SecWilkie/status/1058078792999165952"
"While in Mississippi, I met Maj. Caleb Clark and his son Benjamin, who is serving as president of the Ole Miss Wish… https://t.co/OuPEjMVm68","http://web.archive.org/*/http://twitter.com/SecWilkie/status/1058403389799890946"
"While in Mississippi, I met Maj. Caleb Clark and his son Benjamin, who is serving as president of the Ole Miss Wish… https://t.co/OuPEjMVm68","http://web.archive.org/*/https://twitter.com/SecWilkie/status/1058403389799890946"
"Secretary Wilkie visits with student Veterans from all branches of service during his stop at the Ole Miss Student… https://t.co/RqCDub4vhX","http://web.archive.org/*/http://twitter.com/SecWilkie/status/1058426216682799110"
"Secretary Wilkie visits with student Veterans from all branches of service during his stop at the Ole Miss Student… https://t.co/RqCDub4vhX","http://web.archive.org/*/https://twitter.com/SecWilkie/status/1058426216682799110"
"RT @HillVets: In advance of #VeteransDay and #ElectionDay2018 @SecWilkie took the time to sit down with @hillvets from both sides of the ai…","http://web.archive.org/*/http://twitter.com/SecWilkie/status/1059864511673499649"
"RT @HillVets: In advance of #VeteransDay and #ElectionDay2018 @SecWilkie took the time to sit down with @hillvets from both sides of the ai…","http://web.archive.org/*/https://twitter.com/SecWilkie/status/1059864511673499649"
"Today, I had the honor of speaking at the National World War I Memorial at Pershing Park in Washington, D.C. in rec… https://t.co/wP7EWWfT7i","http://web.archive.org/*/http://twitter.com/SecWilkie/status/1060674642531282944"
"Today, I had the honor of speaking at the National World War I Memorial at Pershing Park in Washington, D.C. in rec… https://t.co/wP7EWWfT7i","http://web.archive.org/*/https://twitter.com/SecWilkie/status/1060674642531282944"
"As we are just a couple of days from Veterans Day, I appreciate the opportunity to address the members of the Natio… https://t.co/AUeH69iQzQ","http://web.archive.org/*/http://twitter.com/SecWilkie/status/1060959877940592642"
"As we are just a couple of days from Veterans Day, I appreciate the opportunity to address the members of the Natio… https://t.co/AUeH69iQzQ","http://web.archive.org/*/https://twitter.com/SecWilkie/status/1060959877940592642"
"Happy Veterans Day to all those who have bravely protected our nation and the liberties we value today. Thank you for your service.","http://web.archive.org/*/http://twitter.com/SecWilkie/status/1061637789001940992"
"Happy Veterans Day to all those who have bravely protected our nation and the liberties we value today. Thank you for your service.","http://web.archive.org/*/https://twitter.com/SecWilkie/status/1061637789001940992"
"It was a pleasure to see you, Jared, and to host this morning’s Veterans Day breakfast. Thank you for your leadersh… https://t.co/rXjluYTajv","http://web.archive.org/*/http://twitter.com/SecWilkie/status/1061647555292024832"
"It was a pleasure to see you, Jared, and to host this morning’s Veterans Day breakfast. Thank you for your leadersh… https://t.co/rXjluYTajv","http://web.archive.org/*/https://twitter.com/SecWilkie/status/1061647555292024832"
"In my recent appearance on @foxandfriends, I emphasized the importance of caring for our Veterans. VA is privileged… https://t.co/0tvqpgYCGv","http://web.archive.org/*/http://twitter.com/SecWilkie/status/1061648772198027264"
"In my recent appearance on @foxandfriends, I emphasized the importance of caring for our Veterans. VA is privileged… https://t.co/0tvqpgYCGv","http://web.archive.org/*/https://twitter.com/SecWilkie/status/1061648772198027264"
"At @VANatCemeteries' inaugural History and Legacy Day, Under Secretary of Memorial Affairs Randy Reeves said ""no Ve… https://t.co/hCiU4PGJ6f","http://web.archive.org/*/http://twitter.com/SecWilkie/status/1063067321806307328"
"At @VANatCemeteries' inaugural History and Legacy Day, Under Secretary of Memorial Affairs Randy Reeves said ""no Ve… https://t.co/hCiU4PGJ6f","http://web.archive.org/*/https://twitter.com/SecWilkie/status/1063067321806307328"
"Great White House Veterans event today with @RealDonaldTrump and state and local officials. No president has done m… https://t.co/hbRUJwIixx","http://web.archive.org/*/http://twitter.com/SecWilkie/status/1063180152212017154"
"Great White House Veterans event today with @RealDonaldTrump and state and local officials. No president has done m… https://t.co/hbRUJwIixx","http://web.archive.org/*/https://twitter.com/SecWilkie/status/1063180152212017154"
"It was an honor to meet these valued Veterans going through rehabilitation therapy at the Eastern Oklahoma VA Healt… https://t.co/xUrNomJ65q","http://web.archive.org/*/http://twitter.com/SecWilkie/status/1067527829489889281"
"It was an honor to meet these valued Veterans going through rehabilitation therapy at the Eastern Oklahoma VA Healt… https://t.co/xUrNomJ65q","http://web.archive.org/*/https://twitter.com/SecWilkie/status/1067527829489889281"
"I’m excited to participate in this event and discuss the ways VA is using telehealth to extend quality care to Vete… https://t.co/IwAKcZRjrz","http://web.archive.org/*/http://twitter.com/SecWilkie/status/1070672012924911617"
"I’m excited to participate in this event and discuss the ways VA is using telehealth to extend quality care to Vete… https://t.co/IwAKcZRjrz","http://web.archive.org/*/https://twitter.com/SecWilkie/status/1070672012924911617"
"RT @DeptVetAffairs: “Telehealth is just the next step in an journey the VA started long ago in caring for those who borne the battle.” - @S…","http://web.archive.org/*/http://twitter.com/SecWilkie/status/1070680553438019584"
"RT @DeptVetAffairs: “Telehealth is just the next step in an journey the VA started long ago in caring for those who borne the battle.” - @S…","http://web.archive.org/*/https://twitter.com/SecWilkie/status/1070680553438019584"
"Appreciate Mayor @ericgarcetti coming to our West LA campus today to visit the site of our Bridge Housing project.… https://t.co/CN9YxyTsXr","http://web.archive.org/*/http://twitter.com/SecWilkie/status/1072509335920623617"
"Appreciate Mayor @ericgarcetti coming to our West LA campus today to visit the site of our Bridge Housing project.… https://t.co/CN9YxyTsXr","http://web.archive.org/*/https://twitter.com/SecWilkie/status/1072509335920623617"
"My deep appreciation goes to those on our team, at the Greater Los Angeles Welcome Center, who are on the front lin… https://t.co/Ru6p7sYpz1","http://web.archive.org/*/http://twitter.com/SecWilkie/status/1072528964013486080"
"My deep appreciation goes to those on our team, at the Greater Los Angeles Welcome Center, who are on the front lin… https://t.co/Ru6p7sYpz1","http://web.archive.org/*/https://twitter.com/SecWilkie/status/1072528964013486080"
"I appreciate the opportunity to sit down with VSO representatives from the Los Angeles area, and listen to their co… https://t.co/5eZfzxsMVf","http://web.archive.org/*/http://twitter.com/SecWilkie/status/1072551661191790593"
"I appreciate the opportunity to sit down with VSO representatives from the Los Angeles area, and listen to their co… https://t.co/5eZfzxsMVf","http://web.archive.org/*/https://twitter.com/SecWilkie/status/1072551661191790593"
"I’ve shared my concerns about the issue of Veterans facing homelessness in West Los Angeles. Now I’ve had the oppor… https://t.co/NbsyU0Tpyo","http://web.archive.org/*/http://twitter.com/SecWilkie/status/1072589346983895048"
"I’ve shared my concerns about the issue of Veterans facing homelessness in West Los Angeles. Now I’ve had the oppor… https://t.co/NbsyU0Tpyo","http://web.archive.org/*/https://twitter.com/SecWilkie/status/1072589346983895048"
"I enjoyed meeting with Ann and her staff to learn about their accountability efforts. https://t.co/ThKcyRawzH","http://web.archive.org/*/http://twitter.com/SecWilkie/status/1075053182471102465"
"I enjoyed meeting with Ann and her staff to learn about their accountability efforts. https://t.co/ThKcyRawzH","http://web.archive.org/*/https://twitter.com/SecWilkie/status/1075053182471102465"
"Mahalo to the VA staff in Hawaii for their hard work and dedication to the Veterans across the Pacific Region! I fe… https://t.co/nC27rpZ2wS","http://web.archive.org/*/http://twitter.com/SecWilkie/status/1075103018004201473"
"Mahalo to the VA staff in Hawaii for their hard work and dedication to the Veterans across the Pacific Region! I fe… https://t.co/nC27rpZ2wS","http://web.archive.org/*/https://twitter.com/SecWilkie/status/1075103018004201473"
"Visiting the Big Island of Hawaii and Oahu illustrated the vastness of the western part of our great country. Pacif… https://t.co/Nvt3tiEtQ3","http://web.archive.org/*/http://twitter.com/SecWilkie/status/1075105926900797440"
"Visiting the Big Island of Hawaii and Oahu illustrated the vastness of the western part of our great country. Pacif… https://t.co/Nvt3tiEtQ3","http://web.archive.org/*/https://twitter.com/SecWilkie/status/1075105926900797440"
"RT @RachaelRiley85: “Be passionate. Do not shy away from risks...”@SecWilkie tells @MethodistU graduates. https://t.co/NpH4dRhWLS","http://web.archive.org/*/http://twitter.com/SecWilkie/status/1075111013031297026"
"RT @RachaelRiley85: “Be passionate. Do not shy away from risks...”@SecWilkie tells @MethodistU graduates. https://t.co/NpH4dRhWLS","http://web.archive.org/*/https://twitter.com/SecWilkie/status/1075111013031297026"
"I was humbled to speak at @MethodistU's Commencement. I was even more humbled to receive an Honorary Doctorate of H… https://t.co/27CFRFT18M","http://web.archive.org/*/http://twitter.com/SecWilkie/status/1075126082842562560"
"I was humbled to speak at @MethodistU's Commencement. I was even more humbled to receive an Honorary Doctorate of H… https://t.co/27CFRFT18M","http://web.archive.org/*/https://twitter.com/SecWilkie/status/1075126082842562560"
"RT @VetsExperience: Veterans trust VA more, according to the latest survey results. @SecWilkie @DeptVetAffairs #CX #CXCAPGoals #HonoringVet…","http://web.archive.org/*/http://twitter.com/SecWilkie/status/1075388600848711681"
"RT @VetsExperience: Veterans trust VA more, according to the latest survey results. @SecWilkie @DeptVetAffairs #CX #CXCAPGoals #HonoringVet…","http://web.archive.org/*/https://twitter.com/SecWilkie/status/1075388600848711681"
"RT @DeptVetAffairs: VA @SecWilkie pays his respects to Daniel Inouye, a Medal of Honor recipient who fought in World War II and went on to…","http://web.archive.org/*/http://twitter.com/SecWilkie/status/1075391699483062273"
"RT @DeptVetAffairs: VA @SecWilkie pays his respects to Daniel Inouye, a Medal of Honor recipient who fought in World War II and went on to…","http://web.archive.org/*/https://twitter.com/SecWilkie/status/1075391699483062273"
"Salute and respect to Mr. Miller and the rest of our armed forces that fought during the Battle of the Bulge. Your… https://t.co/GE4wvxEqgb","http://web.archive.org/*/http://twitter.com/SecWilkie/status/1077930877907333121"
"Salute and respect to Mr. Miller and the rest of our armed forces that fought during the Battle of the Bulge. Your… https://t.co/GE4wvxEqgb","http://web.archive.org/*/https://twitter.com/SecWilkie/status/1077930877907333121"
"Mr. Overton’s service and long life served as an inspiration to so many of us. Rest In Peace, sir.","http://web.archive.org/*/http://twitter.com/SecWilkie/status/1078657632553091073"
"Mr. Overton’s service and long life served as an inspiration to so many of us. Rest In Peace, sir.","http://web.archive.org/*/https://twitter.com/SecWilkie/status/1078657632553091073"
"Operation Song is a valuable program allowing Veterans the opportunity to articulate their experiences through the… https://t.co/euLwrMTjxo","http://web.archive.org/*/http://twitter.com/SecWilkie/status/1078719426789326848"
"Operation Song is a valuable program allowing Veterans the opportunity to articulate their experiences through the… https://t.co/euLwrMTjxo","http://web.archive.org/*/https://twitter.com/SecWilkie/status/1078719426789326848"
