"I am deeply honored to serve this wonderful country as First Lady! https://t.co/tRTRVkDG6z","http://web.archive.org/*/http://twitter.com/FLOTUS/status/822942050899398657"
"I am deeply honored to serve this wonderful country as First Lady! https://t.co/tRTRVkDG6z","http://web.archive.org/*/https://twitter.com/FLOTUS/status/822942050899398657"
"Thank you @morikamimuseum for the inspirational presentation of your sacred gardens &amp; life &amp; culture in Japan. https://t.co/JxfwaPjX06","http://web.archive.org/*/http://twitter.com/FLOTUS/status/830527742156402697"
"Thank you @morikamimuseum for the inspirational presentation of your sacred gardens &amp; life &amp; culture in Japan. https://t.co/JxfwaPjX06","http://web.archive.org/*/https://twitter.com/FLOTUS/status/830527742156402697"
"Proud to share part of my family history with Mrs. Abe @BBTSchurch where @POTUS &amp; I were married, where we celebrat‚Ä¶ https://t.co/1ENe4VMf9L","http://web.archive.org/*/http://twitter.com/FLOTUS/status/830559859749875720"
"Proud to share part of my family history with Mrs. Abe @BBTSchurch where @POTUS &amp; I were married, where we celebrat‚Ä¶ https://t.co/1ENe4VMf9L","http://web.archive.org/*/https://twitter.com/FLOTUS/status/830559859749875720"
"We are responsible for empowering our next generation with values #powerofeverychild #Powerofthefirstlady https://t.co/L1FcuTNKwg","http://web.archive.org/*/http://twitter.com/FLOTUS/status/830562934178840581"
"We are responsible for empowering our next generation with values #powerofeverychild #Powerofthefirstlady https://t.co/L1FcuTNKwg","http://web.archive.org/*/https://twitter.com/FLOTUS/status/830562934178840581"
"Applause to all women around the world who speak up, stand up and support other women! @emrata 
#PowerOfEveryWoman 
#PowerOfTheFirstLady","http://web.archive.org/*/http://twitter.com/FLOTUS/status/831303325886906368"
"Applause to all women around the world who speak up, stand up and support other women! @emrata 
#PowerOfEveryWoman 
#PowerOfTheFirstLady","http://web.archive.org/*/https://twitter.com/FLOTUS/status/831303325886906368"
"Thank you Mrs. Netanyahu for your friendship and dedication #PowerOfTheFirstLady https://t.co/IiUjtTglOu","http://web.archive.org/*/http://twitter.com/FLOTUS/status/832082505528442881"
"Thank you Mrs. Netanyahu for your friendship and dedication #PowerOfTheFirstLady https://t.co/IiUjtTglOu","http://web.archive.org/*/https://twitter.com/FLOTUS/status/832082505528442881"
"It was an honor to visit the Smithsonian National Museum of African American History @NMAAHC https://t.co/rai8keSoEN","http://web.archive.org/*/http://twitter.com/FLOTUS/status/832083731301224448"
"It was an honor to visit the Smithsonian National Museum of African American History @NMAAHC https://t.co/rai8keSoEN","http://web.archive.org/*/https://twitter.com/FLOTUS/status/832083731301224448"
"It was an honor to spend yesterday afternoon @MountVernon with the @NatlGovsAssoc spouses.","http://web.archive.org/*/http://twitter.com/FLOTUS/status/836718609951043584"
"It was an honor to spend yesterday afternoon @MountVernon with the @NatlGovsAssoc spouses.","http://web.archive.org/*/https://twitter.com/FLOTUS/status/836718609951043584"
"Proud of supporting signing #closingthegendergap in #STEM 
#PowerOfTheFirstLady https://t.co/IboTzT8Aae","http://web.archive.org/*/http://twitter.com/FLOTUS/status/836724733827825664"
"Proud of supporting signing #closingthegendergap in #STEM 
#PowerOfTheFirstLady https://t.co/IboTzT8Aae","http://web.archive.org/*/https://twitter.com/FLOTUS/status/836724733827825664"
"Thank you for welcoming me @ChildrensHealth. My prayers and thoughts are with all of the children and families.‚Ä¶ https://t.co/ejA0yrhvuo","http://web.archive.org/*/http://twitter.com/FLOTUS/status/837044371606351873"
"Thank you for welcoming me @ChildrensHealth. My prayers and thoughts are with all of the children and families.‚Ä¶ https://t.co/ejA0yrhvuo","http://web.archive.org/*/https://twitter.com/FLOTUS/status/837044371606351873"
"Honoring children #worldbookday @NYPhospital https://t.co/SsUNPPj7fH","http://web.archive.org/*/http://twitter.com/FLOTUS/status/837417717133111297"
"Honoring children #worldbookday @NYPhospital https://t.co/SsUNPPj7fH","http://web.archive.org/*/https://twitter.com/FLOTUS/status/837417717133111297"
"Celebrated #InternationalWomensDay in the White House with incredible women https://t.co/7l1I6pcdqf","http://web.archive.org/*/http://twitter.com/FLOTUS/status/839594149108150276"
"Celebrated #InternationalWomensDay in the White House with incredible women https://t.co/7l1I6pcdqf","http://web.archive.org/*/https://twitter.com/FLOTUS/status/839594149108150276"
".@POTUS and I enjoyed hosting members of the Senate &amp; guests this evening, along w @VP &amp; @SecondLady. Great conversation &amp; music.","http://web.archive.org/*/http://twitter.com/FLOTUS/status/846900104824958976"
".@POTUS and I enjoyed hosting members of the Senate &amp; guests this evening, along w @VP &amp; @SecondLady. Great conversation &amp; music.","http://web.archive.org/*/https://twitter.com/FLOTUS/status/846900104824958976"
"Thank you to the @marineband &amp; @theusarmyband for their wonderful performance at the @whitehouse this evening! https://t.co/ULhmVXEMlR","http://web.archive.org/*/http://twitter.com/FLOTUS/status/846900349772320768"
"Thank you to the @marineband &amp; @theusarmyband for their wonderful performance at the @whitehouse this evening! https://t.co/ULhmVXEMlR","http://web.archive.org/*/https://twitter.com/FLOTUS/status/846900349772320768"
"I was honored to share the stage with the amazing recipients of the IWOC awards! Thank u for your courage &amp; determi‚Ä¶ https://t.co/xffGQJ1kwB","http://web.archive.org/*/http://twitter.com/FLOTUS/status/847132631422550017"
"I was honored to share the stage with the amazing recipients of the IWOC awards! Thank u for your courage &amp; determi‚Ä¶ https://t.co/xffGQJ1kwB","http://web.archive.org/*/https://twitter.com/FLOTUS/status/847132631422550017"
"""I urge you to not be afraid to fail - as failure will never have the power to define you, as long as you learn from it."" -@FLOTUS","http://web.archive.org/*/http://twitter.com/FLOTUS/status/847132909228216320"
"""I urge you to not be afraid to fail - as failure will never have the power to define you, as long as you learn from it."" -@FLOTUS","http://web.archive.org/*/https://twitter.com/FLOTUS/status/847132909228216320"
"We must continually reaffirm our American values as we join w the international community to make our world safer!","http://web.archive.org/*/http://twitter.com/FLOTUS/status/847133314444087296"
"We must continually reaffirm our American values as we join w the international community to make our world safer!","http://web.archive.org/*/https://twitter.com/FLOTUS/status/847133314444087296"
".POTUS &amp; I were thrilled to stop by the Women's Empowerment Panel held at the @WhiteHouse today! https://t.co/OuE3DnUKtN","http://web.archive.org/*/http://twitter.com/FLOTUS/status/847204089914118144"
".POTUS &amp; I were thrilled to stop by the Women's Empowerment Panel held at the @WhiteHouse today! https://t.co/OuE3DnUKtN","http://web.archive.org/*/https://twitter.com/FLOTUS/status/847204089914118144"
".POTUS &amp; FLOTUS
From East Wing to West Wing  
#fbf #MAGA https://t.co/UX9gdBDCwT","http://web.archive.org/*/http://twitter.com/FLOTUS/status/847866717267210240"
".POTUS &amp; FLOTUS
From East Wing to West Wing  
#fbf #MAGA https://t.co/UX9gdBDCwT","http://web.archive.org/*/https://twitter.com/FLOTUS/status/847866717267210240"
"Official Portrait of First Lady https://t.co/K1DUVE5kSI","http://web.archive.org/*/http://twitter.com/FLOTUS/status/848946338859536384"
"Official Portrait of First Lady https://t.co/K1DUVE5kSI","http://web.archive.org/*/https://twitter.com/FLOTUS/status/848946338859536384"
"I was honored to welcome Queen Rania of Jordan at the @WhiteHouse today.  I enjoyed spending the time speaking about our countries.","http://web.archive.org/*/http://twitter.com/FLOTUS/status/849787420195389440"
"I was honored to welcome Queen Rania of Jordan at the @WhiteHouse today.  I enjoyed spending the time speaking about our countries.","http://web.archive.org/*/https://twitter.com/FLOTUS/status/849787420195389440"
"Thank you students &amp; teachers at @ExcelAcademyPCS today! Had so much fun speaking w the girls in science class. Tha‚Ä¶ https://t.co/3ryWM2XhdN","http://web.archive.org/*/http://twitter.com/FLOTUS/status/849787737242816512"
"Thank you students &amp; teachers at @ExcelAcademyPCS today! Had so much fun speaking w the girls in science class. Tha‚Ä¶ https://t.co/3ryWM2XhdN","http://web.archive.org/*/https://twitter.com/FLOTUS/status/849787737242816512"
".Potus and I hosted our Heroes from the Wounded Warrior Project Soldier Ride in the @WhiteHouse today. üá∫üá∏ https://t.co/TIgxmOEEVV","http://web.archive.org/*/http://twitter.com/FLOTUS/status/850044938591096843"
".Potus and I hosted our Heroes from the Wounded Warrior Project Soldier Ride in the @WhiteHouse today. üá∫üá∏ https://t.co/TIgxmOEEVV","http://web.archive.org/*/https://twitter.com/FLOTUS/status/850044938591096843"
"Wonderful visit from the President of the People's Republic of #China, Xi Jinping &amp; Madame Peng Liyuan! https://t.co/xsZiFYztBu","http://web.archive.org/*/http://twitter.com/FLOTUS/status/850484400643088385"
"Wonderful visit from the President of the People's Republic of #China, Xi Jinping &amp; Madame Peng Liyuan! https://t.co/xsZiFYztBu","http://web.archive.org/*/https://twitter.com/FLOTUS/status/850484400643088385"
"Madame Peng and I visited Bak Middle School of the Arts. Thank you to all talented students for a wonderful perform‚Ä¶ https://t.co/2lpumMkcfx","http://web.archive.org/*/http://twitter.com/FLOTUS/status/850485481225760768"
"Madame Peng and I visited Bak Middle School of the Arts. Thank you to all talented students for a wonderful perform‚Ä¶ https://t.co/2lpumMkcfx","http://web.archive.org/*/https://twitter.com/FLOTUS/status/850485481225760768"
"I had a wonderful time visiting @HomeSafeFla today! The young ladies I spoke with hold so much promise for the futu‚Ä¶ https://t.co/D7XCKH5Np8","http://web.archive.org/*/http://twitter.com/FLOTUS/status/852956755843743744"
"I had a wonderful time visiting @HomeSafeFla today! The young ladies I spoke with hold so much promise for the futu‚Ä¶ https://t.co/D7XCKH5Np8","http://web.archive.org/*/https://twitter.com/FLOTUS/status/852956755843743744"
"Looking forward to hosting the annual Easter Egg Roll at the @WhiteHouse on Monday! https://t.co/nz7vucugx9","http://web.archive.org/*/http://twitter.com/FLOTUS/status/852968772088594434"
"Looking forward to hosting the annual Easter Egg Roll at the @WhiteHouse on Monday! https://t.co/nz7vucugx9","http://web.archive.org/*/https://twitter.com/FLOTUS/status/852968772088594434"
"Happy Easter! https://t.co/pzJ7ouViDZ","http://web.archive.org/*/http://twitter.com/FLOTUS/status/853671493439553536"
"Happy Easter! https://t.co/pzJ7ouViDZ","http://web.archive.org/*/https://twitter.com/FLOTUS/status/853671493439553536"
"Our family truly enjoyed hosting today's #EasterEggRoll. Thank you to all of the volunteers who worked hard to make‚Ä¶ https://t.co/0ONPRxo4PR","http://web.archive.org/*/http://twitter.com/FLOTUS/status/854109690451697665"
"Our family truly enjoyed hosting today's #EasterEggRoll. Thank you to all of the volunteers who worked hard to make‚Ä¶ https://t.co/0ONPRxo4PR","http://web.archive.org/*/https://twitter.com/FLOTUS/status/854109690451697665"
"Hope everyone had fun at today's #EasterEggRoll at @whitehouse. We enjoyed seeing all the kids enjoying themselves‚Ä¶ https://t.co/c3heD4FjwW","http://web.archive.org/*/http://twitter.com/FLOTUS/status/854110464103653376"
"Hope everyone had fun at today's #EasterEggRoll at @whitehouse. We enjoyed seeing all the kids enjoying themselves‚Ä¶ https://t.co/c3heD4FjwW","http://web.archive.org/*/https://twitter.com/FLOTUS/status/854110464103653376"
".@POTUS &amp; I are pleased to welcome visitor's @WhiteHouse #Spring garden tour.  We hope everyone enjoys exploring the beautiful grounds!","http://web.archive.org/*/http://twitter.com/FLOTUS/status/855772252352241664"
".@POTUS &amp; I are pleased to welcome visitor's @WhiteHouse #Spring garden tour.  We hope everyone enjoys exploring the beautiful grounds!","http://web.archive.org/*/https://twitter.com/FLOTUS/status/855772252352241664"
".@Potus and I visited brave men at Walter Reed Medical Center today. Thank you for your service! https://t.co/AAJbQkeH8h","http://web.archive.org/*/http://twitter.com/FLOTUS/status/855875245315678210"
".@Potus and I visited brave men at Walter Reed Medical Center today. Thank you for your service! https://t.co/AAJbQkeH8h","http://web.archive.org/*/https://twitter.com/FLOTUS/status/855875245315678210"
"Looking forward to today's Senate spouses luncheon at the National Gallery of Art. A wonderful group doing great things for our country!","http://web.archive.org/*/http://twitter.com/FLOTUS/status/857220741737070594"
"Looking forward to today's Senate spouses luncheon at the National Gallery of Art. A wonderful group doing great things for our country!","http://web.archive.org/*/https://twitter.com/FLOTUS/status/857220741737070594"
"I was delighted to be the guest of honor @ Senate spouses luncheon. Thank you everyone for their kind words &amp; suppo‚Ä¶ https://t.co/jK8fz79S7f","http://web.archive.org/*/http://twitter.com/FLOTUS/status/857356039708180480"
"I was delighted to be the guest of honor @ Senate spouses luncheon. Thank you everyone for their kind words &amp; suppo‚Ä¶ https://t.co/jK8fz79S7f","http://web.archive.org/*/https://twitter.com/FLOTUS/status/857356039708180480"
"Emotional moment @ National Teacher of the Year Award @WhiteHouse
Congratulations to all wonderful teachers! https://t.co/THm2lD6oiU","http://web.archive.org/*/http://twitter.com/FLOTUS/status/857356899502706688"
"Emotional moment @ National Teacher of the Year Award @WhiteHouse
Congratulations to all wonderful teachers! https://t.co/THm2lD6oiU","http://web.archive.org/*/https://twitter.com/FLOTUS/status/857356899502706688"
".@POTUS and I hosted President Macri &amp; First Lady of Argentina @WhiteHouse today to further the partnership between‚Ä¶ https://t.co/UUOngGSaKH","http://web.archive.org/*/http://twitter.com/FLOTUS/status/857676935966720002"
".@POTUS and I hosted President Macri &amp; First Lady of Argentina @WhiteHouse today to further the partnership between‚Ä¶ https://t.co/UUOngGSaKH","http://web.archive.org/*/https://twitter.com/FLOTUS/status/857676935966720002"
"Wonderful opening ceremony today for the new Healing Garden @childrenshealth. It will play vital role in recovery o‚Ä¶ https://t.co/oZpjtsVVgC","http://web.archive.org/*/http://twitter.com/FLOTUS/status/858057861951369216"
"Wonderful opening ceremony today for the new Healing Garden @childrenshealth. It will play vital role in recovery o‚Ä¶ https://t.co/oZpjtsVVgC","http://web.archive.org/*/https://twitter.com/FLOTUS/status/858057861951369216"
"Enjoyed spending time with Congressional spouses at today's annual luncheon. I look forward to working with such an‚Ä¶ https://t.co/CF46TpUXZa","http://web.archive.org/*/http://twitter.com/FLOTUS/status/860238462808707072"
"Enjoyed spending time with Congressional spouses at today's annual luncheon. I look forward to working with such an‚Ä¶ https://t.co/CF46TpUXZa","http://web.archive.org/*/https://twitter.com/FLOTUS/status/860238462808707072"
".@Potus and I celebrated 75th anniversary of Battle of the Coral Sea w/ Australia's Prime Minister Turnbull https://t.co/w0WyYfDP46","http://web.archive.org/*/http://twitter.com/FLOTUS/status/860346504862683137"
".@Potus and I celebrated 75th anniversary of Battle of the Coral Sea w/ Australia's Prime Minister Turnbull https://t.co/w0WyYfDP46","http://web.archive.org/*/https://twitter.com/FLOTUS/status/860346504862683137"
"Self-guided tours in the @WhiteHouse now include movie theater! This house belongs to the people &amp; everyone deserves to enjoy its history!","http://web.archive.org/*/http://twitter.com/FLOTUS/status/863056800228286464"
"Self-guided tours in the @WhiteHouse now include movie theater! This house belongs to the people &amp; everyone deserves to enjoy its history!","http://web.archive.org/*/https://twitter.com/FLOTUS/status/863056800228286464"
"I enjoyed hosting the mothers of those who serve in the U.S. military.  Thank you to all who sacrifice so much so t‚Ä¶ https://t.co/J2MjUJiVqr","http://web.archive.org/*/http://twitter.com/FLOTUS/status/863150070300119044"
"I enjoyed hosting the mothers of those who serve in the U.S. military.  Thank you to all who sacrifice so much so t‚Ä¶ https://t.co/J2MjUJiVqr","http://web.archive.org/*/https://twitter.com/FLOTUS/status/863150070300119044"
"Happy Mother's Day! https://t.co/y7r4PZiwC5","http://web.archive.org/*/http://twitter.com/FLOTUS/status/863800931959394304"
"Happy Mother's Day! https://t.co/y7r4PZiwC5","http://web.archive.org/*/https://twitter.com/FLOTUS/status/863800931959394304"
".@Potus &amp; I are honored to light @WhiteHouse blue tonight, in honor #PeaceOfficersMemorialDay. Thank u to law enfor‚Ä¶ https://t.co/jbUfVtpfqG","http://web.archive.org/*/http://twitter.com/FLOTUS/status/864284362275160064"
".@Potus &amp; I are honored to light @WhiteHouse blue tonight, in honor #PeaceOfficersMemorialDay. Thank u to law enfor‚Ä¶ https://t.co/jbUfVtpfqG","http://web.archive.org/*/https://twitter.com/FLOTUS/status/864284362275160064"
"Thank you for a beautiful welcome to #Riyadh! #SaudiArabia https://t.co/BcrMR0OYSK","http://web.archive.org/*/http://twitter.com/FLOTUS/status/865867884047847424"
"Thank you for a beautiful welcome to #Riyadh! #SaudiArabia https://t.co/BcrMR0OYSK","http://web.archive.org/*/https://twitter.com/FLOTUS/status/865867884047847424"
"Thank U American International School #Riyadh for hosting me today! Giving Intl perspective &amp; education to children‚Ä¶ https://t.co/IQ00QBLakF","http://web.archive.org/*/http://twitter.com/FLOTUS/status/866211467514847232"
"Thank U American International School #Riyadh for hosting me today! Giving Intl perspective &amp; education to children‚Ä¶ https://t.co/IQ00QBLakF","http://web.archive.org/*/https://twitter.com/FLOTUS/status/866211467514847232"
"I had a wonderful time with the students at the American International School #Riyadh today. #SaudiaArabia https://t.co/AVzVV0W9Dm","http://web.archive.org/*/http://twitter.com/FLOTUS/status/866217061055434752"
"I had a wonderful time with the students at the American International School #Riyadh today. #SaudiaArabia https://t.co/AVzVV0W9Dm","http://web.archive.org/*/https://twitter.com/FLOTUS/status/866217061055434752"
"Had the honor of visiting 1st all-women  process service center in #Riyadh, #SaudiArabia. Thanks to @GE_Saudi for t‚Ä¶ https://t.co/1guRsHksrf","http://web.archive.org/*/http://twitter.com/FLOTUS/status/866259177412349952"
"Had the honor of visiting 1st all-women  process service center in #Riyadh, #SaudiArabia. Thanks to @GE_Saudi for t‚Ä¶ https://t.co/1guRsHksrf","http://web.archive.org/*/https://twitter.com/FLOTUS/status/866259177412349952"
"Enjoyed talking to the incredible women working hard @GE_Saudi service center. Great strides being made towards the‚Ä¶ https://t.co/k76pD1JgR5","http://web.archive.org/*/http://twitter.com/FLOTUS/status/866260247979184128"
"Enjoyed talking to the incredible women working hard @GE_Saudi service center. Great strides being made towards the‚Ä¶ https://t.co/k76pD1JgR5","http://web.archive.org/*/https://twitter.com/FLOTUS/status/866260247979184128"
"When the international community comes together with shared ideas around peace &amp; prosperity, amazing things can hap‚Ä¶ https://t.co/g1rnEchgRZ","http://web.archive.org/*/http://twitter.com/FLOTUS/status/866581321308680192"
"When the international community comes together with shared ideas around peace &amp; prosperity, amazing things can hap‚Ä¶ https://t.co/g1rnEchgRZ","http://web.archive.org/*/https://twitter.com/FLOTUS/status/866581321308680192"
"What a wonderful visit to #Riyadh where I met amazing women &amp; children. Thank u to @KingSalman &amp; the people of‚Ä¶ https://t.co/p31rEKKSJL","http://web.archive.org/*/http://twitter.com/FLOTUS/status/866581751606398976"
"What a wonderful visit to #Riyadh where I met amazing women &amp; children. Thank u to @KingSalman &amp; the people of‚Ä¶ https://t.co/p31rEKKSJL","http://web.archive.org/*/https://twitter.com/FLOTUS/status/866581751606398976"
".@PresidentRuvi &amp; Mrs. Nehama Rivkin Thank u for your gracious hospitality at the residence &amp; showing us your lovely gardens. #Israel","http://web.archive.org/*/http://twitter.com/FLOTUS/status/866658723233705984"
".@PresidentRuvi &amp; Mrs. Nehama Rivkin Thank u for your gracious hospitality at the residence &amp; showing us your lovely gardens. #Israel","http://web.archive.org/*/https://twitter.com/FLOTUS/status/866658723233705984"
"Today's visits to The Church of the Holy Sepulchre &amp; Western Wall w my husband @POTUS were very meaningful for me.‚Ä¶ https://t.co/BSAnyqPN7c","http://web.archive.org/*/http://twitter.com/FLOTUS/status/866739245280616449"
"Today's visits to The Church of the Holy Sepulchre &amp; Western Wall w my husband @POTUS were very meaningful for me.‚Ä¶ https://t.co/BSAnyqPN7c","http://web.archive.org/*/https://twitter.com/FLOTUS/status/866739245280616449"
"So enjoyed my visit to the Hadassah Medical Center w/Mrs.Netanyahu. The children had such open hearts, strong spiri‚Ä¶ https://t.co/OE4F5jMmpW","http://web.archive.org/*/http://twitter.com/FLOTUS/status/866740222326919168"
"So enjoyed my visit to the Hadassah Medical Center w/Mrs.Netanyahu. The children had such open hearts, strong spiri‚Ä¶ https://t.co/OE4F5jMmpW","http://web.archive.org/*/https://twitter.com/FLOTUS/status/866740222326919168"
"My thoughts and prayers to the families of #Manchester.","http://web.archive.org/*/http://twitter.com/FLOTUS/status/866915551725187074"
"My thoughts and prayers to the families of #Manchester.","http://web.archive.org/*/https://twitter.com/FLOTUS/status/866915551725187074"
"Thank u @IsraeliPM &amp; Sara Netanyahu for your warm hospitality. Such a beautiful country with rich history &amp; wonderf‚Ä¶ https://t.co/84bW5WEGhV","http://web.archive.org/*/http://twitter.com/FLOTUS/status/867046444066373633"
"Thank u @IsraeliPM &amp; Sara Netanyahu for your warm hospitality. Such a beautiful country with rich history &amp; wonderf‚Ä¶ https://t.co/84bW5WEGhV","http://web.archive.org/*/https://twitter.com/FLOTUS/status/867046444066373633"
"The @Potus &amp; I are looking forward to our visit w His Holiness Pope Francis @Pontifex. This promises to be a personal &amp; very special visit.","http://web.archive.org/*/http://twitter.com/FLOTUS/status/867081187654848512"
"The @Potus &amp; I are looking forward to our visit w His Holiness Pope Francis @Pontifex. This promises to be a personal &amp; very special visit.","http://web.archive.org/*/https://twitter.com/FLOTUS/status/867081187654848512"
"Today's visit with His Holiness Pope Francis @Pontifex is one I'll never forget. I was humbled by the honor. Blessi‚Ä¶ https://t.co/3LjFUu2MJn","http://web.archive.org/*/http://twitter.com/FLOTUS/status/867437105290596352"
"Today's visit with His Holiness Pope Francis @Pontifex is one I'll never forget. I was humbled by the honor. Blessi‚Ä¶ https://t.co/3LjFUu2MJn","http://web.archive.org/*/https://twitter.com/FLOTUS/status/867437105290596352"
"Thank you @bambinogesu for the heroic work you do. I ask that everyone keep these amazing children in your thoughts‚Ä¶ https://t.co/PmwMyLZZ8e","http://web.archive.org/*/http://twitter.com/FLOTUS/status/867437912442503169"
"Thank you @bambinogesu for the heroic work you do. I ask that everyone keep these amazing children in your thoughts‚Ä¶ https://t.co/PmwMyLZZ8e","http://web.archive.org/*/https://twitter.com/FLOTUS/status/867437912442503169"
"Wonderful news after I visited @bambinogesu in Rome! ...","http://web.archive.org/*/http://twitter.com/FLOTUS/status/867480853529677824"
"Wonderful news after I visited @bambinogesu in Rome! ...","http://web.archive.org/*/https://twitter.com/FLOTUS/status/867480853529677824"
"A little boy who I visited today &amp; had been waiting for a heart transplant will be receiving one! #Blessings #Faith https://t.co/DZU3ojxXVC","http://web.archive.org/*/http://twitter.com/FLOTUS/status/867481059784626177"
"A little boy who I visited today &amp; had been waiting for a heart transplant will be receiving one! #Blessings #Faith https://t.co/DZU3ojxXVC","http://web.archive.org/*/https://twitter.com/FLOTUS/status/867481059784626177"
"Thank u to Queen Fabiola University Hospital! Enjoyed creating paper flowers with amazing patients &amp; getting a tour‚Ä¶ https://t.co/oxzKvR3dOy","http://web.archive.org/*/http://twitter.com/FLOTUS/status/867726504175783936"
"Thank u to Queen Fabiola University Hospital! Enjoyed creating paper flowers with amazing patients &amp; getting a tour‚Ä¶ https://t.co/oxzKvR3dOy","http://web.archive.org/*/https://twitter.com/FLOTUS/status/867726504175783936"
"Thank you @ChildFocusNL &amp; Queen Mathilde for the presentation yesterday. Let's all work together to combat child exploitation! #Belgium","http://web.archive.org/*/http://twitter.com/FLOTUS/status/867830662253957120"
"Thank you @ChildFocusNL &amp; Queen Mathilde for the presentation yesterday. Let's all work together to combat child exploitation! #Belgium","http://web.archive.org/*/https://twitter.com/FLOTUS/status/867830662253957120"
"Wonderful tour of the @museummagrutte @fineartsbelgium as part of the official @NATO spouses program! #Brussels #Belgium","http://web.archive.org/*/http://twitter.com/FLOTUS/status/867886416382046208"
"Wonderful tour of the @museummagrutte @fineartsbelgium as part of the official @NATO spouses program! #Brussels #Belgium","http://web.archive.org/*/https://twitter.com/FLOTUS/status/867886416382046208"
".@POTUS &amp; I were happy to greet the families of those who work at the #American embassy in #Brussels. Thank u for your work on behalf USA!","http://web.archive.org/*/http://twitter.com/FLOTUS/status/867886933686484993"
".@POTUS &amp; I were happy to greet the families of those who work at the #American embassy in #Brussels. Thank u for your work on behalf USA!","http://web.archive.org/*/https://twitter.com/FLOTUS/status/867886933686484993"
"On my way to a lunch &amp; mtgs as part of #G7. Taormina ‚û°Ô∏è Catania #Italy https://t.co/xMJAcsZXgx","http://web.archive.org/*/http://twitter.com/FLOTUS/status/868100485697482752"
"On my way to a lunch &amp; mtgs as part of #G7. Taormina ‚û°Ô∏è Catania #Italy https://t.co/xMJAcsZXgx","http://web.archive.org/*/https://twitter.com/FLOTUS/status/868100485697482752"
"Thank you Mrs. Gentiloni &amp; Mayor Bianco for hosting me at Chierici Palace today. #Catania #G7 #Italy","http://web.archive.org/*/http://twitter.com/FLOTUS/status/868124858890301440"
"Thank you Mrs. Gentiloni &amp; Mayor Bianco for hosting me at Chierici Palace today. #Catania #G7 #Italy","http://web.archive.org/*/https://twitter.com/FLOTUS/status/868124858890301440"
"Thank you to the @usarmy 1-214th Aviation Regiment for getting me &amp; my staff to our mtgs safely! #G7 #Catania #Italy https://t.co/UtfjAKFBtC","http://web.archive.org/*/http://twitter.com/FLOTUS/status/868126917890912257"
"Thank you to the @usarmy 1-214th Aviation Regiment for getting me &amp; my staff to our mtgs safely! #G7 #Catania #Italy https://t.co/UtfjAKFBtC","http://web.archive.org/*/https://twitter.com/FLOTUS/status/868126917890912257"
"Gorgeous evening #G7Taormina #Italy #Potus&amp;Flotus https://t.co/vpDLHFFPB8","http://web.archive.org/*/http://twitter.com/FLOTUS/status/868208426538676224"
"Gorgeous evening #G7Taormina #Italy #Potus&amp;Flotus https://t.co/vpDLHFFPB8","http://web.archive.org/*/https://twitter.com/FLOTUS/status/868208426538676224"
"It has been an incredible trip, and great strides have been made. #G7Taormina #Italy https://t.co/9V6nkdtVF2","http://web.archive.org/*/http://twitter.com/FLOTUS/status/868506078195195904"
"It has been an incredible trip, and great strides have been made. #G7Taormina #Italy https://t.co/9V6nkdtVF2","http://web.archive.org/*/https://twitter.com/FLOTUS/status/868506078195195904"
".@Potus &amp; I are heading home after a very successful first International trip. Thank you to all of the host nations‚Ä¶ https://t.co/rlcBn8HaSK","http://web.archive.org/*/http://twitter.com/FLOTUS/status/868518832847167488"
".@Potus &amp; I are heading home after a very successful first International trip. Thank you to all of the host nations‚Ä¶ https://t.co/rlcBn8HaSK","http://web.archive.org/*/https://twitter.com/FLOTUS/status/868518832847167488"
"Today let's take time to remember those who have died so we may be free, and thank the brave men &amp; women who serve our country. #MemorialDay","http://web.archive.org/*/http://twitter.com/FLOTUS/status/869184054213607424"
"Today let's take time to remember those who have died so we may be free, and thank the brave men &amp; women who serve our country. #MemorialDay","http://web.archive.org/*/https://twitter.com/FLOTUS/status/869184054213607424"
"My thoughts &amp; prayers go out to the people in #Manila, #Philippines","http://web.archive.org/*/http://twitter.com/FLOTUS/status/870367677537284096"
"My thoughts &amp; prayers go out to the people in #Manila, #Philippines","http://web.archive.org/*/https://twitter.com/FLOTUS/status/870367677537284096"
"RT @realDonaldTrump: Whatever the United States can do to help out in London and the U. K., we will be there - WE ARE WITH YOU. GOD BLESS!","http://web.archive.org/*/http://twitter.com/FLOTUS/status/871148359939239937"
"RT @realDonaldTrump: Whatever the United States can do to help out in London and the U. K., we will be there - WE ARE WITH YOU. GOD BLESS!","http://web.archive.org/*/https://twitter.com/FLOTUS/status/871148359939239937"
".@POTUS &amp; I enjoyed hosting pre-gala reception at @WhiteHouse in honor of @Fordstheatre.","http://web.archive.org/*/http://twitter.com/FLOTUS/status/871496808819826688"
".@POTUS &amp; I enjoyed hosting pre-gala reception at @WhiteHouse in honor of @Fordstheatre.","http://web.archive.org/*/https://twitter.com/FLOTUS/status/871496808819826688"
"Thank you to everyone at @fordstheatre for tonight's performances!  @POTUS and I enjoyed the evening very much.","http://web.archive.org/*/http://twitter.com/FLOTUS/status/871532708324880384"
"Thank you to everyone at @fordstheatre for tonight's performances!  @POTUS and I enjoyed the evening very much.","http://web.archive.org/*/https://twitter.com/FLOTUS/status/871532708324880384"
".Potus &amp; I paid personal tribute to #GoldStarFamilies tonight @WhiteHouse. Thank U to all the brave men&amp;women who have fought 4 our freedom!","http://web.archive.org/*/http://twitter.com/FLOTUS/status/871907507308040193"
".Potus &amp; I paid personal tribute to #GoldStarFamilies tonight @WhiteHouse. Thank U to all the brave men&amp;women who have fought 4 our freedom!","http://web.archive.org/*/https://twitter.com/FLOTUS/status/871907507308040193"
"Looking forward to the memories we'll make in our new home! #Movingday https://t.co/R5DtdV1Hnv","http://web.archive.org/*/http://twitter.com/FLOTUS/status/874061401995608065"
"Looking forward to the memories we'll make in our new home! #Movingday https://t.co/R5DtdV1Hnv","http://web.archive.org/*/https://twitter.com/FLOTUS/status/874061401995608065"
"Thank you to the first responders who rushed in to help protect those who were hurt in Alexandria, VA. My thoughts &amp; prayers to everyone!","http://web.archive.org/*/http://twitter.com/FLOTUS/status/874981682952142848"
"Thank you to the first responders who rushed in to help protect those who were hurt in Alexandria, VA. My thoughts &amp; prayers to everyone!","http://web.archive.org/*/https://twitter.com/FLOTUS/status/874981682952142848"
"‚ù§Ô∏è‚ù§Ô∏è‚ù§Ô∏èüá∫üá∏ https://t.co/TKGtMA4YnN","http://web.archive.org/*/http://twitter.com/FLOTUS/status/875176478568312832"
"‚ù§Ô∏è‚ù§Ô∏è‚ù§Ô∏èüá∫üá∏ https://t.co/TKGtMA4YnN","http://web.archive.org/*/https://twitter.com/FLOTUS/status/875176478568312832"
"Congratulations to Justice Neil Gorsuch on today's official investiture ceremony! It was an honor to witness unforgettable moment!","http://web.archive.org/*/http://twitter.com/FLOTUS/status/875461456669663232"
"Congratulations to Justice Neil Gorsuch on today's official investiture ceremony! It was an honor to witness unforgettable moment!","http://web.archive.org/*/https://twitter.com/FLOTUS/status/875461456669663232"
"Barron, @Potus and I enjoying beautiful Camp David! #family #sport #weekend https://t.co/K20G8YpkKm","http://web.archive.org/*/http://twitter.com/FLOTUS/status/876228043601268736"
"Barron, @Potus and I enjoying beautiful Camp David! #family #sport #weekend https://t.co/K20G8YpkKm","http://web.archive.org/*/https://twitter.com/FLOTUS/status/876228043601268736"
"#HappyFathersDay @POTUS ‚ù§Ô∏è","http://web.archive.org/*/http://twitter.com/FLOTUS/status/876490216739090432"
"#HappyFathersDay @POTUS ‚ù§Ô∏è","http://web.archive.org/*/https://twitter.com/FLOTUS/status/876490216739090432"
"Enjoyed hosting Mrs. Varela of Panama @WhiteHouse for lunch today. I look forward to working alongside her in the f‚Ä¶ https://t.co/1hXojhnb2v","http://web.archive.org/*/http://twitter.com/FLOTUS/status/876904360176910336"
"Enjoyed hosting Mrs. Varela of Panama @WhiteHouse for lunch today. I look forward to working alongside her in the f‚Ä¶ https://t.co/1hXojhnb2v","http://web.archive.org/*/https://twitter.com/FLOTUS/status/876904360176910336"
"Congrats @usedgov 2017 Presidential Scholars Program students!!  An honor to speak w some of our nation's most dist‚Ä¶ https://t.co/v9EHDYZU7V","http://web.archive.org/*/http://twitter.com/FLOTUS/status/876914365798199296"
"Congrats @usedgov 2017 Presidential Scholars Program students!!  An honor to speak w some of our nation's most dist‚Ä¶ https://t.co/v9EHDYZU7V","http://web.archive.org/*/https://twitter.com/FLOTUS/status/876914365798199296"
"Looking forward to this evening's Congressional ""Picnic in the Park"" @Whitehouse ! https://t.co/7gpFxT1Oj8","http://web.archive.org/*/http://twitter.com/FLOTUS/status/877969444374327296"
"Looking forward to this evening's Congressional ""Picnic in the Park"" @Whitehouse ! https://t.co/7gpFxT1Oj8","http://web.archive.org/*/https://twitter.com/FLOTUS/status/877969444374327296"
"Welcome to the @WhiteHouse Prime Minister Modi! https://t.co/JEAgtlUQcw","http://web.archive.org/*/http://twitter.com/FLOTUS/status/879440512234770432"
"Welcome to the @WhiteHouse Prime Minister Modi! https://t.co/JEAgtlUQcw","http://web.archive.org/*/https://twitter.com/FLOTUS/status/879440512234770432"
"Happy belated 3rd bday (yesterday) sweet Monty!  Thank you for visiting us at @WhiteHouse today! https://t.co/ZnENYjB7zE","http://web.archive.org/*/http://twitter.com/FLOTUS/status/879506255852777472"
"Happy belated 3rd bday (yesterday) sweet Monty!  Thank you for visiting us at @WhiteHouse today! https://t.co/ZnENYjB7zE","http://web.archive.org/*/https://twitter.com/FLOTUS/status/879506255852777472"
".@potus &amp; I had lovely evening hosting President Moon, his wife &amp; delegation for working dinner @WhiteHouse https://t.co/NmFJagVfxq","http://web.archive.org/*/http://twitter.com/FLOTUS/status/880583549652529152"
".@potus &amp; I had lovely evening hosting President Moon, his wife &amp; delegation for working dinner @WhiteHouse https://t.co/NmFJagVfxq","http://web.archive.org/*/https://twitter.com/FLOTUS/status/880583549652529152"
"#HappyIndependenceDay üá∫üá∏
We are the land of the free because of the brave. Thank you to the heroes who serve!","http://web.archive.org/*/http://twitter.com/FLOTUS/status/882228697339711489"
"#HappyIndependenceDay üá∫üá∏
We are the land of the free because of the brave. Thank you to the heroes who serve!","http://web.archive.org/*/https://twitter.com/FLOTUS/status/882228697339711489"
".@POTUS &amp; I were honored to host members of military &amp; families for a picnic at the @whitehouse this evening.‚Ä¶ https://t.co/sLLDx5paaF","http://web.archive.org/*/http://twitter.com/FLOTUS/status/882387288130560001"
".@POTUS &amp; I were honored to host members of military &amp; families for a picnic at the @whitehouse this evening.‚Ä¶ https://t.co/sLLDx5paaF","http://web.archive.org/*/https://twitter.com/FLOTUS/status/882387288130560001"
"Thank you to the @USNavy Country Current &amp; @USArmy Down Range bands for performing at tonight's picnic to honor the‚Ä¶ https://t.co/MPskSaTGYh","http://web.archive.org/*/http://twitter.com/FLOTUS/status/882389444304785408"
"Thank you to the @USNavy Country Current &amp; @USArmy Down Range bands for performing at tonight's picnic to honor the‚Ä¶ https://t.co/MPskSaTGYh","http://web.archive.org/*/https://twitter.com/FLOTUS/status/882389444304785408"
"Thank you Copernicus Science Center for the lovely tour. The children were brilliant &amp; kind! I enjoyed it very much‚Ä¶ https://t.co/C8xUgkr9Zb","http://web.archive.org/*/http://twitter.com/FLOTUS/status/883010897970679809"
"Thank you Copernicus Science Center for the lovely tour. The children were brilliant &amp; kind! I enjoyed it very much‚Ä¶ https://t.co/C8xUgkr9Zb","http://web.archive.org/*/https://twitter.com/FLOTUS/status/883010897970679809"
"Thank you for a warm welcome President Duda &amp; Mrs.Duda. Poland is a wonderful country with great spirit &amp; people!‚Ä¶ https://t.co/1QbYcPWYp5","http://web.archive.org/*/http://twitter.com/FLOTUS/status/883016121791721472"
"Thank you for a warm welcome President Duda &amp; Mrs.Duda. Poland is a wonderful country with great spirit &amp; people!‚Ä¶ https://t.co/1QbYcPWYp5","http://web.archive.org/*/https://twitter.com/FLOTUS/status/883016121791721472"
"Thinking of those hurt in #Hamburg protests. Hope everyone stay safe! #G20","http://web.archive.org/*/http://twitter.com/FLOTUS/status/883279291311685633"
"Thinking of those hurt in #Hamburg protests. Hope everyone stay safe! #G20","http://web.archive.org/*/https://twitter.com/FLOTUS/status/883279291311685633"
"My husband @potus &amp; I enjoyed a lovely evening w many great leaders. When countries work together, everyone prosper‚Ä¶ https://t.co/IYZiPiJSKC","http://web.archive.org/*/http://twitter.com/FLOTUS/status/883587516821123072"
"My husband @potus &amp; I enjoyed a lovely evening w many great leaders. When countries work together, everyone prosper‚Ä¶ https://t.co/IYZiPiJSKC","http://web.archive.org/*/https://twitter.com/FLOTUS/status/883587516821123072"
".@potus &amp; I enjoyed our visits to #Warsaw &amp; #Hamburg. A lot of work was accomplished, friendships made. Headed home‚Ä¶ https://t.co/kZjSmU4oz8","http://web.archive.org/*/http://twitter.com/FLOTUS/status/883729895335100417"
".@potus &amp; I enjoyed our visits to #Warsaw &amp; #Hamburg. A lot of work was accomplished, friendships made. Headed home‚Ä¶ https://t.co/kZjSmU4oz8","http://web.archive.org/*/https://twitter.com/FLOTUS/status/883729895335100417"
"My deepest sympathy to all of the military families who lost their loved ones in the Mississippi plane crash. Thoughts &amp; prayers for all.","http://web.archive.org/*/http://twitter.com/FLOTUS/status/884769434279301121"
"My deepest sympathy to all of the military families who lost their loved ones in the Mississippi plane crash. Thoughts &amp; prayers for all.","http://web.archive.org/*/https://twitter.com/FLOTUS/status/884769434279301121"
"Thank U @hospital_necker for allowing me to visit your wonderful patients &amp; inspirational staff. Continued prayers‚Ä¶ https://t.co/fe4rMft1u7","http://web.archive.org/*/http://twitter.com/FLOTUS/status/885454744768176130"
"Thank U @hospital_necker for allowing me to visit your wonderful patients &amp; inspirational staff. Continued prayers‚Ä¶ https://t.co/fe4rMft1u7","http://web.archive.org/*/https://twitter.com/FLOTUS/status/885454744768176130"
"What a beautiful &amp; special visit to Notre-Dame Cathedral with First Lady Brigitte Macron. Blessings to all. https://t.co/Wa8YGxQecm","http://web.archive.org/*/http://twitter.com/FLOTUS/status/885621474589114368"
"What a beautiful &amp; special visit to Notre-Dame Cathedral with First Lady Brigitte Macron. Blessings to all. https://t.co/Wa8YGxQecm","http://web.archive.org/*/https://twitter.com/FLOTUS/status/885621474589114368"
"Enjoyed my tour of #Paris on the Seine this afternoon. Thank you to Mrs. Macron for being such a gracious hostess. https://t.co/uzbR2dREww","http://web.archive.org/*/http://twitter.com/FLOTUS/status/885622515514650629"
"Enjoyed my tour of #Paris on the Seine this afternoon. Thank you to Mrs. Macron for being such a gracious hostess. https://t.co/uzbR2dREww","http://web.archive.org/*/https://twitter.com/FLOTUS/status/885622515514650629"
"Thank you @EmmanuelMacron &amp; people of Paris for your kind hospitality - @potus &amp; I enjoyed our visit.‚Ä¶ https://t.co/CQJ7IDTewW","http://web.archive.org/*/http://twitter.com/FLOTUS/status/885892766928166912"
"Thank you @EmmanuelMacron &amp; people of Paris for your kind hospitality - @potus &amp; I enjoyed our visit.‚Ä¶ https://t.co/CQJ7IDTewW","http://web.archive.org/*/https://twitter.com/FLOTUS/status/885892766928166912"
"Thank you #Ohio! Great mtg American heroes at AMVETS Post 44 event &amp; thanks to all who came out to support @POTUS a‚Ä¶ https://t.co/QeF3FhYbit","http://web.archive.org/*/http://twitter.com/FLOTUS/status/890047913161879553"
"Thank you #Ohio! Great mtg American heroes at AMVETS Post 44 event &amp; thanks to all who came out to support @POTUS a‚Ä¶ https://t.co/QeF3FhYbit","http://web.archive.org/*/https://twitter.com/FLOTUS/status/890047913161879553"
"Honored to lead US delegation to this year's 2017 Invictus Games in #Toronto #Canada @WeAreInvictus https://t.co/6y4j2CvVVS","http://web.archive.org/*/http://twitter.com/FLOTUS/status/890559685597831168"
"Honored to lead US delegation to this year's 2017 Invictus Games in #Toronto #Canada @WeAreInvictus https://t.co/6y4j2CvVVS","http://web.archive.org/*/https://twitter.com/FLOTUS/status/890559685597831168"
"Thank you to all of our East wing interns for their dedication! The future is bright with these hard workers! https://t.co/teScGK8xUe","http://web.archive.org/*/http://twitter.com/FLOTUS/status/892076805674455042"
"Thank you to all of our East wing interns for their dedication! The future is bright with these hard workers! https://t.co/teScGK8xUe","http://web.archive.org/*/https://twitter.com/FLOTUS/status/892076805674455042"
"Opioids are destroying our youth/people. Mtg w @Potus &amp; @SecPriceMD today to give my support to #STOPDRUGADDICTION https://t.co/aAjNNnu98n","http://web.archive.org/*/http://twitter.com/FLOTUS/status/894913813597782018"
"Opioids are destroying our youth/people. Mtg w @Potus &amp; @SecPriceMD today to give my support to #STOPDRUGADDICTION https://t.co/aAjNNnu98n","http://web.archive.org/*/https://twitter.com/FLOTUS/status/894913813597782018"
"Our country encourages freedom of speech, but let's communicate w/o hate in our hearts. No good comes from violence. #Charlottesville","http://web.archive.org/*/http://twitter.com/FLOTUS/status/896409989568507906"
"Our country encourages freedom of speech, but let's communicate w/o hate in our hearts. No good comes from violence. #Charlottesville","http://web.archive.org/*/https://twitter.com/FLOTUS/status/896409989568507906"
"Thoughts and prayers to #Barcelona","http://web.archive.org/*/http://twitter.com/FLOTUS/status/898225742756159489"
"Thoughts and prayers to #Barcelona","http://web.archive.org/*/https://twitter.com/FLOTUS/status/898225742756159489"
"RT @realDonaldTrump: Thoughts &amp; prayers are w/ our @USNavy sailors aboard the #USSJohnSMcCain where search &amp; rescue efforts are underway. h‚Ä¶","http://web.archive.org/*/http://twitter.com/FLOTUS/status/899474073645920256"
"RT @realDonaldTrump: Thoughts &amp; prayers are w/ our @USNavy sailors aboard the #USSJohnSMcCain where search &amp; rescue efforts are underway. h‚Ä¶","http://web.archive.org/*/https://twitter.com/FLOTUS/status/899474073645920256"
"Exciting to watch the total eclipse with @potus today! #Eclipse2017 üòé https://t.co/85Y8R4yJU7","http://web.archive.org/*/http://twitter.com/FLOTUS/status/899714364550328320"
"Exciting to watch the total eclipse with @potus today! #Eclipse2017 üòé https://t.co/85Y8R4yJU7","http://web.archive.org/*/https://twitter.com/FLOTUS/status/899714364550328320"
"RT @realDonaldTrump: We pray for our fallen heroes who died while serving our country in the @USNavy aboard the  #USSJohnSMcCain, and their‚Ä¶","http://web.archive.org/*/http://twitter.com/FLOTUS/status/900076725744304128"
"RT @realDonaldTrump: We pray for our fallen heroes who died while serving our country in the @USNavy aboard the  #USSJohnSMcCain, and their‚Ä¶","http://web.archive.org/*/https://twitter.com/FLOTUS/status/900076725744304128"
"Thank you @ChelseaClinton - so  important to support all of our children in being themselves!‚Ä¶ https://t.co/tnyfK1unwp","http://web.archive.org/*/http://twitter.com/FLOTUS/status/900190933274308608"
"Thank you @ChelseaClinton - so  important to support all of our children in being themselves!‚Ä¶ https://t.co/tnyfK1unwp","http://web.archive.org/*/https://twitter.com/FLOTUS/status/900190933274308608"
"For those living near the path of #HurricaneHarvey stay safe! Thoughts &amp; prayers of an entire country are with you.","http://web.archive.org/*/http://twitter.com/FLOTUS/status/901076170413936640"
"For those living near the path of #HurricaneHarvey stay safe! Thoughts &amp; prayers of an entire country are with you.","http://web.archive.org/*/https://twitter.com/FLOTUS/status/901076170413936640"
"RT @RedCross: #RedCross is providing shelter, meals &amp; comfort to people impacted by #Harvey. To find a location: https://t.co/sizEp51qtg or‚Ä¶","http://web.archive.org/*/http://twitter.com/FLOTUS/status/902285345546539009"
"RT @RedCross: #RedCross is providing shelter, meals &amp; comfort to people impacted by #Harvey. To find a location: https://t.co/sizEp51qtg or‚Ä¶","http://web.archive.org/*/https://twitter.com/FLOTUS/status/902285345546539009"
"I will travel with @POTUS tomorrow to lend my support to the people of #Texas. We are with you!","http://web.archive.org/*/http://twitter.com/FLOTUS/status/902285628280360961"
"I will travel with @POTUS tomorrow to lend my support to the people of #Texas. We are with you!","http://web.archive.org/*/https://twitter.com/FLOTUS/status/902285628280360961"
"Thank you @GovAbbott @fema @uscoastguard @RedCross &amp; local officials for the briefing today on #HurricaneHarvey. We‚Ä¶ https://t.co/ZrAFfvaTzJ","http://web.archive.org/*/http://twitter.com/FLOTUS/status/902658296410247178"
"Thank you @GovAbbott @fema @uscoastguard @RedCross &amp; local officials for the briefing today on #HurricaneHarvey. We‚Ä¶ https://t.co/ZrAFfvaTzJ","http://web.archive.org/*/https://twitter.com/FLOTUS/status/902658296410247178"
"Thank you @RedCross, @FEMA, 1st responders &amp; private citizens for helping people on the ground after devastation left by #HurricaneHarvey","http://web.archive.org/*/http://twitter.com/FLOTUS/status/902982980368568321"
"Thank you @RedCross, @FEMA, 1st responders &amp; private citizens for helping people on the ground after devastation left by #HurricaneHarvey","http://web.archive.org/*/https://twitter.com/FLOTUS/status/902982980368568321"
"Recovery efforts in #Texas will be long term. If you were affected by #Harvey, apply for help &amp; resources at   https://t.co/V6WEmbQ356","http://web.archive.org/*/http://twitter.com/FLOTUS/status/902995436688068609"
"Recovery efforts in #Texas will be long term. If you were affected by #Harvey, apply for help &amp; resources at   https://t.co/V6WEmbQ356","http://web.archive.org/*/https://twitter.com/FLOTUS/status/902995436688068609"
"Sept. is Nat'l Alcohol&amp;Drug Addiction Recovery Month. Together we can strengthen families&amp;communities &amp; beat addiction. Call: 800-662-HELP","http://web.archive.org/*/http://twitter.com/FLOTUS/status/903623440434900992"
"Sept. is Nat'l Alcohol&amp;Drug Addiction Recovery Month. Together we can strengthen families&amp;communities &amp; beat addiction. Call: 800-662-HELP","http://web.archive.org/*/https://twitter.com/FLOTUS/status/903623440434900992"
"I met w @RedCross @SalvationArmyUS &amp; Southern BaptistDisasterRelief to thank them for efforts during‚Ä¶ https://t.co/Z3gauLigvp","http://web.archive.org/*/http://twitter.com/FLOTUS/status/903734339535503365"
"I met w @RedCross @SalvationArmyUS &amp; Southern BaptistDisasterRelief to thank them for efforts during‚Ä¶ https://t.co/Z3gauLigvp","http://web.archive.org/*/https://twitter.com/FLOTUS/status/903734339535503365"
"RT @realDonaldTrump: Departing for Texas and Louisiana with @FLOTUS Melania right now @JBA_NAFW. We will see you soon. America is with you!‚Ä¶","http://web.archive.org/*/http://twitter.com/FLOTUS/status/903987322349395969"
"RT @realDonaldTrump: Departing for Texas and Louisiana with @FLOTUS Melania right now @JBA_NAFW. We will see you soon. America is with you!‚Ä¶","http://web.archive.org/*/https://twitter.com/FLOTUS/status/903987322349395969"
"Spent today with the wonderful families helping each other after #HurricaneHarvey #Texas https://t.co/ia9696reLd","http://web.archive.org/*/http://twitter.com/FLOTUS/status/904116256881696769"
"Spent today with the wonderful families helping each other after #HurricaneHarvey #Texas https://t.co/ia9696reLd","http://web.archive.org/*/https://twitter.com/FLOTUS/status/904116256881696769"
"Beautiful service today at St. John's. @potus and I wishing you many blessings on this National Day of Prayer.","http://web.archive.org/*/http://twitter.com/FLOTUS/status/904406523748765697"
"Beautiful service today at St. John's. @potus and I wishing you many blessings on this National Day of Prayer.","http://web.archive.org/*/https://twitter.com/FLOTUS/status/904406523748765697"
"On this #LaborDay2017 we honor American workers for their many contributions to the prosperity of these United States. üá∫üá∏","http://web.archive.org/*/http://twitter.com/FLOTUS/status/904768133583527941"
"On this #LaborDay2017 we honor American workers for their many contributions to the prosperity of these United States. üá∫üá∏","http://web.archive.org/*/https://twitter.com/FLOTUS/status/904768133583527941"
"On National #ReadABookDay I encourage everyone to read a book. Let every page educate you &amp; take you on an exciting journey!","http://web.archive.org/*/http://twitter.com/FLOTUS/status/905451647140323329"
"On National #ReadABookDay I encourage everyone to read a book. Let every page educate you &amp; take you on an exciting journey!","http://web.archive.org/*/https://twitter.com/FLOTUS/status/905451647140323329"
"#ReadABookDay https://t.co/wBAzbEcUDb","http://web.archive.org/*/http://twitter.com/FLOTUS/status/905545251267502081"
"#ReadABookDay https://t.co/wBAzbEcUDb","http://web.archive.org/*/https://twitter.com/FLOTUS/status/905545251267502081"
"RT @realDonaldTrump: I encourage EVERYONE in the path of #HurricaneIrma to heed the advice and orders of local &amp; state officials! https://t‚Ä¶","http://web.archive.org/*/http://twitter.com/FLOTUS/status/905964963277230081"
"RT @realDonaldTrump: I encourage EVERYONE in the path of #HurricaneIrma to heed the advice and orders of local &amp; state officials! https://t‚Ä¶","http://web.archive.org/*/https://twitter.com/FLOTUS/status/905964963277230081"
"If you are in or near projected path of #HurricaneIrma please listen to local law enforcement in the area. Stay safe!!!","http://web.archive.org/*/http://twitter.com/FLOTUS/status/906181656935063558"
"If you are in or near projected path of #HurricaneIrma please listen to local law enforcement in the area. Stay safe!!!","http://web.archive.org/*/https://twitter.com/FLOTUS/status/906181656935063558"
"Look fwd to hosting members of the cabinet &amp; their spouses at #CampDavid this weekend. Much work to be done as we monitor #Hurricane Irma.","http://web.archive.org/*/http://twitter.com/FLOTUS/status/906193260141568000"
"Look fwd to hosting members of the cabinet &amp; their spouses at #CampDavid this weekend. Much work to be done as we monitor #Hurricane Irma.","http://web.archive.org/*/https://twitter.com/FLOTUS/status/906193260141568000"
"Today's video conference #HurricaneIrma briefing by @Fema at Camp David.  
Thank you to 1st responders! Stay safe! https://t.co/jLF6vSvgDO","http://web.archive.org/*/http://twitter.com/FLOTUS/status/906932680578752512"
"Today's video conference #HurricaneIrma briefing by @Fema at Camp David.  
Thank you to 1st responders! Stay safe! https://t.co/jLF6vSvgDO","http://web.archive.org/*/https://twitter.com/FLOTUS/status/906932680578752512"
"Remembering September 11, 2001 #NeverForget https://t.co/5mrRa23054","http://web.archive.org/*/http://twitter.com/FLOTUS/status/907261593796390912"
"Remembering September 11, 2001 #NeverForget https://t.co/5mrRa23054","http://web.archive.org/*/https://twitter.com/FLOTUS/status/907261593796390912"
"My concern continues for all impacted by the hurricanes.Will fly to #Florida on Thursday w @potus to survey the damages from #HurricaneIrma.","http://web.archive.org/*/http://twitter.com/FLOTUS/status/907682219677900800"
"My concern continues for all impacted by the hurricanes.Will fly to #Florida on Thursday w @potus to survey the damages from #HurricaneIrma.","http://web.archive.org/*/https://twitter.com/FLOTUS/status/907682219677900800"
"Taking off to #Florida w/ @Potus to meet with @FEMA and people affected by #HurricaneIrma. https://t.co/qvdm4jIRSC","http://web.archive.org/*/http://twitter.com/FLOTUS/status/908307102346743808"
"Taking off to #Florida w/ @Potus to meet with @FEMA and people affected by #HurricaneIrma. https://t.co/qvdm4jIRSC","http://web.archive.org/*/https://twitter.com/FLOTUS/status/908307102346743808"
"Before touching down in Naples, air tour of hurricane damage. There is much work to be done, but America is with yo‚Ä¶ https://t.co/AkwmjP9zpr","http://web.archive.org/*/http://twitter.com/FLOTUS/status/908376027256193024"
"Before touching down in Naples, air tour of hurricane damage. There is much work to be done, but America is with yo‚Ä¶ https://t.co/AkwmjP9zpr","http://web.archive.org/*/https://twitter.com/FLOTUS/status/908376027256193024"
"Thank you @WhiteHouseHstry for all you do to help preserve the people's house. @potus &amp; I are honored to call @whitehouse home.","http://web.archive.org/*/http://twitter.com/FLOTUS/status/908535320286830592"
"Thank you @WhiteHouseHstry for all you do to help preserve the people's house. @potus &amp; I are honored to call @whitehouse home.","http://web.archive.org/*/https://twitter.com/FLOTUS/status/908535320286830592"
"We are with you #Florida! https://t.co/S8ugpOjq6f","http://web.archive.org/*/http://twitter.com/FLOTUS/status/908748711303553024"
"We are with you #Florida! https://t.co/S8ugpOjq6f","http://web.archive.org/*/https://twitter.com/FLOTUS/status/908748711303553024"
"Thank you @JBA_NAFW for allowing me to spend time w the kids at your youth center! Fun &amp; smart kids w very good que‚Ä¶ https://t.co/R1qGdKZVAw","http://web.archive.org/*/http://twitter.com/FLOTUS/status/908828741484281856"
"Thank you @JBA_NAFW for allowing me to spend time w the kids at your youth center! Fun &amp; smart kids w very good que‚Ä¶ https://t.co/R1qGdKZVAw","http://web.archive.org/*/https://twitter.com/FLOTUS/status/908828741484281856"
"It was an honor to host dinner for @whitehousehstry https://t.co/nSGPxYuGfA","http://web.archive.org/*/http://twitter.com/FLOTUS/status/909454509432348672"
"It was an honor to host dinner for @whitehousehstry https://t.co/nSGPxYuGfA","http://web.archive.org/*/https://twitter.com/FLOTUS/status/909454509432348672"
"Happy Birthday @USAirForce! Thank you to the heroes who protect us &amp; the families who love them! https://t.co/K88ik9be02","http://web.archive.org/*/http://twitter.com/FLOTUS/status/909802421991411712"
"Happy Birthday @USAirForce! Thank you to the heroes who protect us &amp; the families who love them! https://t.co/K88ik9be02","http://web.archive.org/*/https://twitter.com/FLOTUS/status/909802421991411712"
"Thinking of those in #Mexico affected by today's #earthquake.","http://web.archive.org/*/http://twitter.com/FLOTUS/status/910241045224464384"
"Thinking of those in #Mexico affected by today's #earthquake.","http://web.archive.org/*/https://twitter.com/FLOTUS/status/910241045224464384"
