"It‚Äôs an honor to serve as @HUDgov‚Äôs 17th Secretary. Ready to roll my sleeves up and get to work! https://t.co/9vEeryvcpc","http://web.archive.org/*/http://twitter.com/SecretaryCarson/status/837445068206268418"
"It‚Äôs an honor to serve as @HUDgov‚Äôs 17th Secretary. Ready to roll my sleeves up and get to work! https://t.co/9vEeryvcpc","http://web.archive.org/*/https://twitter.com/SecretaryCarson/status/837445068206268418"
"RT @VP: .@POTUS &amp; I have full faith that @HUDgov Secretary Dr. Ben Carson will open doors of opportunity and meet the needs of our most vul‚Ä¶","http://web.archive.org/*/http://twitter.com/SecretaryCarson/status/837452962108669953"
"RT @VP: .@POTUS &amp; I have full faith that @HUDgov Secretary Dr. Ben Carson will open doors of opportunity and meet the needs of our most vul‚Ä¶","http://web.archive.org/*/https://twitter.com/SecretaryCarson/status/837452962108669953"
"RT @POTUS: Congratulations to our new Secretary of @HUDgov, Dr. Ben Carson! https://t.co/VhwZWxoxV3","http://web.archive.org/*/http://twitter.com/SecretaryCarson/status/837453023123288064"
"RT @POTUS: Congratulations to our new Secretary of @HUDgov, Dr. Ben Carson! https://t.co/VhwZWxoxV3","http://web.archive.org/*/https://twitter.com/SecretaryCarson/status/837453023123288064"
"Started my first day on the job meeting @HUDgov's dedicated public servants at HQ. Looking forward to meeting emplo‚Ä¶ https://t.co/47pH390EMg","http://web.archive.org/*/http://twitter.com/SecretaryCarson/status/837690760568909824"
"Started my first day on the job meeting @HUDgov's dedicated public servants at HQ. Looking forward to meeting emplo‚Ä¶ https://t.co/47pH390EMg","http://web.archive.org/*/https://twitter.com/SecretaryCarson/status/837690760568909824"
"RT @LynnePattonHUD: Celebratory staff cake with @SecretaryCarson - the 17th Secretary of @HUDgov! üéÇ #TheDoctorIsIn. #HUD. #BenCarson. https‚Ä¶","http://web.archive.org/*/http://twitter.com/SecretaryCarson/status/837736910529433601"
"RT @LynnePattonHUD: Celebratory staff cake with @SecretaryCarson - the 17th Secretary of @HUDgov! üéÇ #TheDoctorIsIn. #HUD. #BenCarson. https‚Ä¶","http://web.archive.org/*/https://twitter.com/SecretaryCarson/status/837736910529433601"
"I stopped by HUD's Health Clinic today to meet the staff and learn more about the services and screenings they prov‚Ä¶ https://t.co/D9I5fmFrKN","http://web.archive.org/*/http://twitter.com/SecretaryCarson/status/837756595253706753"
"I stopped by HUD's Health Clinic today to meet the staff and learn more about the services and screenings they prov‚Ä¶ https://t.co/D9I5fmFrKN","http://web.archive.org/*/https://twitter.com/SecretaryCarson/status/837756595253706753"
"I'm looking forward to talking to @HUDgov employees today at 1pm EST. Watch live at https://t.co/JmN1BOaSyf.","http://web.archive.org/*/http://twitter.com/SecretaryCarson/status/838787313027145730"
"I'm looking forward to talking to @HUDgov employees today at 1pm EST. Watch live at https://t.co/JmN1BOaSyf.","http://web.archive.org/*/https://twitter.com/SecretaryCarson/status/838787313027145730"
"RT @HUDgov: @SecretaryCarson will be talking to HUD employees today at 1pm EST. Watch live at https://t.co/EZvMmM2SMj.","http://web.archive.org/*/http://twitter.com/SecretaryCarson/status/838796424204673024"
"RT @HUDgov: @SecretaryCarson will be talking to HUD employees today at 1pm EST. Watch live at https://t.co/EZvMmM2SMj.","http://web.archive.org/*/https://twitter.com/SecretaryCarson/status/838796424204673024"
"RT @HUDgov: On March 10, 1975, Carla Hills is sworn in as the first woman to lead the Department. #InternationalWomensDay #WomensHistoryMon‚Ä¶","http://web.archive.org/*/http://twitter.com/SecretaryCarson/status/839564079366815744"
"RT @HUDgov: On March 10, 1975, Carla Hills is sworn in as the first woman to lead the Department. #InternationalWomensDay #WomensHistoryMon‚Ä¶","http://web.archive.org/*/https://twitter.com/SecretaryCarson/status/839564079366815744"
"RT @HUDgov: In 1977, Patricia Harris became the 1st African-American woman to hold a Cabinet position. #InternationalWomensDay #WomensHisto‚Ä¶","http://web.archive.org/*/http://twitter.com/SecretaryCarson/status/839564136329535488"
"RT @HUDgov: In 1977, Patricia Harris became the 1st African-American woman to hold a Cabinet position. #InternationalWomensDay #WomensHisto‚Ä¶","http://web.archive.org/*/https://twitter.com/SecretaryCarson/status/839564136329535488"
"Great meeting w/ @Arightside &amp; @IAmSteveHarvey today to discuss my upcoming listening tour, youth mentoring &amp; jobs‚Ä¶ https://t.co/9IRcNTvdGb","http://web.archive.org/*/http://twitter.com/SecretaryCarson/status/841385247816208384"
"Great meeting w/ @Arightside &amp; @IAmSteveHarvey today to discuss my upcoming listening tour, youth mentoring &amp; jobs‚Ä¶ https://t.co/9IRcNTvdGb","http://web.archive.org/*/https://twitter.com/SecretaryCarson/status/841385247816208384"
"I had lunch today with @HUDgov staff to hear their insights and share my vision for the agency. #WomensHistoryMonth https://t.co/EjFfOEUOby","http://web.archive.org/*/http://twitter.com/SecretaryCarson/status/841392967604674560"
"I had lunch today with @HUDgov staff to hear their insights and share my vision for the agency. #WomensHistoryMonth https://t.co/EjFfOEUOby","http://web.archive.org/*/https://twitter.com/SecretaryCarson/status/841392967604674560"
"Met w/ @MayorMikeDuggan &amp; city leaders at @BenCarsonHS on first stop of #CarsonListeningTour to hear how we can bes‚Ä¶ https://t.co/Y1NJ3toCbt","http://web.archive.org/*/http://twitter.com/SecretaryCarson/status/842166313250369536"
"Met w/ @MayorMikeDuggan &amp; city leaders at @BenCarsonHS on first stop of #CarsonListeningTour to hear how we can bes‚Ä¶ https://t.co/Y1NJ3toCbt","http://web.archive.org/*/https://twitter.com/SecretaryCarson/status/842166313250369536"
"Small businesses are the backbone of our country.  The @MotorCityMatch program is a wonderful example of community‚Ä¶ https://t.co/06KUxW56ce","http://web.archive.org/*/http://twitter.com/SecretaryCarson/status/842425311539167235"
"Small businesses are the backbone of our country.  The @MotorCityMatch program is a wonderful example of community‚Ä¶ https://t.co/06KUxW56ce","http://web.archive.org/*/https://twitter.com/SecretaryCarson/status/842425311539167235"
"Started my day meeting staff at HUD‚Äôs Detroit field office. Honored to serve alongside these dedicated public serva‚Ä¶ https://t.co/3atMIWGi9E","http://web.archive.org/*/http://twitter.com/SecretaryCarson/status/842429195007459328"
"Started my day meeting staff at HUD‚Äôs Detroit field office. Honored to serve alongside these dedicated public serva‚Ä¶ https://t.co/3atMIWGi9E","http://web.archive.org/*/https://twitter.com/SecretaryCarson/status/842429195007459328"
"Met w/ Detroit‚Äôs Faith Based leaders to get their insights on what works &amp; what doesn‚Äôt work for their community.‚Ä¶ https://t.co/QCkn4FFCYP","http://web.archive.org/*/http://twitter.com/SecretaryCarson/status/842791676951302144"
"Met w/ Detroit‚Äôs Faith Based leaders to get their insights on what works &amp; what doesn‚Äôt work for their community.‚Ä¶ https://t.co/QCkn4FFCYP","http://web.archive.org/*/https://twitter.com/SecretaryCarson/status/842791676951302144"
"Honored to address the National Association of Hispanic Real Estate Professionals (@NAHREP) to discuss sustainable‚Ä¶ https://t.co/cIzTbwsDXh","http://web.archive.org/*/http://twitter.com/SecretaryCarson/status/846710852749328385"
"Honored to address the National Association of Hispanic Real Estate Professionals (@NAHREP) to discuss sustainable‚Ä¶ https://t.co/cIzTbwsDXh","http://web.archive.org/*/https://twitter.com/SecretaryCarson/status/846710852749328385"
"Headed to @CityofDallas/@CityofFortWorth for the second stop on #CarsonListeningTour. Looking forward to hearing from local leaders.","http://web.archive.org/*/http://twitter.com/SecretaryCarson/status/847115246061924353"
"Headed to @CityofDallas/@CityofFortWorth for the second stop on #CarsonListeningTour. Looking forward to hearing from local leaders.","http://web.archive.org/*/https://twitter.com/SecretaryCarson/status/847115246061924353"
"Great meeting with @HUDgov staff in our Fort Worth regional office today. #CarsonListeningTour https://t.co/AdHaQg7SI9","http://web.archive.org/*/http://twitter.com/SecretaryCarson/status/847181129857806336"
"Great meeting with @HUDgov staff in our Fort Worth regional office today. #CarsonListeningTour https://t.co/AdHaQg7SI9","http://web.archive.org/*/https://twitter.com/SecretaryCarson/status/847181129857806336"
"Met w/ @FWHSsocial‚Äôs President &amp; CEO, Naomi Byrne this afternoon to tour the Hunter Plaza Apts in downtown Fort Wor‚Ä¶ https://t.co/wzJWXFbi0M","http://web.archive.org/*/http://twitter.com/SecretaryCarson/status/847242693235294209"
"Met w/ @FWHSsocial‚Äôs President &amp; CEO, Naomi Byrne this afternoon to tour the Hunter Plaza Apts in downtown Fort Wor‚Ä¶ https://t.co/wzJWXFbi0M","http://web.archive.org/*/https://twitter.com/SecretaryCarson/status/847242693235294209"
"Thanks to @MayorBetsyPrice for giving me a tour of Evans &amp; Rosedale apts. Great example of public/private partnersh‚Ä¶ https://t.co/fxziJxIfje","http://web.archive.org/*/http://twitter.com/SecretaryCarson/status/847506761359806465"
"Thanks to @MayorBetsyPrice for giving me a tour of Evans &amp; Rosedale apts. Great example of public/private partnersh‚Ä¶ https://t.co/fxziJxIfje","http://web.archive.org/*/https://twitter.com/SecretaryCarson/status/847506761359806465"
"Inspired by @MercyStDallas @Rangers Foundation Dallas Housing Authority, @Toyota Field of Dreams program. Learn mor‚Ä¶ https://t.co/Oo2BW445BE","http://web.archive.org/*/http://twitter.com/SecretaryCarson/status/847561665335963648"
"Inspired by @MercyStDallas @Rangers Foundation Dallas Housing Authority, @Toyota Field of Dreams program. Learn mor‚Ä¶ https://t.co/Oo2BW445BE","http://web.archive.org/*/https://twitter.com/SecretaryCarson/status/847561665335963648"
"RT @LynnePattonHUD: Incredibly productive roundtable with #DallasHousingAuthority leadership on how we can all work to advance communities‚Ä¶","http://web.archive.org/*/http://twitter.com/SecretaryCarson/status/847568513019596801"
"RT @LynnePattonHUD: Incredibly productive roundtable with #DallasHousingAuthority leadership on how we can all work to advance communities‚Ä¶","http://web.archive.org/*/https://twitter.com/SecretaryCarson/status/847568513019596801"
"Honored to meet the brave men &amp; women of the @DallasPD - leaders in the community policing initiatives this country‚Ä¶ https://t.co/sefzgPMwEO","http://web.archive.org/*/http://twitter.com/SecretaryCarson/status/847576486563291136"
"Honored to meet the brave men &amp; women of the @DallasPD - leaders in the community policing initiatives this country‚Ä¶ https://t.co/sefzgPMwEO","http://web.archive.org/*/https://twitter.com/SecretaryCarson/status/847576486563291136"
"RT @DPDChiefPughes: Thank you @SecretaryCarson for meeting today with members of @DallasPD https://t.co/YF373CqbJR","http://web.archive.org/*/http://twitter.com/SecretaryCarson/status/847582732158894080"
"RT @DPDChiefPughes: Thank you @SecretaryCarson for meeting today with members of @DallasPD https://t.co/YF373CqbJR","http://web.archive.org/*/https://twitter.com/SecretaryCarson/status/847582732158894080"
"RT @CookChildrens: ‚ÄúYou guys are on top of it."" @SecretaryCarson shares kind words after meeting with our pres. &amp; CEO, Rick Merrill.  https‚Ä¶","http://web.archive.org/*/http://twitter.com/SecretaryCarson/status/847824845022875648"
"RT @CookChildrens: ‚ÄúYou guys are on top of it."" @SecretaryCarson shares kind words after meeting with our pres. &amp; CEO, Rick Merrill.  https‚Ä¶","http://web.archive.org/*/https://twitter.com/SecretaryCarson/status/847824845022875648"
"RT @RepHensarling: Honored to tour @JubileePark in Dallas this morning with @SecretaryCarson and to discuss re-thinking housing assistance‚Ä¶","http://web.archive.org/*/http://twitter.com/SecretaryCarson/status/847848299298254850"
"RT @RepHensarling: Honored to tour @JubileePark in Dallas this morning with @SecretaryCarson and to discuss re-thinking housing assistance‚Ä¶","http://web.archive.org/*/https://twitter.com/SecretaryCarson/status/847848299298254850"
"Great meeting w/ @AIDSDallas to learn about critical housing services they provide through the @HUD_HOPWA program.‚Ä¶ https://t.co/ERQN3xoCtM","http://web.archive.org/*/http://twitter.com/SecretaryCarson/status/847849889442799619"
"Great meeting w/ @AIDSDallas to learn about critical housing services they provide through the @HUD_HOPWA program.‚Ä¶ https://t.co/ERQN3xoCtM","http://web.archive.org/*/https://twitter.com/SecretaryCarson/status/847849889442799619"
"Joined Mayor @Mike_Rawlings and local leaders this afternoon to hear how Dallas is working to end homelessness.‚Ä¶ https://t.co/GZveo865qP","http://web.archive.org/*/http://twitter.com/SecretaryCarson/status/847893960299249665"
"Joined Mayor @Mike_Rawlings and local leaders this afternoon to hear how Dallas is working to end homelessness.‚Ä¶ https://t.co/GZveo865qP","http://web.archive.org/*/https://twitter.com/SecretaryCarson/status/847893960299249665"
"RT @Mike_Rawlings: Productive discussion with  @SecretaryCarson and homeless service providers on improving programs and data collection
#C‚Ä¶","http://web.archive.org/*/http://twitter.com/SecretaryCarson/status/847894052011900930"
"RT @Mike_Rawlings: Productive discussion with  @SecretaryCarson and homeless service providers on improving programs and data collection
#C‚Ä¶","http://web.archive.org/*/https://twitter.com/SecretaryCarson/status/847894052011900930"
"RT @LynnePattonHUD: Residents &amp; staff listening to @SecretaryCarson give keynote remarks at the @NLIHC 2017 Housing Policy Forum in #DC. üè¢üè°‚Ä¶","http://web.archive.org/*/http://twitter.com/SecretaryCarson/status/848933019478089729"
"RT @LynnePattonHUD: Residents &amp; staff listening to @SecretaryCarson give keynote remarks at the @NLIHC 2017 Housing Policy Forum in #DC. üè¢üè°‚Ä¶","http://web.archive.org/*/https://twitter.com/SecretaryCarson/status/848933019478089729"
"Honored to join @HUDgov staff yesterday to kickoff National #FairHousing Month! https://t.co/cFiRaU6PZA","http://web.archive.org/*/http://twitter.com/SecretaryCarson/status/849668854204727296"
"Honored to join @HUDgov staff yesterday to kickoff National #FairHousing Month! https://t.co/cFiRaU6PZA","http://web.archive.org/*/https://twitter.com/SecretaryCarson/status/849668854204727296"
"About to join @HARRISFAULKNER to discuss my listening tour for @HUDgov... tune in!","http://web.archive.org/*/http://twitter.com/SecretaryCarson/status/851208285139210240"
"About to join @HARRISFAULKNER to discuss my listening tour for @HUDgov... tune in!","http://web.archive.org/*/https://twitter.com/SecretaryCarson/status/851208285139210240"
"Spoke with @HARRISFAULKNER last night to discuss my listening tour, &amp; where I‚Äôm headed next. Watch my interview https://t.co/Ydux6ulGDq","http://web.archive.org/*/http://twitter.com/SecretaryCarson/status/851476642715271168"
"Spoke with @HARRISFAULKNER last night to discuss my listening tour, &amp; where I‚Äôm headed next. Watch my interview https://t.co/Ydux6ulGDq","http://web.archive.org/*/https://twitter.com/SecretaryCarson/status/851476642715271168"
"Joined Senator @marcorubio and @RepAlLawsonJr today to tour Eureka Gardens and discuss the future of the complex with residents.","http://web.archive.org/*/http://twitter.com/SecretaryCarson/status/851881358330908673"
"Joined Senator @marcorubio and @RepAlLawsonJr today to tour Eureka Gardens and discuss the future of the complex with residents.","http://web.archive.org/*/https://twitter.com/SecretaryCarson/status/851881358330908673"
"Tomorrow my listening tour continues in Miami! https://t.co/cFgPqbsra8","http://web.archive.org/*/http://twitter.com/SecretaryCarson/status/851883199508750336"
"Tomorrow my listening tour continues in Miami! https://t.co/cFgPqbsra8","http://web.archive.org/*/https://twitter.com/SecretaryCarson/status/851883199508750336"
"Great meeting w/ Alonzo Mourning who is doing great work with low income housing &amp; thanks to the hard working‚Ä¶ https://t.co/kcu0hKQsRU","http://web.archive.org/*/http://twitter.com/SecretaryCarson/status/852143494303010816"
"Great meeting w/ Alonzo Mourning who is doing great work with low income housing &amp; thanks to the hard working‚Ä¶ https://t.co/kcu0hKQsRU","http://web.archive.org/*/https://twitter.com/SecretaryCarson/status/852143494303010816"
"Shooting some pool with the residents of Collins Park in Miami as I learn about low income housing in south Florida https://t.co/1YISs7459C","http://web.archive.org/*/http://twitter.com/SecretaryCarson/status/852153964732841985"
"Shooting some pool with the residents of Collins Park in Miami as I learn about low income housing in south Florida https://t.co/1YISs7459C","http://web.archive.org/*/https://twitter.com/SecretaryCarson/status/852153964732841985"
"Great meeting with some of the officers of @miami_pd https://t.co/xXpkYlWwpN","http://web.archive.org/*/http://twitter.com/SecretaryCarson/status/852175307838763009"
"Great meeting with some of the officers of @miami_pd https://t.co/xXpkYlWwpN","http://web.archive.org/*/https://twitter.com/SecretaryCarson/status/852175307838763009"
"Touring Liberty Square with @RepWilson https://t.co/eIQL93YVv4","http://web.archive.org/*/http://twitter.com/SecretaryCarson/status/852177633815261184"
"Touring Liberty Square with @RepWilson https://t.co/eIQL93YVv4","http://web.archive.org/*/https://twitter.com/SecretaryCarson/status/852177633815261184"
"I've seen a lot of great public private redevelopment today down in Miami. And with this letter we will see more https://t.co/SJTGKiqsEB","http://web.archive.org/*/http://twitter.com/SecretaryCarson/status/852239305569435649"
"I've seen a lot of great public private redevelopment today down in Miami. And with this letter we will see more https://t.co/SJTGKiqsEB","http://web.archive.org/*/https://twitter.com/SecretaryCarson/status/852239305569435649"
"RT @RepWilson: @SecretaryCarson's Miami listening tour has been an enlightening experience.I thank him for coming. https://t.co/1SOTa3hIWC","http://web.archive.org/*/http://twitter.com/SecretaryCarson/status/852243948345200640"
"RT @RepWilson: @SecretaryCarson's Miami listening tour has been an enlightening experience.I thank him for coming. https://t.co/1SOTa3hIWC","http://web.archive.org/*/https://twitter.com/SecretaryCarson/status/852243948345200640"
"I visited Eureka Gardens in Jacksonville yesterday to hear from residents. Thanks @RepAlLawsonJr &amp; @marcorubio https://t.co/PuCsMrzx1W","http://web.archive.org/*/http://twitter.com/SecretaryCarson/status/852260622276452352"
"I visited Eureka Gardens in Jacksonville yesterday to hear from residents. Thanks @RepAlLawsonJr &amp; @marcorubio https://t.co/PuCsMrzx1W","http://web.archive.org/*/https://twitter.com/SecretaryCarson/status/852260622276452352"
"Just signed a collegiate partnership agreement with @FLMemorialUniv developing people is of the utmost importance https://t.co/dZVPnD74YI","http://web.archive.org/*/http://twitter.com/SecretaryCarson/status/852291498733428736"
"Just signed a collegiate partnership agreement with @FLMemorialUniv developing people is of the utmost importance https://t.co/dZVPnD74YI","http://web.archive.org/*/https://twitter.com/SecretaryCarson/status/852291498733428736"
"Speaking with the hard working staff of the @HUDSoutheast Miami office. Thanking them for what they do https://t.co/6SkCJBYxym","http://web.archive.org/*/http://twitter.com/SecretaryCarson/status/852515079400689664"
"Speaking with the hard working staff of the @HUDSoutheast Miami office. Thanking them for what they do https://t.co/6SkCJBYxym","http://web.archive.org/*/https://twitter.com/SecretaryCarson/status/852515079400689664"
"Great talking with @davidwebbshow about public/private partnerships &amp; low income tax credits.‚Ä¶ https://t.co/155Ek6CD60","http://web.archive.org/*/http://twitter.com/SecretaryCarson/status/852538291660492805"
"Great talking with @davidwebbshow about public/private partnerships &amp; low income tax credits.‚Ä¶ https://t.co/155Ek6CD60","http://web.archive.org/*/https://twitter.com/SecretaryCarson/status/852538291660492805"
"Great chatting with @hughhewitt about how we are working to help people at @HUDgov https://t.co/NOekA5LlTq","http://web.archive.org/*/http://twitter.com/SecretaryCarson/status/852539243805241344"
"Great chatting with @hughhewitt about how we are working to help people at @HUDgov https://t.co/NOekA5LlTq","http://web.archive.org/*/https://twitter.com/SecretaryCarson/status/852539243805241344"
"Had a terrific time speaking at the @NAACPMIAMI #FairHousingMonth event. Thank you, together we can make sure housi‚Ä¶ https://t.co/7D2Yz6WDb7","http://web.archive.org/*/http://twitter.com/SecretaryCarson/status/852657594464448512"
"Had a terrific time speaking at the @NAACPMIAMI #FairHousingMonth event. Thank you, together we can make sure housi‚Ä¶ https://t.co/7D2Yz6WDb7","http://web.archive.org/*/https://twitter.com/SecretaryCarson/status/852657594464448512"
"RT @SBALinda: Lunch time @VersaillesMiami with @SecretaryCarson! #SupportSmallBusiness #SmallBiz https://t.co/q71aKlC2W9","http://web.archive.org/*/http://twitter.com/SecretaryCarson/status/852851724264120322"
"RT @SBALinda: Lunch time @VersaillesMiami with @SecretaryCarson! #SupportSmallBusiness #SmallBiz https://t.co/q71aKlC2W9","http://web.archive.org/*/https://twitter.com/SecretaryCarson/status/852851724264120322"
"Honored to read ""The Grouchy Ladybug"" by Eric Carle to all the children at the 139th @WhiteHouse Easter Egg Roll w/‚Ä¶ https://t.co/vUFnm0nSxA","http://web.archive.org/*/http://twitter.com/SecretaryCarson/status/854030514872864768"
"Honored to read ""The Grouchy Ladybug"" by Eric Carle to all the children at the 139th @WhiteHouse Easter Egg Roll w/‚Ä¶ https://t.co/vUFnm0nSxA","http://web.archive.org/*/https://twitter.com/SecretaryCarson/status/854030514872864768"
"""Oklahoma turned its darkest hour into its brightest light by coming together.  The Oklahoma standard needs to be t‚Ä¶ https://t.co/3mpV0Ja2Wr","http://web.archive.org/*/http://twitter.com/SecretaryCarson/status/854748502429224960"
"""Oklahoma turned its darkest hour into its brightest light by coming together.  The Oklahoma standard needs to be t‚Ä¶ https://t.co/3mpV0Ja2Wr","http://web.archive.org/*/https://twitter.com/SecretaryCarson/status/854748502429224960"
"#WeRemember https://t.co/nRbUVaPBZU","http://web.archive.org/*/http://twitter.com/SecretaryCarson/status/854766072410648579"
"#WeRemember https://t.co/nRbUVaPBZU","http://web.archive.org/*/https://twitter.com/SecretaryCarson/status/854766072410648579"
"I'm humbled to be here today observing the anniversary and honoring the memory of 168 Americans who lost their live‚Ä¶ https://t.co/jWI8QegQYP","http://web.archive.org/*/http://twitter.com/SecretaryCarson/status/854770278131544065"
"I'm humbled to be here today observing the anniversary and honoring the memory of 168 Americans who lost their live‚Ä¶ https://t.co/jWI8QegQYP","http://web.archive.org/*/https://twitter.com/SecretaryCarson/status/854770278131544065"
"Proud to join @COF_ in announcing the winners of the 2017 Secretary‚Äôs Award for Public-Philanthropic Partnerships! ‚Üí https://t.co/AiPu2ZQ9oB","http://web.archive.org/*/http://twitter.com/SecretaryCarson/status/856914894305624065"
"Proud to join @COF_ in announcing the winners of the 2017 Secretary‚Äôs Award for Public-Philanthropic Partnerships! ‚Üí https://t.co/AiPu2ZQ9oB","http://web.archive.org/*/https://twitter.com/SecretaryCarson/status/856914894305624065"
"Heard the @OhioRealtors were meeting in Columbus today so I decided to drop in https://t.co/hQKmaw9pKP","http://web.archive.org/*/http://twitter.com/SecretaryCarson/status/857228796122075137"
"Heard the @OhioRealtors were meeting in Columbus today so I decided to drop in https://t.co/hQKmaw9pKP","http://web.archive.org/*/https://twitter.com/SecretaryCarson/status/857228796122075137"
"It's a pleasure to speak with the @OhioHsgCouncil a group looking to increase affordable housing https://t.co/YOzfBRw4Kp","http://web.archive.org/*/http://twitter.com/SecretaryCarson/status/857246364585123840"
"It's a pleasure to speak with the @OhioHsgCouncil a group looking to increase affordable housing https://t.co/YOzfBRw4Kp","http://web.archive.org/*/https://twitter.com/SecretaryCarson/status/857246364585123840"
"Enjoying a great tour of the Van Buren Shelter and Village in Columbus with @mayorginther https://t.co/8Tj3H3RmxY","http://web.archive.org/*/http://twitter.com/SecretaryCarson/status/857293531882414087"
"Enjoying a great tour of the Van Buren Shelter and Village in Columbus with @mayorginther https://t.co/8Tj3H3RmxY","http://web.archive.org/*/https://twitter.com/SecretaryCarson/status/857293531882414087"
"There's a lot of great work going on at the Commons at Livingston in Columbus. Really happy to have gotten a chance‚Ä¶ https://t.co/uA4YHm1wnK","http://web.archive.org/*/http://twitter.com/SecretaryCarson/status/857567434760441858"
"There's a lot of great work going on at the Commons at Livingston in Columbus. Really happy to have gotten a chance‚Ä¶ https://t.co/uA4YHm1wnK","http://web.archive.org/*/https://twitter.com/SecretaryCarson/status/857567434760441858"
"Delighted to meet with our local @HUDgov team in Columbus https://t.co/7qv4tNNgjR","http://web.archive.org/*/http://twitter.com/SecretaryCarson/status/857591627300429824"
"Delighted to meet with our local @HUDgov team in Columbus https://t.co/7qv4tNNgjR","http://web.archive.org/*/https://twitter.com/SecretaryCarson/status/857591627300429824"
"Spoke w/ @AP yesterday to discuss our agenda @HUDgov &amp; how we can get more done by collaborating w/ private sector. https://t.co/e33xlIUQ3b","http://web.archive.org/*/http://twitter.com/SecretaryCarson/status/857630252738248709"
"Spoke w/ @AP yesterday to discuss our agenda @HUDgov &amp; how we can get more done by collaborating w/ private sector. https://t.co/e33xlIUQ3b","http://web.archive.org/*/https://twitter.com/SecretaryCarson/status/857630252738248709"
"Speaking about creating win-win situations between the gov't and private sector at @ohiohousing's‚Ä¶ https://t.co/xeMtqkrAs6","http://web.archive.org/*/http://twitter.com/SecretaryCarson/status/857680808454303746"
"Speaking about creating win-win situations between the gov't and private sector at @ohiohousing's‚Ä¶ https://t.co/xeMtqkrAs6","http://web.archive.org/*/https://twitter.com/SecretaryCarson/status/857680808454303746"
"My statement on the nomination of Pam Patenaude as @HUDgov Deputy Secretary. https://t.co/2TekgKZucf","http://web.archive.org/*/http://twitter.com/SecretaryCarson/status/858026827008421888"
"My statement on the nomination of Pam Patenaude as @HUDgov Deputy Secretary. https://t.co/2TekgKZucf","http://web.archive.org/*/https://twitter.com/SecretaryCarson/status/858026827008421888"
"I am so proud of all the @HUDgov employees who joined me today at the @RedCross blood drive https://t.co/CAxfR77x4a","http://web.archive.org/*/http://twitter.com/SecretaryCarson/status/859146065186099201"
"I am so proud of all the @HUDgov employees who joined me today at the @RedCross blood drive https://t.co/CAxfR77x4a","http://web.archive.org/*/https://twitter.com/SecretaryCarson/status/859146065186099201"
"Today‚Äôs @RedCross blood drive is a reminder that you don‚Äôt have to be a doctor to help save lives https://t.co/nCLE6Kct3P","http://web.archive.org/*/http://twitter.com/SecretaryCarson/status/859148035250692096"
"Today‚Äôs @RedCross blood drive is a reminder that you don‚Äôt have to be a doctor to help save lives https://t.co/nCLE6Kct3P","http://web.archive.org/*/https://twitter.com/SecretaryCarson/status/859148035250692096"
"Spoke with @ALTAonline about the role homeownership plays in prosperous communities #ALTAsummit https://t.co/TXpdPp5PR7","http://web.archive.org/*/http://twitter.com/SecretaryCarson/status/859412349995937792"
"Spoke with @ALTAonline about the role homeownership plays in prosperous communities #ALTAsummit https://t.co/TXpdPp5PR7","http://web.archive.org/*/https://twitter.com/SecretaryCarson/status/859412349995937792"
"A pleasure to be at the White House to witness @POTUS sign an executive order promoting religious liberty https://t.co/o8qMM56RAp","http://web.archive.org/*/http://twitter.com/SecretaryCarson/status/860149763441922049"
"A pleasure to be at the White House to witness @POTUS sign an executive order promoting religious liberty https://t.co/o8qMM56RAp","http://web.archive.org/*/https://twitter.com/SecretaryCarson/status/860149763441922049"
"Thank you @HUDgov employees for your outstanding service, commitment and dedication to making our country a stronge‚Ä¶ https://t.co/8jtQJfpeFN","http://web.archive.org/*/http://twitter.com/SecretaryCarson/status/861669425698807808"
"Thank you @HUDgov employees for your outstanding service, commitment and dedication to making our country a stronge‚Ä¶ https://t.co/8jtQJfpeFN","http://web.archive.org/*/https://twitter.com/SecretaryCarson/status/861669425698807808"
"Congratulations to @HUDgov‚Äôs Rental Assistance Demonstration team for being selected as #Sammies2017 finalists!‚Ä¶ https://t.co/bkvVrejKXJ","http://web.archive.org/*/http://twitter.com/SecretaryCarson/status/861670821839990785"
"Congratulations to @HUDgov‚Äôs Rental Assistance Demonstration team for being selected as #Sammies2017 finalists!‚Ä¶ https://t.co/bkvVrejKXJ","http://web.archive.org/*/https://twitter.com/SecretaryCarson/status/861670821839990785"
"Congratulating all the men and women who are finalists for the #Sammies2017... Especially proud of the finalist fro‚Ä¶ https://t.co/zEShgdRrIR","http://web.archive.org/*/http://twitter.com/SecretaryCarson/status/861949272471859200"
"Congratulating all the men and women who are finalists for the #Sammies2017... Especially proud of the finalist fro‚Ä¶ https://t.co/zEShgdRrIR","http://web.archive.org/*/https://twitter.com/SecretaryCarson/status/861949272471859200"
"RT @RPublicService: ""These men &amp; women demonstrate the high caliber of public service,"" says @SecretaryCarson about @HUDgov's Tom Davis &amp; h‚Ä¶","http://web.archive.org/*/http://twitter.com/SecretaryCarson/status/861949406798655488"
"RT @RPublicService: ""These men &amp; women demonstrate the high caliber of public service,"" says @SecretaryCarson about @HUDgov's Tom Davis &amp; h‚Ä¶","http://web.archive.org/*/https://twitter.com/SecretaryCarson/status/861949406798655488"
"RT @RPublicService: ""Here, today, we are honoring the real deal,"" said @SecretaryCarson about our #sammies2017 finalists. #PSRW https://t.c‚Ä¶","http://web.archive.org/*/http://twitter.com/SecretaryCarson/status/861949529674977281"
"RT @RPublicService: ""Here, today, we are honoring the real deal,"" said @SecretaryCarson about our #sammies2017 finalists. #PSRW https://t.c‚Ä¶","http://web.archive.org/*/https://twitter.com/SecretaryCarson/status/861949529674977281"
"Greeting the great @HUDgov employees this morning as a part of Public Service Recognition Week #PSRW. So proud of t‚Ä¶ https://t.co/65QIHGvIII","http://web.archive.org/*/http://twitter.com/SecretaryCarson/status/862291559047364608"
"Greeting the great @HUDgov employees this morning as a part of Public Service Recognition Week #PSRW. So proud of t‚Ä¶ https://t.co/65QIHGvIII","http://web.archive.org/*/https://twitter.com/SecretaryCarson/status/862291559047364608"
"Discrimination has no place in housing. Refusing to issue a mortgage due to maternity leave violates #FairHousingAct https://t.co/75oUjXacV4","http://web.archive.org/*/http://twitter.com/SecretaryCarson/status/862689573255745537"
"Discrimination has no place in housing. Refusing to issue a mortgage due to maternity leave violates #FairHousingAct https://t.co/75oUjXacV4","http://web.archive.org/*/https://twitter.com/SecretaryCarson/status/862689573255745537"
"Reaching $4B public-private investment in RAD program means more families have access to quality, affordable housing https://t.co/5ZuktNZvej","http://web.archive.org/*/http://twitter.com/SecretaryCarson/status/862731746537869315"
"Reaching $4B public-private investment in RAD program means more families have access to quality, affordable housing https://t.co/5ZuktNZvej","http://web.archive.org/*/https://twitter.com/SecretaryCarson/status/862731746537869315"
"Congratulations to the winners of the 2017 Secretary's Housing and Community Design Award! https://t.co/EldaAEoNyp https://t.co/qYJqWNWr6c","http://web.archive.org/*/http://twitter.com/SecretaryCarson/status/862790053701066752"
"Congratulations to the winners of the 2017 Secretary's Housing and Community Design Award! https://t.co/EldaAEoNyp https://t.co/qYJqWNWr6c","http://web.archive.org/*/https://twitter.com/SecretaryCarson/status/862790053701066752"
".@HUDgov using Fed $$ to raise private $$ for affordable housing. Rental assistance capital investment doubles https://t.co/zpX09XsSOh","http://web.archive.org/*/http://twitter.com/SecretaryCarson/status/863025467481260032"
".@HUDgov using Fed $$ to raise private $$ for affordable housing. Rental assistance capital investment doubles https://t.co/zpX09XsSOh","http://web.archive.org/*/https://twitter.com/SecretaryCarson/status/863025467481260032"
"It was great to meet members of the @HUDgov family as they entered work this week. #PSRW https://t.co/CuzFwZdczP","http://web.archive.org/*/http://twitter.com/SecretaryCarson/status/863041073228251136"
"It was great to meet members of the @HUDgov family as they entered work this week. #PSRW https://t.co/CuzFwZdczP","http://web.archive.org/*/https://twitter.com/SecretaryCarson/status/863041073228251136"
"So proud of the @HUDgov family for the great work they do to increase access to affordable housing. #PSRW https://t.co/EfZ8sSwfJV","http://web.archive.org/*/http://twitter.com/SecretaryCarson/status/863057218245193729"
"So proud of the @HUDgov family for the great work they do to increase access to affordable housing. #PSRW https://t.co/EfZ8sSwfJV","http://web.archive.org/*/https://twitter.com/SecretaryCarson/status/863057218245193729"
"Thanking members of the @HUDgov family for all they do. #PSRW https://t.co/aOOix0ePME","http://web.archive.org/*/http://twitter.com/SecretaryCarson/status/863075398636236801"
"Thanking members of the @HUDgov family for all they do. #PSRW https://t.co/aOOix0ePME","http://web.archive.org/*/https://twitter.com/SecretaryCarson/status/863075398636236801"
"I can‚Äôt thank the hard workers at @HUDgov enough for all they do to expand access to housing. #PSRW https://t.co/QcjMcgHxvo","http://web.archive.org/*/http://twitter.com/SecretaryCarson/status/863090150380851200"
"I can‚Äôt thank the hard workers at @HUDgov enough for all they do to expand access to housing. #PSRW https://t.co/QcjMcgHxvo","http://web.archive.org/*/https://twitter.com/SecretaryCarson/status/863090150380851200"
"An honor meeting @HUDgov‚Äôs dedicated public servants at headquarters this week. #PSRW https://t.co/LyPdyGpLDN","http://web.archive.org/*/http://twitter.com/SecretaryCarson/status/863102729366814720"
"An honor meeting @HUDgov‚Äôs dedicated public servants at headquarters this week. #PSRW https://t.co/LyPdyGpLDN","http://web.archive.org/*/https://twitter.com/SecretaryCarson/status/863102729366814720"
"Great getting to know @HUDgov employees this week. #PSRW https://t.co/1gokHIh69G","http://web.archive.org/*/http://twitter.com/SecretaryCarson/status/863114061478858752"
"Great getting to know @HUDgov employees this week. #PSRW https://t.co/1gokHIh69G","http://web.archive.org/*/https://twitter.com/SecretaryCarson/status/863114061478858752"
"Talking with @nardotrealtor about the steps @HUDgov &amp; @FHAgov is taking to make responsible homeownership a possibi‚Ä¶ https://t.co/pIOHGtLIMP","http://web.archive.org/*/http://twitter.com/SecretaryCarson/status/864485199886811136"
"Talking with @nardotrealtor about the steps @HUDgov &amp; @FHAgov is taking to make responsible homeownership a possibi‚Ä¶ https://t.co/pIOHGtLIMP","http://web.archive.org/*/https://twitter.com/SecretaryCarson/status/864485199886811136"
"Doing some Q&amp;A with @narleadership about proposed changes to @FHAgov condo regulations https://t.co/CT1umy2Aee","http://web.archive.org/*/http://twitter.com/SecretaryCarson/status/864487980853063680"
"Doing some Q&amp;A with @narleadership about proposed changes to @FHAgov condo regulations https://t.co/CT1umy2Aee","http://web.archive.org/*/https://twitter.com/SecretaryCarson/status/864487980853063680"
"Touring the great @HUDgov Opportunity Expo and meeting the people who are working to help our talented workers grow‚Ä¶ https://t.co/Amr3VcmH43","http://web.archive.org/*/http://twitter.com/SecretaryCarson/status/864523621259255808"
"Touring the great @HUDgov Opportunity Expo and meeting the people who are working to help our talented workers grow‚Ä¶ https://t.co/Amr3VcmH43","http://web.archive.org/*/https://twitter.com/SecretaryCarson/status/864523621259255808"
"Sending my prayers for @SenThomTillis to have a swift recovery https://t.co/l8gKw6i1dL","http://web.archive.org/*/http://twitter.com/SecretaryCarson/status/864885459369037826"
"Sending my prayers for @SenThomTillis to have a swift recovery https://t.co/l8gKw6i1dL","http://web.archive.org/*/https://twitter.com/SecretaryCarson/status/864885459369037826"
"So glad to be talking about seeking common ground with @Committee100 #C100conf2017 https://t.co/5JPHDvHR9V","http://web.archive.org/*/http://twitter.com/SecretaryCarson/status/865600310261055489"
"So glad to be talking about seeking common ground with @Committee100 #C100conf2017 https://t.co/5JPHDvHR9V","http://web.archive.org/*/https://twitter.com/SecretaryCarson/status/865600310261055489"
"My statement on @HUDgov‚Äôs proposed 2018 Budget. https://t.co/nf96iMHOCK","http://web.archive.org/*/http://twitter.com/SecretaryCarson/status/867067585657016323"
"My statement on @HUDgov‚Äôs proposed 2018 Budget. https://t.co/nf96iMHOCK","http://web.archive.org/*/https://twitter.com/SecretaryCarson/status/867067585657016323"
"Enjoyed meeting w/ @RepArrington, @TexasTech Chancellor Dunan, &amp; presidents of the TTU system to discuss ways to ma‚Ä¶ https://t.co/BvEUBtcpIh","http://web.archive.org/*/http://twitter.com/SecretaryCarson/status/867144893344481284"
"Enjoyed meeting w/ @RepArrington, @TexasTech Chancellor Dunan, &amp; presidents of the TTU system to discuss ways to ma‚Ä¶ https://t.co/BvEUBtcpIh","http://web.archive.org/*/https://twitter.com/SecretaryCarson/status/867144893344481284"
"Talking with @fhlbanksvoice about the abiding value of owning a home https://t.co/dLFTEqg8KE","http://web.archive.org/*/http://twitter.com/SecretaryCarson/status/867351526108524544"
"Talking with @fhlbanksvoice about the abiding value of owning a home https://t.co/dLFTEqg8KE","http://web.archive.org/*/https://twitter.com/SecretaryCarson/status/867351526108524544"
"Ahead of Memorial Day I am honored to remember those who sacrificed so much for our country with the ROTC and membe‚Ä¶ https://t.co/JArsr8QWXv","http://web.archive.org/*/http://twitter.com/SecretaryCarson/status/867758906839363584"
"Ahead of Memorial Day I am honored to remember those who sacrificed so much for our country with the ROTC and membe‚Ä¶ https://t.co/JArsr8QWXv","http://web.archive.org/*/https://twitter.com/SecretaryCarson/status/867758906839363584"
"Honored to receive a POW MIA flag on behalf of @hudgov in remembrance of Memorial Day https://t.co/WpWTgfI7Vo","http://web.archive.org/*/http://twitter.com/SecretaryCarson/status/867761449837481984"
"Honored to receive a POW MIA flag on behalf of @hudgov in remembrance of Memorial Day https://t.co/WpWTgfI7Vo","http://web.archive.org/*/https://twitter.com/SecretaryCarson/status/867761449837481984"
"June is National Homeownership Month, all month we will be promoting responsible homeownership #FindYourPlace https://t.co/g9ZtGA70cj","http://web.archive.org/*/http://twitter.com/SecretaryCarson/status/870287725995450369"
"June is National Homeownership Month, all month we will be promoting responsible homeownership #FindYourPlace https://t.co/g9ZtGA70cj","http://web.archive.org/*/https://twitter.com/SecretaryCarson/status/870287725995450369"
"Chatted w/ @CBSRadioNews's @stevenportnoy today about @HUDGov's role in the housing market #FindYourPlace https://t.co/hSmRq3UgK6","http://web.archive.org/*/http://twitter.com/SecretaryCarson/status/870313510865182721"
"Chatted w/ @CBSRadioNews's @stevenportnoy today about @HUDGov's role in the housing market #FindYourPlace https://t.co/hSmRq3UgK6","http://web.archive.org/*/https://twitter.com/SecretaryCarson/status/870313510865182721"
"During National Homeownership Month we work toward ensuring that every American enjoys a fair chance at becoming a‚Ä¶ https://t.co/qXnyz5pZ86","http://web.archive.org/*/http://twitter.com/SecretaryCarson/status/870345269988163589"
"During National Homeownership Month we work toward ensuring that every American enjoys a fair chance at becoming a‚Ä¶ https://t.co/qXnyz5pZ86","http://web.archive.org/*/https://twitter.com/SecretaryCarson/status/870345269988163589"
"Speaking about the importance of religious freedom at the 15th Annual Religious Liberty Dinner https://t.co/DbyUKeTjt6","http://web.archive.org/*/http://twitter.com/SecretaryCarson/status/870439157436485632"
"Speaking about the importance of religious freedom at the 15th Annual Religious Liberty Dinner https://t.co/DbyUKeTjt6","http://web.archive.org/*/https://twitter.com/SecretaryCarson/status/870439157436485632"
"Was proud to kickoff Homeownership Month today. @HUDgov is doing great work to support responsible Homeownership‚Ä¶ https://t.co/xLU24CTQi6","http://web.archive.org/*/http://twitter.com/SecretaryCarson/status/870444789044568064"
"Was proud to kickoff Homeownership Month today. @HUDgov is doing great work to support responsible Homeownership‚Ä¶ https://t.co/xLU24CTQi6","http://web.archive.org/*/https://twitter.com/SecretaryCarson/status/870444789044568064"
"Helping kick off the National Housing Conference Gala and Policy Symposium https://t.co/4lgDIzYRfq","http://web.archive.org/*/http://twitter.com/SecretaryCarson/status/872952612806696961"
"Helping kick off the National Housing Conference Gala and Policy Symposium https://t.co/4lgDIzYRfq","http://web.archive.org/*/https://twitter.com/SecretaryCarson/status/872952612806696961"
"About to discuss National Homeownership Month with @MariaBartiromo #FindYourPlace https://t.co/2WqghTAv1d","http://web.archive.org/*/http://twitter.com/SecretaryCarson/status/873153586557005825"
"About to discuss National Homeownership Month with @MariaBartiromo #FindYourPlace https://t.co/2WqghTAv1d","http://web.archive.org/*/https://twitter.com/SecretaryCarson/status/873153586557005825"
"Today 4,000 new homebuyers will be assisted by FHA #FindYourPlace","http://web.archive.org/*/http://twitter.com/SecretaryCarson/status/873167831843708930"
"Today 4,000 new homebuyers will be assisted by FHA #FindYourPlace","http://web.archive.org/*/https://twitter.com/SecretaryCarson/status/873167831843708930"
"We must create a viable entryway to the housing market for credit-worthy Millennials #FindYourPlace","http://web.archive.org/*/http://twitter.com/SecretaryCarson/status/873168093547290629"
"We must create a viable entryway to the housing market for credit-worthy Millennials #FindYourPlace","http://web.archive.org/*/https://twitter.com/SecretaryCarson/status/873168093547290629"
"The state of the housing market is stable, secure, and sound... and much of the credit goes to people in this room https://t.co/2hHtRc8jKE","http://web.archive.org/*/http://twitter.com/SecretaryCarson/status/873168706922270720"
"The state of the housing market is stable, secure, and sound... and much of the credit goes to people in this room https://t.co/2hHtRc8jKE","http://web.archive.org/*/https://twitter.com/SecretaryCarson/status/873168706922270720"
"We must do more to link Millennials with investors and lenders and the housing market #FindYourPlace https://t.co/wEFIenekJG","http://web.archive.org/*/http://twitter.com/SecretaryCarson/status/873168804926377986"
"We must do more to link Millennials with investors and lenders and the housing market #FindYourPlace https://t.co/wEFIenekJG","http://web.archive.org/*/https://twitter.com/SecretaryCarson/status/873168804926377986"
"""The Housing Opportunity through Modernization Act of 2016"" will allow for more people, including Millennials, to use FHA to buy a condo","http://web.archive.org/*/http://twitter.com/SecretaryCarson/status/873169123991326721"
"""The Housing Opportunity through Modernization Act of 2016"" will allow for more people, including Millennials, to use FHA to buy a condo","http://web.archive.org/*/https://twitter.com/SecretaryCarson/status/873169123991326721"
"This budget seeks to preserve rental assistance for 4.5 million households https://t.co/yRo6nS7tdX","http://web.archive.org/*/http://twitter.com/SecretaryCarson/status/873170201147301889"
"This budget seeks to preserve rental assistance for 4.5 million households https://t.co/yRo6nS7tdX","http://web.archive.org/*/https://twitter.com/SecretaryCarson/status/873170201147301889"
"Chatting with @ChrisNHC of the @natlhousingconf about the budget and veteran homelessness https://t.co/zhd1lDyHbl","http://web.archive.org/*/http://twitter.com/SecretaryCarson/status/873171193913892865"
"Chatting with @ChrisNHC of the @natlhousingconf about the budget and veteran homelessness https://t.co/zhd1lDyHbl","http://web.archive.org/*/https://twitter.com/SecretaryCarson/status/873171193913892865"
".@HUDgov has a strong relationship with @USDA and are working to address affordable rural affordable housing needs","http://web.archive.org/*/http://twitter.com/SecretaryCarson/status/873172185996820482"
".@HUDgov has a strong relationship with @USDA and are working to address affordable rural affordable housing needs","http://web.archive.org/*/https://twitter.com/SecretaryCarson/status/873172185996820482"
"Thanks to @natlhousingconf &amp; @ChrisNHC for all they do to promote homeownership &amp; affordable housing. It was an honor to be with them today","http://web.archive.org/*/http://twitter.com/SecretaryCarson/status/873174390246170625"
"Thanks to @natlhousingconf &amp; @ChrisNHC for all they do to promote homeownership &amp; affordable housing. It was an honor to be with them today","http://web.archive.org/*/https://twitter.com/SecretaryCarson/status/873174390246170625"
"I announced on @MorningsMaria that I will be ringing the @NYSE Closing Bell on Monday, if you missed it, see it here https://t.co/hPs1deKIyY","http://web.archive.org/*/http://twitter.com/SecretaryCarson/status/873249714606657537"
"I announced on @MorningsMaria that I will be ringing the @NYSE Closing Bell on Monday, if you missed it, see it here https://t.co/hPs1deKIyY","http://web.archive.org/*/https://twitter.com/SecretaryCarson/status/873249714606657537"
"Today at 4pm EDT, I will be ringing the closing bell @NYSE. You can watch live at https://t.co/GZRbOtB1iE.","http://web.archive.org/*/http://twitter.com/SecretaryCarson/status/874339028652445696"
"Today at 4pm EDT, I will be ringing the closing bell @NYSE. You can watch live at https://t.co/GZRbOtB1iE.","http://web.archive.org/*/https://twitter.com/SecretaryCarson/status/874339028652445696"
"So excited to be joined by my family for the ringing of the closing bell for National Homeownership Month‚Ä¶ https://t.co/V7LTTqBc2W","http://web.archive.org/*/http://twitter.com/SecretaryCarson/status/874349116423385088"
"So excited to be joined by my family for the ringing of the closing bell for National Homeownership Month‚Ä¶ https://t.co/V7LTTqBc2W","http://web.archive.org/*/https://twitter.com/SecretaryCarson/status/874349116423385088"
"Touring the floor of the @NYSE ahead of me ringing the closing bell https://t.co/aBWh0HUIER","http://web.archive.org/*/http://twitter.com/SecretaryCarson/status/874354433257336832"
"Touring the floor of the @NYSE ahead of me ringing the closing bell https://t.co/aBWh0HUIER","http://web.archive.org/*/https://twitter.com/SecretaryCarson/status/874354433257336832"
"Thank you @NYSE for the opportunity to ring today‚Äôs Closing Bell in honor of National Homeownership Month.‚Ä¶ https://t.co/AjVS1Qpkbf","http://web.archive.org/*/http://twitter.com/SecretaryCarson/status/874359198980734976"
"Thank you @NYSE for the opportunity to ring today‚Äôs Closing Bell in honor of National Homeownership Month.‚Ä¶ https://t.co/AjVS1Qpkbf","http://web.archive.org/*/https://twitter.com/SecretaryCarson/status/874359198980734976"
"Just rang the Closing Bell for National Homeownership Month #FindYourPlace https://t.co/315wNRXfKK","http://web.archive.org/*/http://twitter.com/SecretaryCarson/status/874359409924870144"
"Just rang the Closing Bell for National Homeownership Month #FindYourPlace https://t.co/315wNRXfKK","http://web.archive.org/*/https://twitter.com/SecretaryCarson/status/874359409924870144"
"I'm joining @seanhannity tonight tune it at 10PM to hear us talk about my vision for @HUDgov and Homeownership Month #FindYourPlace","http://web.archive.org/*/http://twitter.com/SecretaryCarson/status/874394001054498816"
"I'm joining @seanhannity tonight tune it at 10PM to hear us talk about my vision for @HUDgov and Homeownership Month #FindYourPlace","http://web.archive.org/*/https://twitter.com/SecretaryCarson/status/874394001054498816"
"Joining @foxandfriends this morning at 7:30am to talk about ringing the @NYSE Closing Bell yesterday-- tune in!","http://web.archive.org/*/http://twitter.com/SecretaryCarson/status/874581102354202624"
"Joining @foxandfriends this morning at 7:30am to talk about ringing the @NYSE Closing Bell yesterday-- tune in!","http://web.archive.org/*/https://twitter.com/SecretaryCarson/status/874581102354202624"
"Joining @SquawkCNBC shortly tune in!!!","http://web.archive.org/*/http://twitter.com/SecretaryCarson/status/874597149975203842"
"Joining @SquawkCNBC shortly tune in!!!","http://web.archive.org/*/https://twitter.com/SecretaryCarson/status/874597149975203842"
"Was great to chat about how to promote responsible Homeownership with @SquawkCNBC this AM https://t.co/vIj5WCflQX","http://web.archive.org/*/http://twitter.com/SecretaryCarson/status/874603362842533888"
"Was great to chat about how to promote responsible Homeownership with @SquawkCNBC this AM https://t.co/vIj5WCflQX","http://web.archive.org/*/https://twitter.com/SecretaryCarson/status/874603362842533888"
"Was great to visit the new couch at @foxandfriends to discuss how Homeownership empowers the economy https://t.co/efFE9NDHTw","http://web.archive.org/*/http://twitter.com/SecretaryCarson/status/874603714815954945"
"Was great to visit the new couch at @foxandfriends to discuss how Homeownership empowers the economy https://t.co/efFE9NDHTw","http://web.archive.org/*/https://twitter.com/SecretaryCarson/status/874603714815954945"
"I'll be joining @BloombergTV at 9:40am to talk about ringing the closing bell yesterday.","http://web.archive.org/*/http://twitter.com/SecretaryCarson/status/874606805611139072"
"I'll be joining @BloombergTV at 9:40am to talk about ringing the closing bell yesterday.","http://web.archive.org/*/https://twitter.com/SecretaryCarson/status/874606805611139072"
"Joining @BloombergRadio right now https://t.co/xHTLkEN9hp","http://web.archive.org/*/http://twitter.com/SecretaryCarson/status/874610297604108289"
"Joining @BloombergRadio right now https://t.co/xHTLkEN9hp","http://web.archive.org/*/https://twitter.com/SecretaryCarson/status/874610297604108289"
"Joining @BloombergTV right now!","http://web.archive.org/*/http://twitter.com/SecretaryCarson/status/874623120019247105"
"Joining @BloombergTV right now!","http://web.archive.org/*/https://twitter.com/SecretaryCarson/status/874623120019247105"
"Enjoyed dropping by @BloombergTV https://t.co/x3JdLMCq21","http://web.archive.org/*/http://twitter.com/SecretaryCarson/status/874624959242539008"
"Enjoyed dropping by @BloombergTV https://t.co/x3JdLMCq21","http://web.archive.org/*/https://twitter.com/SecretaryCarson/status/874624959242539008"
"Thoughts &amp; prayers are with @SteveScalise, the @CapitolPolice &amp; all those affected. @HUDgov appreciates their dedication to public service","http://web.archive.org/*/http://twitter.com/SecretaryCarson/status/874992852316688385"
"Thoughts &amp; prayers are with @SteveScalise, the @CapitolPolice &amp; all those affected. @HUDgov appreciates their dedication to public service","http://web.archive.org/*/https://twitter.com/SecretaryCarson/status/874992852316688385"
"Wishing @SteveScalise, the @CapitolPolice &amp; all those affected a speedy recovery. Our thoughts and prayers are with them &amp; their families","http://web.archive.org/*/http://twitter.com/SecretaryCarson/status/874993185394708480"
"Wishing @SteveScalise, the @CapitolPolice &amp; all those affected a speedy recovery. Our thoughts and prayers are with them &amp; their families","http://web.archive.org/*/https://twitter.com/SecretaryCarson/status/874993185394708480"
"At @HUDgov, we are working to lift many of the barriers to employment for people in public housing https://t.co/5x9AEzXxl5","http://web.archive.org/*/http://twitter.com/SecretaryCarson/status/875345246980366337"
"At @HUDgov, we are working to lift many of the barriers to employment for people in public housing https://t.co/5x9AEzXxl5","http://web.archive.org/*/https://twitter.com/SecretaryCarson/status/875345246980366337"
"Looking forward to working with @SecretarySonny, @SecretaryPerry, @AjitPaiFCC , &amp; others to create more rural prosperity","http://web.archive.org/*/http://twitter.com/SecretaryCarson/status/875347582909906944"
"Looking forward to working with @SecretarySonny, @SecretaryPerry, @AjitPaiFCC , &amp; others to create more rural prosperity","http://web.archive.org/*/https://twitter.com/SecretaryCarson/status/875347582909906944"
"Working towards creating rural prosperity w/ @SecretarySonny, @SecretaryPerry, @AjitPaiFCC, and others! https://t.co/DY1m2gQwwf","http://web.archive.org/*/http://twitter.com/SecretaryCarson/status/875361326801047552"
"Working towards creating rural prosperity w/ @SecretarySonny, @SecretaryPerry, @AjitPaiFCC, and others! https://t.co/DY1m2gQwwf","http://web.archive.org/*/https://twitter.com/SecretaryCarson/status/875361326801047552"
"Thanking @mcpnews' latest recruits for their willingness to serve https://t.co/PzZgPYhdLY","http://web.archive.org/*/http://twitter.com/SecretaryCarson/status/875699188260065280"
"Thanking @mcpnews' latest recruits for their willingness to serve https://t.co/PzZgPYhdLY","http://web.archive.org/*/https://twitter.com/SecretaryCarson/status/875699188260065280"
"Learning how @mcpnews trains to respond to active shooter situations https://t.co/qenvKVfgYd","http://web.archive.org/*/http://twitter.com/SecretaryCarson/status/875700548980400128"
"Learning how @mcpnews trains to respond to active shooter situations https://t.co/qenvKVfgYd","http://web.archive.org/*/https://twitter.com/SecretaryCarson/status/875700548980400128"
"Watching @mcpnews train on how to shoot from behind cover https://t.co/kNDgruF5mw","http://web.archive.org/*/http://twitter.com/SecretaryCarson/status/875784349056212993"
"Watching @mcpnews train on how to shoot from behind cover https://t.co/kNDgruF5mw","http://web.archive.org/*/https://twitter.com/SecretaryCarson/status/875784349056212993"
"Fathers provide children w/ the love, support, and guidance they need to lead happy and fulfilling live #FathersDay https://t.co/nk4A4EhcCF","http://web.archive.org/*/http://twitter.com/SecretaryCarson/status/876506156172279808"
"Fathers provide children w/ the love, support, and guidance they need to lead happy and fulfilling live #FathersDay https://t.co/nk4A4EhcCF","http://web.archive.org/*/https://twitter.com/SecretaryCarson/status/876506156172279808"
"Small businesses and @HUDgov can work together https://t.co/y4LqhSuZYJ","http://web.archive.org/*/http://twitter.com/SecretaryCarson/status/876784090384564224"
"Small businesses and @HUDgov can work together https://t.co/y4LqhSuZYJ","http://web.archive.org/*/https://twitter.com/SecretaryCarson/status/876784090384564224"
"Great to meet and chat with the @WhiteHouse interns about how government should be a ladder to opportunity for all https://t.co/0CtbjOciNz","http://web.archive.org/*/http://twitter.com/SecretaryCarson/status/876813011780063232"
"Great to meet and chat with the @WhiteHouse interns about how government should be a ladder to opportunity for all https://t.co/0CtbjOciNz","http://web.archive.org/*/https://twitter.com/SecretaryCarson/status/876813011780063232"
"Talking with @ABCNational about how we need to make homeownership inclusive https://t.co/6YnfQGmGwh","http://web.archive.org/*/http://twitter.com/SecretaryCarson/status/877158607082663936"
"Talking with @ABCNational about how we need to make homeownership inclusive https://t.co/6YnfQGmGwh","http://web.archive.org/*/https://twitter.com/SecretaryCarson/status/877158607082663936"
"Chatting w/ Mike Bellaman about how @ABCNational firms can work w/ @HUDgov to employ low-income people through the‚Ä¶ https://t.co/0clmhrp5R5","http://web.archive.org/*/http://twitter.com/SecretaryCarson/status/877162109884399616"
"Chatting w/ Mike Bellaman about how @ABCNational firms can work w/ @HUDgov to employ low-income people through the‚Ä¶ https://t.co/0clmhrp5R5","http://web.archive.org/*/https://twitter.com/SecretaryCarson/status/877162109884399616"
"Kicking off @HHSGov @HUDgov &amp; @USDA's  ""Housing as a Platform for Health"" meeting. We must take a holistic approach‚Ä¶ https://t.co/oYsE9pXKDZ","http://web.archive.org/*/http://twitter.com/SecretaryCarson/status/877517032631283712"
"Kicking off @HHSGov @HUDgov &amp; @USDA's  ""Housing as a Platform for Health"" meeting. We must take a holistic approach‚Ä¶ https://t.co/oYsE9pXKDZ","http://web.archive.org/*/https://twitter.com/SecretaryCarson/status/877517032631283712"
"Spoke with @jasonrileywsj about my vision for @HUDgov and the importance of helping people develop  https://t.co/omWSJX4SVS","http://web.archive.org/*/http://twitter.com/SecretaryCarson/status/877535791043497985"
"Spoke with @jasonrileywsj about my vision for @HUDgov and the importance of helping people develop  https://t.co/omWSJX4SVS","http://web.archive.org/*/https://twitter.com/SecretaryCarson/status/877535791043497985"
"Touring the @HUDgov health fair. It's important for everyone to be healthy so they can perform their best! https://t.co/PqYeAeNlO7","http://web.archive.org/*/http://twitter.com/SecretaryCarson/status/877918072786620416"
"Touring the @HUDgov health fair. It's important for everyone to be healthy so they can perform their best! https://t.co/PqYeAeNlO7","http://web.archive.org/*/https://twitter.com/SecretaryCarson/status/877918072786620416"
