"This is my real account. Do not follow  @stevenmnuchinUS is fake","http://web.archive.org/*/http://twitter.com/stevenmnuchin1/status/800414571794026497"
"This is my real account. Do not follow  @stevenmnuchinUS is fake","http://web.archive.org/*/https://twitter.com/stevenmnuchin1/status/800414571794026497"
"I am honored to have been nominated by President-Elect @realDonaldTrump to serve as Secretary of the Treasury. #MakeAmericaGreatAgain","http://web.archive.org/*/http://twitter.com/stevenmnuchin1/status/804005875686014976"
"I am honored to have been nominated by President-Elect @realDonaldTrump to serve as Secretary of the Treasury. #MakeAmericaGreatAgain","http://web.archive.org/*/https://twitter.com/stevenmnuchin1/status/804005875686014976"
"RT @DanScavino: I'm a big fan of @stevenmnuchin1- @realDonaldTrump's nominee for U.S. Department of Treasury. Give him a follow- tremendous…","http://web.archive.org/*/http://twitter.com/stevenmnuchin1/status/804011043756318720"
"RT @DanScavino: I'm a big fan of @stevenmnuchin1- @realDonaldTrump's nominee for U.S. Department of Treasury. Give him a follow- tremendous…","http://web.archive.org/*/https://twitter.com/stevenmnuchin1/status/804011043756318720"
"@thefullmnuchin is a FAKE ACCOUNT. I am in the process of having my real account verified.","http://web.archive.org/*/http://twitter.com/stevenmnuchin1/status/805465172752023552"
"@thefullmnuchin is a FAKE ACCOUNT. I am in the process of having my real account verified.","http://web.archive.org/*/https://twitter.com/stevenmnuchin1/status/805465172752023552"
"RT @SenateMajLdr: There is no doubt that Steven Mnuchin leading the @USTreasury can help reverse the last 8 years of economic heartache. ht…","http://web.archive.org/*/http://twitter.com/stevenmnuchin1/status/806977670638669824"
"RT @SenateMajLdr: There is no doubt that Steven Mnuchin leading the @USTreasury can help reverse the last 8 years of economic heartache. ht…","http://web.archive.org/*/https://twitter.com/stevenmnuchin1/status/806977670638669824"
"RT @GOPSenFinance: Chair @SenOrrinHatch says @USTreasury Sec nominee has ""a deep understanding of the fiscal challenges we face."" https://t…","http://web.archive.org/*/http://twitter.com/stevenmnuchin1/status/806977900197150720"
"RT @GOPSenFinance: Chair @SenOrrinHatch says @USTreasury Sec nominee has ""a deep understanding of the fiscal challenges we face."" https://t…","http://web.archive.org/*/https://twitter.com/stevenmnuchin1/status/806977900197150720"
"RT @GrassleyPress: Senior Finance Cmte member/fmr Chairman @ChuckGrassley meets Treasury nominee @stevenmnuchin1. Senate Finance will consi…","http://web.archive.org/*/http://twitter.com/stevenmnuchin1/status/806978082527711232"
"RT @GrassleyPress: Senior Finance Cmte member/fmr Chairman @ChuckGrassley meets Treasury nominee @stevenmnuchin1. Senate Finance will consi…","http://web.archive.org/*/https://twitter.com/stevenmnuchin1/status/806978082527711232"
"RT @SenJohnThune: .@USTreasury needs a person like @stevenmnuchin1 who’s ready to get to work for the American people on day one. https://t…","http://web.archive.org/*/http://twitter.com/stevenmnuchin1/status/806997705268559872"
"RT @SenJohnThune: .@USTreasury needs a person like @stevenmnuchin1 who’s ready to get to work for the American people on day one. https://t…","http://web.archive.org/*/https://twitter.com/stevenmnuchin1/status/806997705268559872"
"RT @MikeCrapo: My thoughts following my meeting yesterday with @stevenmnuchin1, who has been nominated to be our next @USTreasury Secretary…","http://web.archive.org/*/http://twitter.com/stevenmnuchin1/status/809132107259871232"
"RT @MikeCrapo: My thoughts following my meeting yesterday with @stevenmnuchin1, who has been nominated to be our next @USTreasury Secretary…","http://web.archive.org/*/https://twitter.com/stevenmnuchin1/status/809132107259871232"
"RT @GOP: Meet @stevenmnuchin1, America’s Next Treasury Secretary https://t.co/mX1VcOoqde https://t.co/QpZUn53uYK","http://web.archive.org/*/http://twitter.com/stevenmnuchin1/status/810112941328625665"
"RT @GOP: Meet @stevenmnuchin1, America’s Next Treasury Secretary https://t.co/mX1VcOoqde https://t.co/QpZUn53uYK","http://web.archive.org/*/https://twitter.com/stevenmnuchin1/status/810112941328625665"
"RT @SenTomCotton: Treasury Secretary nominee Steven Mnuchin is prepared &amp; ready to implement President-elect Trump’s economic agenda. https…","http://web.archive.org/*/http://twitter.com/stevenmnuchin1/status/811577155670908928"
"RT @SenTomCotton: Treasury Secretary nominee Steven Mnuchin is prepared &amp; ready to implement President-elect Trump’s economic agenda. https…","http://web.archive.org/*/https://twitter.com/stevenmnuchin1/status/811577155670908928"
"RT @JeffFlake: Good talk with @stevenmnuchin1 today on how we can help #Arizona businesses by addressing @USTreasury's application of #Bord…","http://web.archive.org/*/http://twitter.com/stevenmnuchin1/status/817068168665563137"
"RT @JeffFlake: Good talk with @stevenmnuchin1 today on how we can help #Arizona businesses by addressing @USTreasury's application of #Bord…","http://web.archive.org/*/https://twitter.com/stevenmnuchin1/status/817068168665563137"
"RT @SenToomey: Great to meet Treasury secretary nom @stevenmnuchin1. Discussed encouraging stronger econ growth: reforming tax code &amp; rolli…","http://web.archive.org/*/http://twitter.com/stevenmnuchin1/status/817068277964959744"
"RT @SenToomey: Great to meet Treasury secretary nom @stevenmnuchin1. Discussed encouraging stronger econ growth: reforming tax code &amp; rolli…","http://web.archive.org/*/https://twitter.com/stevenmnuchin1/status/817068277964959744"
"RT @JohnCornyn: Enjoyed talking with Treasury Sec nominee Steve Mnuchin about relief for community banks, taxes, trade, economic growth, de…","http://web.archive.org/*/http://twitter.com/stevenmnuchin1/status/817068458173202432"
"RT @JohnCornyn: Enjoyed talking with Treasury Sec nominee Steve Mnuchin about relief for community banks, taxes, trade, economic growth, de…","http://web.archive.org/*/https://twitter.com/stevenmnuchin1/status/817068458173202432"
"RT @SteveDaines: .@stevenmnuchin1 will make the bold decisions necessary to put our fiscal house in order and back a pro-growth, pro-jobs a…","http://web.archive.org/*/http://twitter.com/stevenmnuchin1/status/819280131969716224"
"RT @SteveDaines: .@stevenmnuchin1 will make the bold decisions necessary to put our fiscal house in order and back a pro-growth, pro-jobs a…","http://web.archive.org/*/https://twitter.com/stevenmnuchin1/status/819280131969716224"
"RT @realDonaldTrump: Congratulations Treasury Secretary Steven Mnuchin! #ICYMI- watch here: https://t.co/RPsmw4yD7y https://t.co/K8tWLlXiYK","http://web.archive.org/*/http://twitter.com/stevenmnuchin1/status/831336949189341184"
"RT @realDonaldTrump: Congratulations Treasury Secretary Steven Mnuchin! #ICYMI- watch here: https://t.co/RPsmw4yD7y https://t.co/K8tWLlXiYK","http://web.archive.org/*/https://twitter.com/stevenmnuchin1/status/831336949189341184"
"Yesterday I spoke with @PHammondMP -- I'm excited to work with him. We'll accomplish great things for #USA &amp; #UK! https://t.co/k0JAPYrn8w","http://web.archive.org/*/http://twitter.com/stevenmnuchin1/status/832015493498277888"
"Yesterday I spoke with @PHammondMP -- I'm excited to work with him. We'll accomplish great things for #USA &amp; #UK! https://t.co/k0JAPYrn8w","http://web.archive.org/*/https://twitter.com/stevenmnuchin1/status/832015493498277888"
"Yesterday I spoke with German Finance Minister
Schauble.  I look forward to meeting again at the G20 this month! https://t.co/evef9Nppoy","http://web.archive.org/*/http://twitter.com/stevenmnuchin1/status/832364345543770119"
"Yesterday I spoke with German Finance Minister
Schauble.  I look forward to meeting again at the G20 this month! https://t.co/evef9Nppoy","http://web.archive.org/*/https://twitter.com/stevenmnuchin1/status/832364345543770119"
"It was great speaking with DPM Aso yesterday.  I look forward to working with him on behalf of the United States! https://t.co/ZJksNlkGm5","http://web.archive.org/*/http://twitter.com/stevenmnuchin1/status/832389069279735809"
"It was great speaking with DPM Aso yesterday.  I look forward to working with him on behalf of the United States! https://t.co/ZJksNlkGm5","http://web.archive.org/*/https://twitter.com/stevenmnuchin1/status/832389069279735809"
"Enjoyed speaking w/ China's econ and finance officials on fostering US-China engagement during my tenure. https://t.co/2nmCX4ZhpW","http://web.archive.org/*/http://twitter.com/stevenmnuchin1/status/832659077125722112"
"Enjoyed speaking w/ China's econ and finance officials on fostering US-China engagement during my tenure. https://t.co/2nmCX4ZhpW","http://web.archive.org/*/https://twitter.com/stevenmnuchin1/status/832659077125722112"
"Today, I spoke with @JoseAMeadeK on econ bilat issues facing our two nations. Look fwd to continuing our dialogue. https://t.co/J9ebJKhRTi","http://web.archive.org/*/http://twitter.com/stevenmnuchin1/status/834123489657384960"
"Today, I spoke with @JoseAMeadeK on econ bilat issues facing our two nations. Look fwd to continuing our dialogue. https://t.co/J9ebJKhRTi","http://web.archive.org/*/https://twitter.com/stevenmnuchin1/status/834123489657384960"
"Earlier, I discussed global economic and finance issues with #IMF @Lagarde. Look forward to working together. https://t.co/KyJtfyfvjD","http://web.archive.org/*/http://twitter.com/stevenmnuchin1/status/834124181491023872"
"Earlier, I discussed global economic and finance issues with #IMF @Lagarde. Look forward to working together. https://t.co/KyJtfyfvjD","http://web.archive.org/*/https://twitter.com/stevenmnuchin1/status/834124181491023872"
"Productive mtg w/ @BankofEngland Gov. Mark Carney.  Look fwd to working on international financial issues together. https://t.co/YCHpJ9bbKj","http://web.archive.org/*/http://twitter.com/stevenmnuchin1/status/834940356043100160"
"Productive mtg w/ @BankofEngland Gov. Mark Carney.  Look fwd to working on international financial issues together. https://t.co/YCHpJ9bbKj","http://web.archive.org/*/https://twitter.com/stevenmnuchin1/status/834940356043100160"
"I spoke w/ @Bill_Morneau abt the deep econ ties btwn U.S./Canada. Look fwd to collaborating together &amp; mtg next week https://t.co/oZBVbZXLOw","http://web.archive.org/*/http://twitter.com/stevenmnuchin1/status/834942038021976064"
"I spoke w/ @Bill_Morneau abt the deep econ ties btwn U.S./Canada. Look fwd to collaborating together &amp; mtg next week https://t.co/oZBVbZXLOw","http://web.archive.org/*/https://twitter.com/stevenmnuchin1/status/834942038021976064"
"This AM I spoke with @PCPadoan. I look forward to working on a range of issues and meeting at the G-20. https://t.co/OCVAGhpkpa","http://web.archive.org/*/http://twitter.com/stevenmnuchin1/status/835290673515491332"
"This AM I spoke with @PCPadoan. I look forward to working on a range of issues and meeting at the G-20. https://t.co/OCVAGhpkpa","http://web.archive.org/*/https://twitter.com/stevenmnuchin1/status/835290673515491332"
"Earlier, I enjoyed speaking with @MichelSapin. Look forward to the collaboration between our two nations. #USA #FRA https://t.co/KfXFhDKcTK","http://web.archive.org/*/http://twitter.com/stevenmnuchin1/status/835299719177994240"
"Earlier, I enjoyed speaking with @MichelSapin. Look forward to the collaboration between our two nations. #USA #FRA https://t.co/KfXFhDKcTK","http://web.archive.org/*/https://twitter.com/stevenmnuchin1/status/835299719177994240"
"Yesterday, I met and discussed econ and finance issues with Gov. Agustin Carstens of @Banxico. https://t.co/tJ2RbLcWYQ","http://web.archive.org/*/http://twitter.com/stevenmnuchin1/status/836590595724410881"
"Yesterday, I met and discussed econ and finance issues with Gov. Agustin Carstens of @Banxico. https://t.co/tJ2RbLcWYQ","http://web.archive.org/*/https://twitter.com/stevenmnuchin1/status/836590595724410881"
"I spoke earlier with @J_Dijsselbloem. I look forward to collaborating on economic and finance issues. #USA #NLD https://t.co/Kv1yxmpsP4","http://web.archive.org/*/http://twitter.com/stevenmnuchin1/status/836695825782878209"
"I spoke earlier with @J_Dijsselbloem. I look forward to collaborating on economic and finance issues. #USA #NLD https://t.co/Kv1yxmpsP4","http://web.archive.org/*/https://twitter.com/stevenmnuchin1/status/836695825782878209"
"Proud to hear @realDonaldTrump deliver on his promise to the American people with an agenda to bring back jobs. #JointAddress","http://web.archive.org/*/http://twitter.com/stevenmnuchin1/status/836757011404570624"
"Proud to hear @realDonaldTrump deliver on his promise to the American people with an agenda to bring back jobs. #JointAddress","http://web.archive.org/*/https://twitter.com/stevenmnuchin1/status/836757011404570624"
"RT @USTreasury: Statement from @USTreasury Secretary @stevenmnuchin1 on @POTUS speech. https://t.co/62KqnbLu7u  #JointAddress","http://web.archive.org/*/http://twitter.com/stevenmnuchin1/status/836778734887841792"
"RT @USTreasury: Statement from @USTreasury Secretary @stevenmnuchin1 on @POTUS speech. https://t.co/62KqnbLu7u  #JointAddress","http://web.archive.org/*/https://twitter.com/stevenmnuchin1/status/836778734887841792"
".@realDonaldTrump will grow the economy with tax cuts for working families and end regulations stifling job creation!","http://web.archive.org/*/http://twitter.com/stevenmnuchin1/status/836778884448288770"
".@realDonaldTrump will grow the economy with tax cuts for working families and end regulations stifling job creation!","http://web.archive.org/*/https://twitter.com/stevenmnuchin1/status/836778884448288770"
"We must simplify the tax code, reduce business tax rates, and make America competitive in the global economy!","http://web.archive.org/*/http://twitter.com/stevenmnuchin1/status/836779711250444288"
"We must simplify the tax code, reduce business tax rates, and make America competitive in the global economy!","http://web.archive.org/*/https://twitter.com/stevenmnuchin1/status/836779711250444288"
"We will end Obama-era policies that have held back growth, and unleash the new jobs Americans need and deserve!","http://web.archive.org/*/http://twitter.com/stevenmnuchin1/status/836780432184262658"
"We will end Obama-era policies that have held back growth, and unleash the new jobs Americans need and deserve!","http://web.archive.org/*/https://twitter.com/stevenmnuchin1/status/836780432184262658"
"Yesterday in DC, I hosted @Bill_Morneau. We will continue the close and productive relationship btwn the US &amp; Canada.https://t.co/58K3mf4gaP","http://web.archive.org/*/http://twitter.com/stevenmnuchin1/status/837400532549513216"
"Yesterday in DC, I hosted @Bill_Morneau. We will continue the close and productive relationship btwn the US &amp; Canada.https://t.co/58K3mf4gaP","http://web.archive.org/*/https://twitter.com/stevenmnuchin1/status/837400532549513216"
"Last night, I spoke with ROK Deputy PM Yoo Il-ho. I look forward to continuing our long economic partnership. https://t.co/WJ0xgN2Ceg","http://web.archive.org/*/http://twitter.com/stevenmnuchin1/status/837419305151115264"
"Last night, I spoke with ROK Deputy PM Yoo Il-ho. I look forward to continuing our long economic partnership. https://t.co/WJ0xgN2Ceg","http://web.archive.org/*/https://twitter.com/stevenmnuchin1/status/837419305151115264"
"Today, I hosted @JoseAMeadeK as we continue the economic dialogue between the U.S. and Mexico. https://t.co/o5H3adl5ht","http://web.archive.org/*/http://twitter.com/stevenmnuchin1/status/839240519637217280"
"Today, I hosted @JoseAMeadeK as we continue the economic dialogue between the U.S. and Mexico. https://t.co/o5H3adl5ht","http://web.archive.org/*/https://twitter.com/stevenmnuchin1/status/839240519637217280"
"Earlier today I spoke with @PierreMoscovici. I look forward to collaborating on a range of strategic issues. https://t.co/VGbbQrLFBK","http://web.archive.org/*/http://twitter.com/stevenmnuchin1/status/841419215877861377"
"Earlier today I spoke with @PierreMoscovici. I look forward to collaborating on a range of strategic issues. https://t.co/VGbbQrLFBK","http://web.archive.org/*/https://twitter.com/stevenmnuchin1/status/841419215877861377"
"Yesterday, I spoke w/ Minister of Finance Gordhan of #RSA. I look forward to working with him.","http://web.archive.org/*/http://twitter.com/stevenmnuchin1/status/841728176141266944"
"Yesterday, I spoke w/ Minister of Finance Gordhan of #RSA. I look forward to working with him.","http://web.archive.org/*/https://twitter.com/stevenmnuchin1/status/841728176141266944"
"Today, I met w/ @PHammondMP &amp; discussed the US/UK Special Relationship &amp; working on econ issues of mutual benefit. https://t.co/U7s1b3CBfW","http://web.archive.org/*/http://twitter.com/stevenmnuchin1/status/842416630869155848"
"Today, I met w/ @PHammondMP &amp; discussed the US/UK Special Relationship &amp; working on econ issues of mutual benefit. https://t.co/U7s1b3CBfW","http://web.archive.org/*/https://twitter.com/stevenmnuchin1/status/842416630869155848"
"RT @USTreasury: Statement from Secretary of the Treasury Steven Mnuchin on President Trump’s #AmericasBudget Proposal: https://t.co/YJnkfwJ…","http://web.archive.org/*/http://twitter.com/stevenmnuchin1/status/842416830505463809"
"RT @USTreasury: Statement from Secretary of the Treasury Steven Mnuchin on President Trump’s #AmericasBudget Proposal: https://t.co/YJnkfwJ…","http://web.archive.org/*/https://twitter.com/stevenmnuchin1/status/842416830505463809"
".@realDonaldTrump budget focuses @USTreasury on core missions like protecting the financial system, and combating terror financing.","http://web.archive.org/*/http://twitter.com/stevenmnuchin1/status/842473198079889416"
".@realDonaldTrump budget focuses @USTreasury on core missions like protecting the financial system, and combating terror financing.","http://web.archive.org/*/https://twitter.com/stevenmnuchin1/status/842473198079889416"
".@POTUS Budget will ensure @USTreasury has resources to enforce tax laws while investing in cybersecurity, technology, and modernization.","http://web.archive.org/*/http://twitter.com/stevenmnuchin1/status/842475333089689600"
".@POTUS Budget will ensure @USTreasury has resources to enforce tax laws while investing in cybersecurity, technology, and modernization.","http://web.archive.org/*/https://twitter.com/stevenmnuchin1/status/842475333089689600"
"Today I met w/ @MOF_Japan, DPM Taro Aso &amp; discussed the US-Japan Econ relationship. #G20BadenBaden  https://t.co/OPG9HGjaOX","http://web.archive.org/*/http://twitter.com/stevenmnuchin1/status/842884428409917440"
"Today I met w/ @MOF_Japan, DPM Taro Aso &amp; discussed the US-Japan Econ relationship. #G20BadenBaden  https://t.co/OPG9HGjaOX","http://web.archive.org/*/https://twitter.com/stevenmnuchin1/status/842884428409917440"
"Earlier I met w/ Minister Mohammed al Jadaan of Saudi Arabia. I look fwd to continuing our productive discussions https://t.co/OnlCnEo3tj","http://web.archive.org/*/http://twitter.com/stevenmnuchin1/status/842887682661400577"
"Earlier I met w/ Minister Mohammed al Jadaan of Saudi Arabia. I look fwd to continuing our productive discussions https://t.co/OnlCnEo3tj","http://web.archive.org/*/https://twitter.com/stevenmnuchin1/status/842887682661400577"
"Earlier today I met @MichelSapin and discussed the close relationship between the US and France. #G20BadenBaden https://t.co/M96gXgBMC2","http://web.archive.org/*/http://twitter.com/stevenmnuchin1/status/842889000344047617"
"Earlier today I met @MichelSapin and discussed the close relationship between the US and France. #G20BadenBaden https://t.co/M96gXgBMC2","http://web.archive.org/*/https://twitter.com/stevenmnuchin1/status/842889000344047617"
"RT @USTreasury: Treasury Secretary @stevenmnuchin1 greets reporters on way back from #G20badenbaden https://t.co/xpeqhkKPGZ","http://web.archive.org/*/http://twitter.com/stevenmnuchin1/status/843251729864966144"
"RT @USTreasury: Treasury Secretary @stevenmnuchin1 greets reporters on way back from #G20badenbaden https://t.co/xpeqhkKPGZ","http://web.archive.org/*/https://twitter.com/stevenmnuchin1/status/843251729864966144"
"#MakeG20GreatAgain #G20badenbaden Art Project #MAGA https://t.co/wNPjY5BtcM","http://web.archive.org/*/http://twitter.com/stevenmnuchin1/status/843257992376078336"
"#MakeG20GreatAgain #G20badenbaden Art Project #MAGA https://t.co/wNPjY5BtcM","http://web.archive.org/*/https://twitter.com/stevenmnuchin1/status/843257992376078336"
"I met with @mofaqatar_en Minister @mba_althani_ in DC. We discussed the US-Qatar economic relationship. (Corrected) https://t.co/NHPRNuyl6j","http://web.archive.org/*/http://twitter.com/stevenmnuchin1/status/844514787585392640"
"I met with @mofaqatar_en Minister @mba_althani_ in DC. We discussed the US-Qatar economic relationship. (Corrected) https://t.co/NHPRNuyl6j","http://web.archive.org/*/https://twitter.com/stevenmnuchin1/status/844514787585392640"
"RT @USTreasury: Statement from @stevenmnuchin1 on @POTUS #BuyAmericanHireAmerican Initiative. https://t.co/hifBB3KHQM","http://web.archive.org/*/http://twitter.com/stevenmnuchin1/status/854694841611169792"
"RT @USTreasury: Statement from @stevenmnuchin1 on @POTUS #BuyAmericanHireAmerican Initiative. https://t.co/hifBB3KHQM","http://web.archive.org/*/https://twitter.com/stevenmnuchin1/status/854694841611169792"
"I’m proud to stand w/ @RealDonaldTrump on “Buy American, Hire American” initiatives to stimulate econ &amp; wage growth… https://t.co/CF5EZPNFBJ","http://web.archive.org/*/http://twitter.com/stevenmnuchin1/status/854799332553392128"
"I’m proud to stand w/ @RealDonaldTrump on “Buy American, Hire American” initiatives to stimulate econ &amp; wage growth… https://t.co/CF5EZPNFBJ","http://web.archive.org/*/https://twitter.com/stevenmnuchin1/status/854799332553392128"
"Earlier today, I met w/ @MOF_KSA Minister al-Jadaan &amp; @SAMA_GOV Governor al-Kholifey.  https://t.co/nQFbxwOPQP https://t.co/V3NVndt6My","http://web.archive.org/*/http://twitter.com/stevenmnuchin1/status/854843937097383937"
"Earlier today, I met w/ @MOF_KSA Minister al-Jadaan &amp; @SAMA_GOV Governor al-Kholifey.  https://t.co/nQFbxwOPQP https://t.co/V3NVndt6My","http://web.archive.org/*/https://twitter.com/stevenmnuchin1/status/854843937097383937"
"This morning I welcomed @JoseAMeadeK and discussed strengthening the US &amp; Mexican economies. https://t.co/dl9GDxhsJp https://t.co/a6hLs6kOBp","http://web.archive.org/*/http://twitter.com/stevenmnuchin1/status/855132847711113220"
"This morning I welcomed @JoseAMeadeK and discussed strengthening the US &amp; Mexican economies. https://t.co/dl9GDxhsJp https://t.co/a6hLs6kOBp","http://web.archive.org/*/https://twitter.com/stevenmnuchin1/status/855132847711113220"
"Earlier today, I visited w/ @FMPhamBinhMinh and discussed issues of mutual importance to the US and Vietnam.… https://t.co/fOuCsKW2sl","http://web.archive.org/*/http://twitter.com/stevenmnuchin1/status/855135638164787201"
"Earlier today, I visited w/ @FMPhamBinhMinh and discussed issues of mutual importance to the US and Vietnam.… https://t.co/fOuCsKW2sl","http://web.archive.org/*/https://twitter.com/stevenmnuchin1/status/855135638164787201"
"Today, I hosted Singapore DPM @Tharman_S and discussed the economic issues involving the US and Singapore.… https://t.co/VKzTg36OTX","http://web.archive.org/*/http://twitter.com/stevenmnuchin1/status/855199554270093312"
"Today, I hosted Singapore DPM @Tharman_S and discussed the economic issues involving the US and Singapore.… https://t.co/VKzTg36OTX","http://web.archive.org/*/https://twitter.com/stevenmnuchin1/status/855199554270093312"
"I met with @Banxico Gov. Carstens today. We discussed the importance of working together on IMF and G-20 issues. https://t.co/McHmQMd45O","http://web.archive.org/*/http://twitter.com/stevenmnuchin1/status/855201859975483393"
"I met with @Banxico Gov. Carstens today. We discussed the importance of working together on IMF and G-20 issues. https://t.co/McHmQMd45O","http://web.archive.org/*/https://twitter.com/stevenmnuchin1/status/855201859975483393"
"Great to welcome @RealDonaldTrump to @USTreasury &amp; sign directives for economic &amp; job growth for all Americans.… https://t.co/zpHFc09fkm","http://web.archive.org/*/http://twitter.com/stevenmnuchin1/status/855565856482394112"
"Great to welcome @RealDonaldTrump to @USTreasury &amp; sign directives for economic &amp; job growth for all Americans.… https://t.co/zpHFc09fkm","http://web.archive.org/*/https://twitter.com/stevenmnuchin1/status/855565856482394112"
"This morning I met w/ my counterparts from China, Finance Minister Xiao &amp; PBOC Gov. Zhou and discussed our bilatera… https://t.co/OcpnHNiatE","http://web.archive.org/*/http://twitter.com/stevenmnuchin1/status/855569640097026048"
"This morning I met w/ my counterparts from China, Finance Minister Xiao &amp; PBOC Gov. Zhou and discussed our bilatera… https://t.co/OcpnHNiatE","http://web.archive.org/*/https://twitter.com/stevenmnuchin1/status/855569640097026048"
"Yesterday, I met w/ @Vdombrovskis @poerremoscovici on US/European economic issues. https://t.co/9awciWLRCb","http://web.archive.org/*/http://twitter.com/stevenmnuchin1/status/855570258421309442"
"Yesterday, I met w/ @Vdombrovskis @poerremoscovici on US/European economic issues. https://t.co/9awciWLRCb","http://web.archive.org/*/https://twitter.com/stevenmnuchin1/status/855570258421309442"
"Yesterday, I met with DPM Taro Aso from @MOF_Japan and discussed important bilateral issues facing US &amp; Japan. https://t.co/MlIDf8d2jN","http://web.archive.org/*/http://twitter.com/stevenmnuchin1/status/855570562801954818"
"Yesterday, I met with DPM Taro Aso from @MOF_Japan and discussed important bilateral issues facing US &amp; Japan. https://t.co/MlIDf8d2jN","http://web.archive.org/*/https://twitter.com/stevenmnuchin1/status/855570562801954818"
"Great to be @WhiteHouse w/ @davidwebbshow this AM and talking about @POTUS First #100Days accomplishments. https://t.co/TDe3cqM0nh","http://web.archive.org/*/http://twitter.com/stevenmnuchin1/status/857268575622574081"
"Great to be @WhiteHouse w/ @davidwebbshow this AM and talking about @POTUS First #100Days accomplishments. https://t.co/TDe3cqM0nh","http://web.archive.org/*/https://twitter.com/stevenmnuchin1/status/857268575622574081"
"This AM, I was on @CBSRadioNews w/ @StevenPortnoy discussing @POTUS first #100Days of accomplishments and work for… https://t.co/mAqcAT2RZW","http://web.archive.org/*/http://twitter.com/stevenmnuchin1/status/857271082654609409"
"This AM, I was on @CBSRadioNews w/ @StevenPortnoy discussing @POTUS first #100Days of accomplishments and work for… https://t.co/mAqcAT2RZW","http://web.archive.org/*/https://twitter.com/stevenmnuchin1/status/857271082654609409"
"Earlier today, I was on @FoxNewsRadio w/ Jon Decker discussing @RealDonaldTrump #100Days of work on behalf of the A… https://t.co/1UO6vk1UDq","http://web.archive.org/*/http://twitter.com/stevenmnuchin1/status/857273170948227073"
"Earlier today, I was on @FoxNewsRadio w/ Jon Decker discussing @RealDonaldTrump #100Days of work on behalf of the A… https://t.co/1UO6vk1UDq","http://web.archive.org/*/https://twitter.com/stevenmnuchin1/status/857273170948227073"
"Enjoyed being on @tuckercarlson last night talking tax reform for US businesses &amp; workers. Will create jobs &amp; unlea… https://t.co/89d6F8sUTu","http://web.archive.org/*/http://twitter.com/stevenmnuchin1/status/857582087523758080"
"Enjoyed being on @tuckercarlson last night talking tax reform for US businesses &amp; workers. Will create jobs &amp; unlea… https://t.co/89d6F8sUTu","http://web.archive.org/*/https://twitter.com/stevenmnuchin1/status/857582087523758080"
"Thank you @CBSthisMorning @GMA &amp; @TODAYshow for having me on to talk about tax reform for American workers and busi… https://t.co/TJ97ZMwpcX","http://web.archive.org/*/http://twitter.com/stevenmnuchin1/status/857582403111591936"
"Thank you @CBSthisMorning @GMA &amp; @TODAYshow for having me on to talk about tax reform for American workers and busi… https://t.co/TJ97ZMwpcX","http://web.archive.org/*/https://twitter.com/stevenmnuchin1/status/857582403111591936"
"Thanks to @MilkenInstitute and @MariaBartiromo for having me to discuss global economic and market issues. #MIGlobal https://t.co/uChOahu54o","http://web.archive.org/*/http://twitter.com/stevenmnuchin1/status/859093056385015813"
"Thanks to @MilkenInstitute and @MariaBartiromo for having me to discuss global economic and market issues. #MIGlobal https://t.co/uChOahu54o","http://web.archive.org/*/https://twitter.com/stevenmnuchin1/status/859093056385015813"
"Thanks to @ICBA for hosting me today. It was great discussing economic issues that are facing our community banks. https://t.co/H6plLVnthP","http://web.archive.org/*/http://twitter.com/stevenmnuchin1/status/859801947049783301"
"Thanks to @ICBA for hosting me today. It was great discussing economic issues that are facing our community banks. https://t.co/H6plLVnthP","http://web.archive.org/*/https://twitter.com/stevenmnuchin1/status/859801947049783301"
"Proud 2 launch https://t.co/kQiGhfNgbx so taxpayers can see how the gov't is putting their tax dollars 2 work in communities across #America","http://web.archive.org/*/http://twitter.com/stevenmnuchin1/status/861954834072842240"
"Proud 2 launch https://t.co/kQiGhfNgbx so taxpayers can see how the gov't is putting their tax dollars 2 work in communities across #America","http://web.archive.org/*/https://twitter.com/stevenmnuchin1/status/861954834072842240"
"I had the great honor of signing my signature that will appear on our currency later this year. Thank you to the st… https://t.co/jrl3oG2FZP","http://web.archive.org/*/http://twitter.com/stevenmnuchin1/status/862384511673393153"
"I had the great honor of signing my signature that will appear on our currency later this year. Thank you to the st… https://t.co/jrl3oG2FZP","http://web.archive.org/*/https://twitter.com/stevenmnuchin1/status/862384511673393153"
"I met with Prime Minister @KvirikashviliGi of Georgia and discussed important econ and natl. security issues.… https://t.co/aEoM1YZSP1","http://web.archive.org/*/http://twitter.com/stevenmnuchin1/status/862391445763837952"
"I met with Prime Minister @KvirikashviliGi of Georgia and discussed important econ and natl. security issues.… https://t.co/aEoM1YZSP1","http://web.archive.org/*/https://twitter.com/stevenmnuchin1/status/862391445763837952"
"Just arrived in Bari for the #G7Finance Ministerial #G7 #G7ItalyUS https://t.co/shtszINEqH","http://web.archive.org/*/http://twitter.com/stevenmnuchin1/status/862711732007047168"
"Just arrived in Bari for the #G7Finance Ministerial #G7 #G7ItalyUS https://t.co/shtszINEqH","http://web.archive.org/*/https://twitter.com/stevenmnuchin1/status/862711732007047168"
"I applaud @RepKevinBrady @PeterRoskam for calling hearings to emphasize economic growth &amp; job creation as key goals of tax reform.","http://web.archive.org/*/http://twitter.com/stevenmnuchin1/status/862724011763093505"
"I applaud @RepKevinBrady @PeterRoskam for calling hearings to emphasize economic growth &amp; job creation as key goals of tax reform.","http://web.archive.org/*/https://twitter.com/stevenmnuchin1/status/862724011763093505"
"Productive mtg with @PCPadoan. We discussed global economics, cybersecurity issues @ #G7Finance Meeting. #G7ItalyUS… https://t.co/Q0RRlcyV5B","http://web.archive.org/*/http://twitter.com/stevenmnuchin1/status/862761249536331776"
"Productive mtg with @PCPadoan. We discussed global economics, cybersecurity issues @ #G7Finance Meeting. #G7ItalyUS… https://t.co/Q0RRlcyV5B","http://web.archive.org/*/https://twitter.com/stevenmnuchin1/status/862761249536331776"
"Enjoyed my discussion with @Bill_Morneau on global econ growth, job creation &amp; the strong bond between our nations. #G7FinanceMinisterial","http://web.archive.org/*/http://twitter.com/stevenmnuchin1/status/862992209326592002"
"Enjoyed my discussion with @Bill_Morneau on global econ growth, job creation &amp; the strong bond between our nations. #G7FinanceMinisterial","http://web.archive.org/*/https://twitter.com/stevenmnuchin1/status/862992209326592002"
"I met with @BMF_Bund Minister Schauble &amp; discussed the importance of US &amp; German collaboration on global economic i… https://t.co/gHt3wgoJl2","http://web.archive.org/*/http://twitter.com/stevenmnuchin1/status/863115300174036992"
"I met with @BMF_Bund Minister Schauble &amp; discussed the importance of US &amp; German collaboration on global economic i… https://t.co/gHt3wgoJl2","http://web.archive.org/*/https://twitter.com/stevenmnuchin1/status/863115300174036992"
"Today I met w/ Japanese DPM Taro Aso &amp; discussed shared economic interests &amp; thanked him for a strong partnership #G7Finance #G7ItalyUS #G7","http://web.archive.org/*/http://twitter.com/stevenmnuchin1/status/863116168155889664"
"Today I met w/ Japanese DPM Taro Aso &amp; discussed shared economic interests &amp; thanked him for a strong partnership #G7Finance #G7ItalyUS #G7","http://web.archive.org/*/https://twitter.com/stevenmnuchin1/status/863116168155889664"
"Great meeting with @PhilipHammondUK to wrap up the #G7Finance meeting. #G7Bari https://t.co/AwsuousR14","http://web.archive.org/*/http://twitter.com/stevenmnuchin1/status/863344487392829446"
"Great meeting with @PhilipHammondUK to wrap up the #G7Finance meeting. #G7Bari https://t.co/AwsuousR14","http://web.archive.org/*/https://twitter.com/stevenmnuchin1/status/863344487392829446"
"Great to discuss tax reform with retail leaders from @RILAtweets. We all want to grow the economy and create jobs! https://t.co/9xcUb9kKma","http://web.archive.org/*/http://twitter.com/stevenmnuchin1/status/864615163139416065"
"Great to discuss tax reform with retail leaders from @RILAtweets. We all want to grow the economy and create jobs! https://t.co/9xcUb9kKma","http://web.archive.org/*/https://twitter.com/stevenmnuchin1/status/864615163139416065"
"Yesterday, I discussed trade and econ issues w/ @sigmargabriel and #German business leaders. https://t.co/oGjzB6Au5t","http://web.archive.org/*/http://twitter.com/stevenmnuchin1/status/865276237631156227"
"Yesterday, I discussed trade and econ issues w/ @sigmargabriel and #German business leaders. https://t.co/oGjzB6Au5t","http://web.archive.org/*/https://twitter.com/stevenmnuchin1/status/865276237631156227"
"Great discussing growing our economy @USChamber Invest in America Summit yesterday. Growth in the U.S. is great for… https://t.co/fZEHVv7Q6X","http://web.archive.org/*/http://twitter.com/stevenmnuchin1/status/865695728848572417"
"Great discussing growing our economy @USChamber Invest in America Summit yesterday. Growth in the U.S. is great for… https://t.co/fZEHVv7Q6X","http://web.archive.org/*/https://twitter.com/stevenmnuchin1/status/865695728848572417"
"Experts @USTreasury Terrorism &amp; Financial Intel will collaborate w/ Gulf partners 2 counter global terror networks. https://t.co/Ao7kOTfrNT","http://web.archive.org/*/http://twitter.com/stevenmnuchin1/status/866374300823146497"
"Experts @USTreasury Terrorism &amp; Financial Intel will collaborate w/ Gulf partners 2 counter global terror networks. https://t.co/Ao7kOTfrNT","http://web.archive.org/*/https://twitter.com/stevenmnuchin1/status/866374300823146497"
"#TaxpayerFirstBudget focuses @USTreasury on core missions + modernizes, streamlines and increases efficiencies. https://t.co/89dX26ggTy","http://web.archive.org/*/http://twitter.com/stevenmnuchin1/status/867058045804843010"
"#TaxpayerFirstBudget focuses @USTreasury on core missions + modernizes, streamlines and increases efficiencies. https://t.co/89dX26ggTy","http://web.archive.org/*/https://twitter.com/stevenmnuchin1/status/867058045804843010"
"#TaxpayerFirstBudget for @USTreasury prioritizes cybersecurity and combats terrorist financing. https://t.co/89dX26ggTy","http://web.archive.org/*/http://twitter.com/stevenmnuchin1/status/867058879837982722"
"#TaxpayerFirstBudget for @USTreasury prioritizes cybersecurity and combats terrorist financing. https://t.co/89dX26ggTy","http://web.archive.org/*/https://twitter.com/stevenmnuchin1/status/867058879837982722"
"#TaxpayerFirstBudget prevents bailouts, reverses regs, and + tax reform will help generate sustained 3% growth. https://t.co/89dX26ggTy","http://web.archive.org/*/http://twitter.com/stevenmnuchin1/status/867059626319261697"
"#TaxpayerFirstBudget prevents bailouts, reverses regs, and + tax reform will help generate sustained 3% growth. https://t.co/89dX26ggTy","http://web.archive.org/*/https://twitter.com/stevenmnuchin1/status/867059626319261697"
"Thank you to @pgpfoundation for having me at the 2017 #FiscalSummit to discuss #TaxReform and #JobCreation https://t.co/KOyBFc5yMj","http://web.archive.org/*/http://twitter.com/stevenmnuchin1/status/867076046302130176"
"Thank you to @pgpfoundation for having me at the 2017 #FiscalSummit to discuss #TaxReform and #JobCreation https://t.co/KOyBFc5yMj","http://web.archive.org/*/https://twitter.com/stevenmnuchin1/status/867076046302130176"
"Earlier, I discussed savings and financial security at the Financial Literacy &amp; Education Commission meeting.  Than… https://t.co/5WVXOWOjNb","http://web.archive.org/*/http://twitter.com/stevenmnuchin1/status/867521587318329346"
"Earlier, I discussed savings and financial security at the Financial Literacy &amp; Education Commission meeting.  Than… https://t.co/5WVXOWOjNb","http://web.archive.org/*/https://twitter.com/stevenmnuchin1/status/867521587318329346"
"Great meeting with businesses from @NRFnews where we discussed #taxreform and #jobcreation for all Americans. https://t.co/uFNqlrkadX","http://web.archive.org/*/http://twitter.com/stevenmnuchin1/status/867522841800921088"
"Great meeting with businesses from @NRFnews where we discussed #taxreform and #jobcreation for all Americans. https://t.co/uFNqlrkadX","http://web.archive.org/*/https://twitter.com/stevenmnuchin1/status/867522841800921088"
"Congrats to @BrunoLeMaire on his appt. Look forward to working with him on econ issues between the U.S. &amp; France. https://t.co/beY86703pn","http://web.archive.org/*/http://twitter.com/stevenmnuchin1/status/869603764323352577"
"Congrats to @BrunoLeMaire on his appt. Look forward to working with him on econ issues between the U.S. &amp; France. https://t.co/beY86703pn","http://web.archive.org/*/https://twitter.com/stevenmnuchin1/status/869603764323352577"
"Great discussing bilateral economic issues between U.S. &amp; China w/ @USChinaBusiness. Thank you for having me. https://t.co/jxqeBMhCkB","http://web.archive.org/*/http://twitter.com/stevenmnuchin1/status/872146311243599873"
"Great discussing bilateral economic issues between U.S. &amp; China w/ @USChinaBusiness. Thank you for having me. https://t.co/jxqeBMhCkB","http://web.archive.org/*/https://twitter.com/stevenmnuchin1/status/872146311243599873"
"RT @VP: .@POTUS lead a productive meeting on his legislative agenda including health care &amp; tax reform with GOP leaders. https://t.co/EC5N3…","http://web.archive.org/*/http://twitter.com/stevenmnuchin1/status/872415318941020164"
"RT @VP: .@POTUS lead a productive meeting on his legislative agenda including health care &amp; tax reform with GOP leaders. https://t.co/EC5N3…","http://web.archive.org/*/https://twitter.com/stevenmnuchin1/status/872415318941020164"
"RT @SpeakerRyan: This week → The House votes on a jobs bill for Main Street. The #CHOICEact will help #smallbiz &amp; repeal thousands of Obama…","http://web.archive.org/*/http://twitter.com/stevenmnuchin1/status/872469159921287168"
"RT @SpeakerRyan: This week → The House votes on a jobs bill for Main Street. The #CHOICEact will help #smallbiz &amp; repeal thousands of Obama…","http://web.archive.org/*/https://twitter.com/stevenmnuchin1/status/872469159921287168"
"Thank you for the kind words Tom Barrack.  We are working hard on #taxreform for the American people. @business https://t.co/zLymFtd5s7","http://web.archive.org/*/http://twitter.com/stevenmnuchin1/status/872583170394394625"
"Thank you for the kind words Tom Barrack.  We are working hard on #taxreform for the American people. @business https://t.co/zLymFtd5s7","http://web.archive.org/*/https://twitter.com/stevenmnuchin1/status/872583170394394625"
"Great to be with @BizRoundtable discussing important econ issues facing the US. We need #taxreform to create great… https://t.co/LvDeg0Y1kk","http://web.archive.org/*/http://twitter.com/stevenmnuchin1/status/872584150901035008"
"Great to be with @BizRoundtable discussing important econ issues facing the US. We need #taxreform to create great… https://t.co/LvDeg0Y1kk","http://web.archive.org/*/https://twitter.com/stevenmnuchin1/status/872584150901035008"
"Productive meeting with @AIADC discussing #taxreform and regulatory relief. These conversations are crucial in help… https://t.co/90ge8Giz23","http://web.archive.org/*/http://twitter.com/stevenmnuchin1/status/872584936783564801"
"Productive meeting with @AIADC discussing #taxreform and regulatory relief. These conversations are crucial in help… https://t.co/90ge8Giz23","http://web.archive.org/*/https://twitter.com/stevenmnuchin1/status/872584936783564801"
"Met with @HouseGOP this morning. We’re working hard on tax &amp; regulatory reform that grows our economy and serves Am… https://t.co/Urp8yMTSYK","http://web.archive.org/*/http://twitter.com/stevenmnuchin1/status/872830349818159105"
"Met with @HouseGOP this morning. We’re working hard on tax &amp; regulatory reform that grows our economy and serves Am… https://t.co/Urp8yMTSYK","http://web.archive.org/*/https://twitter.com/stevenmnuchin1/status/872830349818159105"
"Thanks to @ShopFloorNAM for a great discussion on corporate &amp; individual #TaxReform. Excited to work w/ manufacture… https://t.co/vlnY3LqwuA","http://web.archive.org/*/http://twitter.com/stevenmnuchin1/status/872856225305833473"
"Thanks to @ShopFloorNAM for a great discussion on corporate &amp; individual #TaxReform. Excited to work w/ manufacture… https://t.co/vlnY3LqwuA","http://web.archive.org/*/https://twitter.com/stevenmnuchin1/status/872856225305833473"
"Honored to speak to the Board of Directors of @USChamber. Collaboration will bring policy &amp; reform that create jobs… https://t.co/yF9KDfOEev","http://web.archive.org/*/http://twitter.com/stevenmnuchin1/status/872856648813039616"
"Honored to speak to the Board of Directors of @USChamber. Collaboration will bring policy &amp; reform that create jobs… https://t.co/yF9KDfOEev","http://web.archive.org/*/https://twitter.com/stevenmnuchin1/status/872856648813039616"
"Grateful to @BrookingsInst &amp; @benbernanke for facilitating constructive conversation on financial regulation, econo… https://t.co/QlOVosISrs","http://web.archive.org/*/http://twitter.com/stevenmnuchin1/status/873168339744559104"
"Grateful to @BrookingsInst &amp; @benbernanke for facilitating constructive conversation on financial regulation, econo… https://t.co/QlOVosISrs","http://web.archive.org/*/https://twitter.com/stevenmnuchin1/status/873168339744559104"
"Great meeting w/ @Bill_Morneau &amp; #MinistersRoundtable. Our trip to #Ottawa underscores the importance of a strong U… https://t.co/mnZFNAUKbI","http://web.archive.org/*/http://twitter.com/stevenmnuchin1/status/873277667168051200"
"Great meeting w/ @Bill_Morneau &amp; #MinistersRoundtable. Our trip to #Ottawa underscores the importance of a strong U… https://t.co/mnZFNAUKbI","http://web.archive.org/*/https://twitter.com/stevenmnuchin1/status/873277667168051200"
"Enjoyed meeting with @Bill_Morneau &amp; @BizCouncilofCan to discuss important economic issues shared by our two nation… https://t.co/ZKu8payDRU","http://web.archive.org/*/http://twitter.com/stevenmnuchin1/status/873284091910795264"
"Enjoyed meeting with @Bill_Morneau &amp; @BizCouncilofCan to discuss important economic issues shared by our two nation… https://t.co/ZKu8payDRU","http://web.archive.org/*/https://twitter.com/stevenmnuchin1/status/873284091910795264"
"Valuable takeaways from sit down with @Bill_Morneau.  Together, we can foster job creation and develop mutually ben… https://t.co/FiH7Oz3BIl","http://web.archive.org/*/http://twitter.com/stevenmnuchin1/status/873290532621045761"
"Valuable takeaways from sit down with @Bill_Morneau.  Together, we can foster job creation and develop mutually ben… https://t.co/FiH7Oz3BIl","http://web.archive.org/*/https://twitter.com/stevenmnuchin1/status/873290532621045761"
"Thank you to @Bill_Morneau &amp; our Canadian neighbors for a productive &amp; valuable trip. I look forward to continuing… https://t.co/VCjjZ8wQqq","http://web.archive.org/*/http://twitter.com/stevenmnuchin1/status/873295085093441538"
"Thank you to @Bill_Morneau &amp; our Canadian neighbors for a productive &amp; valuable trip. I look forward to continuing… https://t.co/VCjjZ8wQqq","http://web.archive.org/*/https://twitter.com/stevenmnuchin1/status/873295085093441538"
"Testified before the HFSGG. Working to fix our tax system &amp; growing our economy. https://t.co/Nllv2NOl97","http://web.archive.org/*/http://twitter.com/stevenmnuchin1/status/874394806969151489"
"Testified before the HFSGG. Working to fix our tax system &amp; growing our economy. https://t.co/Nllv2NOl97","http://web.archive.org/*/https://twitter.com/stevenmnuchin1/status/874394806969151489"
"Proud to deliver to @POTUS our first report on recalibrating the US financial system to achieve the Admin’s core pr… https://t.co/FdTHdEOvEt","http://web.archive.org/*/http://twitter.com/stevenmnuchin1/status/874395253834485764"
"Proud to deliver to @POTUS our first report on recalibrating the US financial system to achieve the Admin’s core pr… https://t.co/FdTHdEOvEt","http://web.archive.org/*/https://twitter.com/stevenmnuchin1/status/874395253834485764"
"Our FinReg report findings are a first step towards solutions that will revitalize our economy &amp; create jobs. https://t.co/ihKZt4VMhJ","http://web.archive.org/*/http://twitter.com/stevenmnuchin1/status/874395461603516418"
"Our FinReg report findings are a first step towards solutions that will revitalize our economy &amp; create jobs. https://t.co/ihKZt4VMhJ","http://web.archive.org/*/https://twitter.com/stevenmnuchin1/status/874395461603516418"
"Meetings w/ hundreds of stakeholders across the financial industry shined light on both gaps &amp; overlap in U.S. financial regs.","http://web.archive.org/*/http://twitter.com/stevenmnuchin1/status/874395774834155520"
"Meetings w/ hundreds of stakeholders across the financial industry shined light on both gaps &amp; overlap in U.S. financial regs.","http://web.archive.org/*/https://twitter.com/stevenmnuchin1/status/874395774834155520"
"Grateful to share an Iftar dinner with friends, old and new, to celebrate the Muslim month of #Ramadan. https://t.co/vKsJsHiZ8B","http://web.archive.org/*/http://twitter.com/stevenmnuchin1/status/874459565953339394"
"Grateful to share an Iftar dinner with friends, old and new, to celebrate the Muslim month of #Ramadan. https://t.co/vKsJsHiZ8B","http://web.archive.org/*/https://twitter.com/stevenmnuchin1/status/874459565953339394"
"Thrilled to join @MariaBartiromo to discuss our FinReg report &amp; fixing undue regulatory burden. We want local &amp; com… https://t.co/EUv51mRn6g","http://web.archive.org/*/http://twitter.com/stevenmnuchin1/status/874590812658688005"
"Thrilled to join @MariaBartiromo to discuss our FinReg report &amp; fixing undue regulatory burden. We want local &amp; com… https://t.co/EUv51mRn6g","http://web.archive.org/*/https://twitter.com/stevenmnuchin1/status/874590812658688005"
"Honored to speak before @BudgetGOP on our priority to bring tax relief to lower &amp; mid-income Americans, &amp; making US biz competitive again.","http://web.archive.org/*/http://twitter.com/stevenmnuchin1/status/874747119516647425"
"Honored to speak before @BudgetGOP on our priority to bring tax relief to lower &amp; mid-income Americans, &amp; making US biz competitive again.","http://web.archive.org/*/https://twitter.com/stevenmnuchin1/status/874747119516647425"
"Productive conversation w/ #RealEstateRoundtable on policy issues affecting real estate, jobs &amp; our economy. Thanks… https://t.co/3jfIgtOMt9","http://web.archive.org/*/http://twitter.com/stevenmnuchin1/status/874760291850096640"
"Productive conversation w/ #RealEstateRoundtable on policy issues affecting real estate, jobs &amp; our economy. Thanks… https://t.co/3jfIgtOMt9","http://web.archive.org/*/https://twitter.com/stevenmnuchin1/status/874760291850096640"
"Always great joining @CharlieRoseShow. We are working hard every day on Tax &amp; Reg reform that benefit all Americans… https://t.co/AOHjxZm6mh","http://web.archive.org/*/http://twitter.com/stevenmnuchin1/status/874945048764461058"
"Always great joining @CharlieRoseShow. We are working hard every day on Tax &amp; Reg reform that benefit all Americans… https://t.co/AOHjxZm6mh","http://web.archive.org/*/https://twitter.com/stevenmnuchin1/status/874945048764461058"
"Constructive discussions with @API_News on #energy &amp; #tradepolicy. Convos w/ industry leaders is important for grow… https://t.co/nsIJqZBIsK","http://web.archive.org/*/http://twitter.com/stevenmnuchin1/status/875063125971791876"
"Constructive discussions with @API_News on #energy &amp; #tradepolicy. Convos w/ industry leaders is important for grow… https://t.co/nsIJqZBIsK","http://web.archive.org/*/https://twitter.com/stevenmnuchin1/status/875063125971791876"
"Testified before HSFOPS today. We are dedicated to uphold @POTUS promise to #AmericanTaxpayers to make sure their m… https://t.co/7ipQOjHnfr","http://web.archive.org/*/http://twitter.com/stevenmnuchin1/status/875063449696555009"
"Testified before HSFOPS today. We are dedicated to uphold @POTUS promise to #AmericanTaxpayers to make sure their m… https://t.co/7ipQOjHnfr","http://web.archive.org/*/https://twitter.com/stevenmnuchin1/status/875063449696555009"
"Pleasure meeting and discussing reforms w/ Northern Triangle finance ministers at #CentAm2017 in Miami today. https://t.co/d2IBe6wqQD","http://web.archive.org/*/http://twitter.com/stevenmnuchin1/status/875363247859400704"
"Pleasure meeting and discussing reforms w/ Northern Triangle finance ministers at #CentAm2017 in Miami today. https://t.co/d2IBe6wqQD","http://web.archive.org/*/https://twitter.com/stevenmnuchin1/status/875363247859400704"
".@JoseAMeadeK and I agreed to cooperate to help the Northern Triangle achieve greater prosperity and security. https://t.co/Gw3JSLcr5I","http://web.archive.org/*/http://twitter.com/stevenmnuchin1/status/875363299998781441"
".@JoseAMeadeK and I agreed to cooperate to help the Northern Triangle achieve greater prosperity and security. https://t.co/Gw3JSLcr5I","http://web.archive.org/*/https://twitter.com/stevenmnuchin1/status/875363299998781441"
"Today, @JoseAMeadeK, @MauricioCard and I discussed econ issues facing the Northern Triangle w/ @jodi_jbond.… https://t.co/aEs8BqJPyd","http://web.archive.org/*/http://twitter.com/stevenmnuchin1/status/875389556417339393"
"Today, @JoseAMeadeK, @MauricioCard and I discussed econ issues facing the Northern Triangle w/ @jodi_jbond.… https://t.co/aEs8BqJPyd","http://web.archive.org/*/https://twitter.com/stevenmnuchin1/status/875389556417339393"
"Thank you to @MiamiDadePD for all your help during my visit to #CentAm2017 and all you do to serve and protect the… https://t.co/dKoLvnfCiK","http://web.archive.org/*/http://twitter.com/stevenmnuchin1/status/875423348913614849"
"Thank you to @MiamiDadePD for all your help during my visit to #CentAm2017 and all you do to serve and protect the… https://t.co/dKoLvnfCiK","http://web.archive.org/*/https://twitter.com/stevenmnuchin1/status/875423348913614849"
"https://t.co/MFOsLsL3DP","http://web.archive.org/*/http://twitter.com/stevenmnuchin1/status/875482916951699456"
"https://t.co/MFOsLsL3DP","http://web.archive.org/*/https://twitter.com/stevenmnuchin1/status/875482916951699456"
"https://t.co/PRrWLueHdR","http://web.archive.org/*/http://twitter.com/stevenmnuchin1/status/875483834917167104"
"https://t.co/PRrWLueHdR","http://web.archive.org/*/https://twitter.com/stevenmnuchin1/status/875483834917167104"
"https://t.co/eifmUzmbeh","http://web.archive.org/*/http://twitter.com/stevenmnuchin1/status/875484712638193664"
"https://t.co/eifmUzmbeh","http://web.archive.org/*/https://twitter.com/stevenmnuchin1/status/875484712638193664"
"Proud 2 support @BGCA_Clubs &amp; our brave, dedicated Congressmen &amp; women playing 2night. Thank you all for your servi… https://t.co/nGDVuCz7vY","http://web.archive.org/*/http://twitter.com/stevenmnuchin1/status/875497323727650816"
"Proud 2 support @BGCA_Clubs &amp; our brave, dedicated Congressmen &amp; women playing 2night. Thank you all for your servi… https://t.co/nGDVuCz7vY","http://web.archive.org/*/https://twitter.com/stevenmnuchin1/status/875497323727650816"
"Honored to swear in Jovita Carranza as the 44th Treasurer of the United States. Proud to serve the American people… https://t.co/0T4faWuxdv","http://web.archive.org/*/http://twitter.com/stevenmnuchin1/status/876823933953159168"
"Honored to swear in Jovita Carranza as the 44th Treasurer of the United States. Proud to serve the American people… https://t.co/0T4faWuxdv","http://web.archive.org/*/https://twitter.com/stevenmnuchin1/status/876823933953159168"
"Productive meeting with @mtbarra - A strong leader of a strong company. #BuyAmericanHireAmerican https://t.co/Z5XXBp2dud","http://web.archive.org/*/http://twitter.com/stevenmnuchin1/status/876929692212895744"
"Productive meeting with @mtbarra - A strong leader of a strong company. #BuyAmericanHireAmerican https://t.co/Z5XXBp2dud","http://web.archive.org/*/https://twitter.com/stevenmnuchin1/status/876929692212895744"
"A pleasure to join @SquawkCNBC from #SelectUSASummit. Direct investment in the US is important for our economy. https://t.co/XZJW4BQcmY","http://web.archive.org/*/http://twitter.com/stevenmnuchin1/status/877135251797135360"
"A pleasure to join @SquawkCNBC from #SelectUSASummit. Direct investment in the US is important for our economy. https://t.co/XZJW4BQcmY","http://web.archive.org/*/https://twitter.com/stevenmnuchin1/status/877135251797135360"
"Enjoyed talking w/ @davidgura at @SelectUSA summit. #Taxreform #trade and regulation rollback are critical to serve… https://t.co/NLBp2qFYkE","http://web.archive.org/*/http://twitter.com/stevenmnuchin1/status/877135842116022272"
"Enjoyed talking w/ @davidgura at @SelectUSA summit. #Taxreform #trade and regulation rollback are critical to serve… https://t.co/NLBp2qFYkE","http://web.archive.org/*/https://twitter.com/stevenmnuchin1/status/877135842116022272"
"Thank you @SelectUSA for hosting me &amp; your work 2 promote foreign direct investment 2 the USA. #FDI is a key initia… https://t.co/Jznjfsi2kZ","http://web.archive.org/*/http://twitter.com/stevenmnuchin1/status/877148094600818690"
"Thank you @SelectUSA for hosting me &amp; your work 2 promote foreign direct investment 2 the USA. #FDI is a key initia… https://t.co/Jznjfsi2kZ","http://web.archive.org/*/https://twitter.com/stevenmnuchin1/status/877148094600818690"
"A great honor to meet &amp; sit down with President @JC_Varela. These constructive conversations will lead to strengthe… https://t.co/xey4FGQghR","http://web.archive.org/*/http://twitter.com/stevenmnuchin1/status/877185727343276032"
"A great honor to meet &amp; sit down with President @JC_Varela. These constructive conversations will lead to strengthe… https://t.co/xey4FGQghR","http://web.archive.org/*/https://twitter.com/stevenmnuchin1/status/877185727343276032"
"Thanks 2 @IMFNews Director @Lagarde for a productive meeting. We're dedicated 2 this important partnership for glob… https://t.co/LnCvXJVN4r","http://web.archive.org/*/http://twitter.com/stevenmnuchin1/status/877242038068162563"
"Thanks 2 @IMFNews Director @Lagarde for a productive meeting. We're dedicated 2 this important partnership for glob… https://t.co/LnCvXJVN4r","http://web.archive.org/*/https://twitter.com/stevenmnuchin1/status/877242038068162563"
"Great to meet w/ @JNJNews CEO Alex Gorsky to discuss importance of comprehensive #TaxReform for American businesses… https://t.co/ActGzJLu3l","http://web.archive.org/*/http://twitter.com/stevenmnuchin1/status/877616831669850116"
"Great to meet w/ @JNJNews CEO Alex Gorsky to discuss importance of comprehensive #TaxReform for American businesses… https://t.co/ActGzJLu3l","http://web.archive.org/*/https://twitter.com/stevenmnuchin1/status/877616831669850116"
"Nice speaking w/ S. Korean DPM KIM this evening. I look forward to meeting in the future as well as a strong bilateral relationship.","http://web.archive.org/*/http://twitter.com/stevenmnuchin1/status/877658095354347522"
"Nice speaking w/ S. Korean DPM KIM this evening. I look forward to meeting in the future as well as a strong bilateral relationship.","http://web.archive.org/*/https://twitter.com/stevenmnuchin1/status/877658095354347522"
"Thank you @realDonaldTrump and @VP for being with us on our big day @LouiseLinton https://t.co/r4pRoSdriE","http://web.archive.org/*/http://twitter.com/stevenmnuchin1/status/880917721168400384"
"Thank you @realDonaldTrump and @VP for being with us on our big day @LouiseLinton https://t.co/r4pRoSdriE","http://web.archive.org/*/https://twitter.com/stevenmnuchin1/status/880917721168400384"
"Great enthusiasm from the Polish people for a powerful speech by @POTUS. @realDonaldTrump brings strong US leadership to the world stage.","http://web.archive.org/*/http://twitter.com/stevenmnuchin1/status/882977304296673280"
"Great enthusiasm from the Polish people for a powerful speech by @POTUS. @realDonaldTrump brings strong US leadership to the world stage.","http://web.archive.org/*/https://twitter.com/stevenmnuchin1/status/882977304296673280"
"Great trip to Poland and G20 with @POTUS !! https://t.co/nzlWrEL9zh","http://web.archive.org/*/http://twitter.com/stevenmnuchin1/status/883747248722587648"
"Great trip to Poland and G20 with @POTUS !! https://t.co/nzlWrEL9zh","http://web.archive.org/*/https://twitter.com/stevenmnuchin1/status/883747248722587648"
"Great meeting with U.K PM and @POTUS . #G20Summit https://t.co/NRSQJXWrQ7","http://web.archive.org/*/http://twitter.com/stevenmnuchin1/status/883779717412904960"
"Great meeting with U.K PM and @POTUS . #G20Summit https://t.co/NRSQJXWrQ7","http://web.archive.org/*/https://twitter.com/stevenmnuchin1/status/883779717412904960"
"RT @ABCPolitics: .@stevenmnuchin1: ""Why would President Trump broadcast exactly what he said"" in Putin meeting? ""Strategically that makes n…","http://web.archive.org/*/http://twitter.com/stevenmnuchin1/status/884046255495753728"
"RT @ABCPolitics: .@stevenmnuchin1: ""Why would President Trump broadcast exactly what he said"" in Putin meeting? ""Strategically that makes n…","http://web.archive.org/*/https://twitter.com/stevenmnuchin1/status/884046255495753728"
"RT @ThisWeekABC: .@stevenmnuchin1: ""Why would President Trump broadcast exactly what he said"" in Putin meeting? ""Strategically that makes n…","http://web.archive.org/*/http://twitter.com/stevenmnuchin1/status/884047450088067072"
"RT @ThisWeekABC: .@stevenmnuchin1: ""Why would President Trump broadcast exactly what he said"" in Putin meeting? ""Strategically that makes n…","http://web.archive.org/*/https://twitter.com/stevenmnuchin1/status/884047450088067072"
"@ThisWeekABC Thank you @GStephanopoulos for having me on your show to discuss @realDonaldTrump @POTUS #G20summit2017","http://web.archive.org/*/http://twitter.com/stevenmnuchin1/status/884048179884425216"
"@ThisWeekABC Thank you @GStephanopoulos for having me on your show to discuss @realDonaldTrump @POTUS #G20summit2017","http://web.archive.org/*/https://twitter.com/stevenmnuchin1/status/884048179884425216"
"Wonderful meeting with Tunisian Prime Minister @YoCh_Official. I look forward to a strong &amp; productive partnership… https://t.co/lvWbCzhxMl","http://web.archive.org/*/http://twitter.com/stevenmnuchin1/status/884530370431078400"
"Wonderful meeting with Tunisian Prime Minister @YoCh_Official. I look forward to a strong &amp; productive partnership… https://t.co/lvWbCzhxMl","http://web.archive.org/*/https://twitter.com/stevenmnuchin1/status/884530370431078400"
"Since the Counter-ISIS Finance Group creation, ISIS has lost 60% of its territory, largely due 2 #CIFG efforts 2 ta… https://t.co/cWW33z2yhl","http://web.archive.org/*/http://twitter.com/stevenmnuchin1/status/884811011265617920"
"Since the Counter-ISIS Finance Group creation, ISIS has lost 60% of its territory, largely due 2 #CIFG efforts 2 ta… https://t.co/cWW33z2yhl","http://web.archive.org/*/https://twitter.com/stevenmnuchin1/status/884811011265617920"
"Today I appreciated meeting 30 members from 15 states representing the National United Committee to Protect Pension… https://t.co/Y8xHZ0hOut","http://web.archive.org/*/http://twitter.com/stevenmnuchin1/status/884898982773837826"
"Today I appreciated meeting 30 members from 15 states representing the National United Committee to Protect Pension… https://t.co/Y8xHZ0hOut","http://web.archive.org/*/https://twitter.com/stevenmnuchin1/status/884898982773837826"
"Concluded our first Social Security and Medicare Board of Trustees meeting with @SecPriceMD @SecretaryAcosta &amp; Nanc… https://t.co/eLIlLQBzVq","http://web.archive.org/*/http://twitter.com/stevenmnuchin1/status/885612559046504448"
"Concluded our first Social Security and Medicare Board of Trustees meeting with @SecPriceMD @SecretaryAcosta &amp; Nanc… https://t.co/eLIlLQBzVq","http://web.archive.org/*/https://twitter.com/stevenmnuchin1/status/885612559046504448"
"Thanks to @mcdonalds for hosting and allowing me to share the importance of #TaxReform and its benefit to the Ameri… https://t.co/sNpN1zZTzF","http://web.archive.org/*/http://twitter.com/stevenmnuchin1/status/887014783115038721"
"Thanks to @mcdonalds for hosting and allowing me to share the importance of #TaxReform and its benefit to the Ameri… https://t.co/sNpN1zZTzF","http://web.archive.org/*/https://twitter.com/stevenmnuchin1/status/887014783115038721"
"Proud to join @realDonaldTrump to promote #MadeInAmerica. A great initiative that puts American business &amp; workers first. 🇺🇸","http://web.archive.org/*/http://twitter.com/stevenmnuchin1/status/887042383455678465"
"Proud to join @realDonaldTrump to promote #MadeInAmerica. A great initiative that puts American business &amp; workers first. 🇺🇸","http://web.archive.org/*/https://twitter.com/stevenmnuchin1/status/887042383455678465"
".@USTreasury continues to pressure Iran to cease its ballistic missile program &amp; malign activities in the region. https://t.co/ZZBdXa6Yjp","http://web.archive.org/*/http://twitter.com/stevenmnuchin1/status/887315158854504454"
".@USTreasury continues to pressure Iran to cease its ballistic missile program &amp; malign activities in the region. https://t.co/ZZBdXa6Yjp","http://web.archive.org/*/https://twitter.com/stevenmnuchin1/status/887315158854504454"
"Thank you @uschinabusiness @uschamber &amp; China General CofC for hosting the welcome reception for Vice Premier Wang… https://t.co/kwwy2llfN4","http://web.archive.org/*/http://twitter.com/stevenmnuchin1/status/887379383064948737"
"Thank you @uschinabusiness @uschamber &amp; China General CofC for hosting the welcome reception for Vice Premier Wang… https://t.co/kwwy2llfN4","http://web.archive.org/*/https://twitter.com/stevenmnuchin1/status/887379383064948737"
"Look forward to a day of productive meetings with Vice Premier Wang Yang, @SecretaryRoss and the US-China Delegatio… https://t.co/9U49K26PmF","http://web.archive.org/*/http://twitter.com/stevenmnuchin1/status/887681758866661379"
"Look forward to a day of productive meetings with Vice Premier Wang Yang, @SecretaryRoss and the US-China Delegatio… https://t.co/9U49K26PmF","http://web.archive.org/*/https://twitter.com/stevenmnuchin1/status/887681758866661379"
"Great day on #geraldrford with @realDonaldTrump https://t.co/OteV5iOT98","http://web.archive.org/*/http://twitter.com/stevenmnuchin1/status/888953208118312961"
"Great day on #geraldrford with @realDonaldTrump https://t.co/OteV5iOT98","http://web.archive.org/*/https://twitter.com/stevenmnuchin1/status/888953208118312961"
"Great meeting with @KahlonMoshe. We discussed important bilateral economic issues between the U.S. &amp; Israel. 🇺🇸🇮🇱 https://t.co/n7s3l9i4t6","http://web.archive.org/*/http://twitter.com/stevenmnuchin1/status/889615462660808704"
"Great meeting with @KahlonMoshe. We discussed important bilateral economic issues between the U.S. &amp; Israel. 🇺🇸🇮🇱 https://t.co/n7s3l9i4t6","http://web.archive.org/*/https://twitter.com/stevenmnuchin1/status/889615462660808704"
"Speaking w/ @BlairMillerTV on the importance of #TaxReform &amp; sanctions for America's economy &amp; national security.… https://t.co/EMJNKYxmtI","http://web.archive.org/*/http://twitter.com/stevenmnuchin1/status/889977392621604869"
"Speaking w/ @BlairMillerTV on the importance of #TaxReform &amp; sanctions for America's economy &amp; national security.… https://t.co/EMJNKYxmtI","http://web.archive.org/*/https://twitter.com/stevenmnuchin1/status/889977392621604869"
"RT @USTreasury: .@stevenmnuchin1 @SpeakerRyan @SenateMajLdr @senorrinhatch @RepKevinBrady &amp; #GaryCohn joint statement on #TaxReform https:/…","http://web.archive.org/*/http://twitter.com/stevenmnuchin1/status/890682239377432576"
"RT @USTreasury: .@stevenmnuchin1 @SpeakerRyan @SenateMajLdr @senorrinhatch @RepKevinBrady &amp; #GaryCohn joint statement on #TaxReform https:/…","http://web.archive.org/*/https://twitter.com/stevenmnuchin1/status/890682239377432576"
".@USTreasury will continue to aggressively counter Iran's ballistic missile-related activity and provocations. https://t.co/Xauez4VeNg","http://web.archive.org/*/http://twitter.com/stevenmnuchin1/status/891066725407633408"
".@USTreasury will continue to aggressively counter Iran's ballistic missile-related activity and provocations. https://t.co/Xauez4VeNg","http://web.archive.org/*/https://twitter.com/stevenmnuchin1/status/891066725407633408"
"RT @USTreasury: Today @stevenmnuchin1 chaired meeting of Financial Stability Oversight Council. Read out is available here: https://t.co/L6…","http://web.archive.org/*/http://twitter.com/stevenmnuchin1/status/891086909103104001"
"RT @USTreasury: Today @stevenmnuchin1 chaired meeting of Financial Stability Oversight Council. Read out is available here: https://t.co/L6…","http://web.archive.org/*/https://twitter.com/stevenmnuchin1/status/891086909103104001"
"Great to join @AFPhq to discuss the importance of #TaxReform &amp; #RegReform. We're working hard to #UnrigtheEconomy f… https://t.co/1Czxp307Jd","http://web.archive.org/*/http://twitter.com/stevenmnuchin1/status/892098874134941696"
"Great to join @AFPhq to discuss the importance of #TaxReform &amp; #RegReform. We're working hard to #UnrigtheEconomy f… https://t.co/1Czxp307Jd","http://web.archive.org/*/https://twitter.com/stevenmnuchin1/status/892098874134941696"
"RT @FLOTUS: Our country encourages freedom of speech, but let's communicate w/o hate in our hearts. No good comes from violence. #Charlotte…","http://web.archive.org/*/http://twitter.com/stevenmnuchin1/status/896641776899022848"
"RT @FLOTUS: Our country encourages freedom of speech, but let's communicate w/o hate in our hearts. No good comes from violence. #Charlotte…","http://web.archive.org/*/https://twitter.com/stevenmnuchin1/status/896641776899022848"
"My statement on #Charlottesville and #Yale classmate's inquiries. https://t.co/hN8JsCEqZb","http://web.archive.org/*/http://twitter.com/stevenmnuchin1/status/899068140327325696"
"My statement on #Charlottesville and #Yale classmate's inquiries. https://t.co/hN8JsCEqZb","http://web.archive.org/*/https://twitter.com/stevenmnuchin1/status/899068140327325696"
"Thanks to all who attended the #TaxReform discussion w/ @SenateMajLdr hosted by @GLIchamber. Small Businesses are t… https://t.co/c3ocdzTo94","http://web.archive.org/*/http://twitter.com/stevenmnuchin1/status/899675182452928514"
"Thanks to all who attended the #TaxReform discussion w/ @SenateMajLdr hosted by @GLIchamber. Small Businesses are t… https://t.co/c3ocdzTo94","http://web.archive.org/*/https://twitter.com/stevenmnuchin1/status/899675182452928514"
"Thanks to @usmint staff for hosting at #FortKnox #USBD. First @USTreasury Secretary to visit since John Snyder in 1948. Glad gold is safe!","http://web.archive.org/*/http://twitter.com/stevenmnuchin1/status/899727624594903040"
"Thanks to @usmint staff for hosting at #FortKnox #USBD. First @USTreasury Secretary to visit since John Snyder in 1948. Glad gold is safe!","http://web.archive.org/*/https://twitter.com/stevenmnuchin1/status/899727624594903040"
"Thank you @SenCapito and @RepMcKinley for hosting me today in WV. https://t.co/edDSQchX3t","http://web.archive.org/*/http://twitter.com/stevenmnuchin1/status/902186814840209410"
"Thank you @SenCapito and @RepMcKinley for hosting me today in WV. https://t.co/edDSQchX3t","http://web.archive.org/*/https://twitter.com/stevenmnuchin1/status/902186814840209410"
"Great meeting the hard working employees of @FiscalService today in Parkersburg, WV. Thank you for everything you d… https://t.co/r9pXDryFQg","http://web.archive.org/*/http://twitter.com/stevenmnuchin1/status/902188444792881152"
"Great meeting the hard working employees of @FiscalService today in Parkersburg, WV. Thank you for everything you d… https://t.co/r9pXDryFQg","http://web.archive.org/*/https://twitter.com/stevenmnuchin1/status/902188444792881152"
"Today I discussed the need for #TaxReform with small business leaders, @SenCapito and @RepMcKinley in Parkersburg,… https://t.co/MjQmiEF6za","http://web.archive.org/*/http://twitter.com/stevenmnuchin1/status/902191337033760769"
"Today I discussed the need for #TaxReform with small business leaders, @SenCapito and @RepMcKinley in Parkersburg,… https://t.co/MjQmiEF6za","http://web.archive.org/*/https://twitter.com/stevenmnuchin1/status/902191337033760769"
"Thank you to @USCG and everyone else that has helped in the rescue efforts #Harvey 🇺🇸 https://t.co/sIs6qWTRPf","http://web.archive.org/*/http://twitter.com/stevenmnuchin1/status/902210792526815233"
"Thank you to @USCG and everyone else that has helped in the rescue efforts #Harvey 🇺🇸 https://t.co/sIs6qWTRPf","http://web.archive.org/*/https://twitter.com/stevenmnuchin1/status/902210792526815233"
".@SenDeanHeller and I met with business leaders in NV today.  We discussed the importance of #TaxReform for all Ame… https://t.co/CrWSQhgpCh","http://web.archive.org/*/http://twitter.com/stevenmnuchin1/status/902292396339224576"
".@SenDeanHeller and I met with business leaders in NV today.  We discussed the importance of #TaxReform for all Ame… https://t.co/CrWSQhgpCh","http://web.archive.org/*/https://twitter.com/stevenmnuchin1/status/902292396339224576"
"Great to be with @realDonaldTrump  to launch #TaxReform in Springfield , MO #route66 https://t.co/IXWu86Kz8N","http://web.archive.org/*/http://twitter.com/stevenmnuchin1/status/902975471318683649"
"Great to be with @realDonaldTrump  to launch #TaxReform in Springfield , MO #route66 https://t.co/IXWu86Kz8N","http://web.archive.org/*/https://twitter.com/stevenmnuchin1/status/902975471318683649"
"Great talking #taxreform w/ @steveliesman on @SquawkCNBC. #TaxReform is essential to help hardworking American fami… https://t.co/ZLv1mLCgZB","http://web.archive.org/*/http://twitter.com/stevenmnuchin1/status/903285735498895362"
"Great talking #taxreform w/ @steveliesman on @SquawkCNBC. #TaxReform is essential to help hardworking American fami… https://t.co/ZLv1mLCgZB","http://web.archive.org/*/https://twitter.com/stevenmnuchin1/status/903285735498895362"
"RT @realDonaldTrump: The United States is considering, in addition to other options, stopping all trade with any country doing business wit…","http://web.archive.org/*/http://twitter.com/stevenmnuchin1/status/904435613654384640"
"RT @realDonaldTrump: The United States is considering, in addition to other options, stopping all trade with any country doing business wit…","http://web.archive.org/*/https://twitter.com/stevenmnuchin1/status/904435613654384640"
"Great op-ed from @realdonaldtrump on the need for meaningful #taxreform for American workers and business. https://t.co/BMWozf2WIz","http://web.archive.org/*/http://twitter.com/stevenmnuchin1/status/904758152587075586"
"Great op-ed from @realdonaldtrump on the need for meaningful #taxreform for American workers and business. https://t.co/BMWozf2WIz","http://web.archive.org/*/https://twitter.com/stevenmnuchin1/status/904758152587075586"
"We are committed to delivering much needed #taxreform to hardworking Americans &amp; small businesses. #LaborDay","http://web.archive.org/*/http://twitter.com/stevenmnuchin1/status/904758988180529152"
"We are committed to delivering much needed #taxreform to hardworking Americans &amp; small businesses. #LaborDay","http://web.archive.org/*/https://twitter.com/stevenmnuchin1/status/904758988180529152"
"Happy #LaborDay to our hardworking Treasury employees and all Americans! Thank you for your contributions to this great nation. 🇺🇸","http://web.archive.org/*/http://twitter.com/stevenmnuchin1/status/904760433587912704"
"Happy #LaborDay to our hardworking Treasury employees and all Americans! Thank you for your contributions to this great nation. 🇺🇸","http://web.archive.org/*/https://twitter.com/stevenmnuchin1/status/904760433587912704"
"Always great to join @MariaBartiromo on @FoxBusiness to talk about the importance of #TaxReform for hard working Am… https://t.co/Ue7ZMo6NVK","http://web.archive.org/*/http://twitter.com/stevenmnuchin1/status/905851613033766914"
"Always great to join @MariaBartiromo on @FoxBusiness to talk about the importance of #TaxReform for hard working Am… https://t.co/Ue7ZMo6NVK","http://web.archive.org/*/https://twitter.com/stevenmnuchin1/status/905851613033766914"
"Yesterday we had a great trip to North Dakota w/ @realDonaldTrump. Spoke directly to hard working Americans &amp; small biz who need #TaxReform.","http://web.archive.org/*/http://twitter.com/stevenmnuchin1/status/905872192109506560"
"Yesterday we had a great trip to North Dakota w/ @realDonaldTrump. Spoke directly to hard working Americans &amp; small biz who need #TaxReform.","http://web.archive.org/*/https://twitter.com/stevenmnuchin1/status/905872192109506560"
"Today I met with His Excellency DPM &amp; @MOFKW Minister Anas Khalid Al-Saleh and discussed the U.S.-Kuwait bilateral… https://t.co/N4E6UIMb06","http://web.archive.org/*/http://twitter.com/stevenmnuchin1/status/905933592378974208"
"Today I met with His Excellency DPM &amp; @MOFKW Minister Anas Khalid Al-Saleh and discussed the U.S.-Kuwait bilateral… https://t.co/N4E6UIMb06","http://web.archive.org/*/https://twitter.com/stevenmnuchin1/status/905933592378974208"
"Thank you Isaac Ho'opi'i and all the first responders for your courageous actions on #September11th. #NeverForget https://t.co/QKvEDwWY7h","http://web.archive.org/*/http://twitter.com/stevenmnuchin1/status/907266335922692098"
"Thank you Isaac Ho'opi'i and all the first responders for your courageous actions on #September11th. #NeverForget https://t.co/QKvEDwWY7h","http://web.archive.org/*/https://twitter.com/stevenmnuchin1/status/907266335922692098"
"Thank you Isaac Ho'opi'i and all the first responders for your courageous actions on #September11th. #NeverForget https://t.co/zPbv3A96PM","http://web.archive.org/*/http://twitter.com/stevenmnuchin1/status/907267150125191168"
"Thank you Isaac Ho'opi'i and all the first responders for your courageous actions on #September11th. #NeverForget https://t.co/zPbv3A96PM","http://web.archive.org/*/https://twitter.com/stevenmnuchin1/status/907267150125191168"
"Great talking about the importance of #TaxReform for hardworking Americans @CNBC's @DeliveringAlpha conference. 🇺🇸 https://t.co/W0FIKhNGX8","http://web.archive.org/*/http://twitter.com/stevenmnuchin1/status/907598207961767936"
"Great talking about the importance of #TaxReform for hardworking Americans @CNBC's @DeliveringAlpha conference. 🇺🇸 https://t.co/W0FIKhNGX8","http://web.archive.org/*/https://twitter.com/stevenmnuchin1/status/907598207961767936"
