"The #KoreanWar is often referred to as 'the forgotten war,’ but we want to make sure that is never the case. https://t.co/EXNDZRf94e","http://web.archive.org/*/http://twitter.com/SpeakerRyan/status/782573261913600000"
"The #KoreanWar is often referred to as 'the forgotten war,’ but we want to make sure that is never the case. https://t.co/EXNDZRf94e","http://web.archive.org/*/https://twitter.com/SpeakerRyan/status/782573261913600000"
"These additional secret concessions to #Iran from the Obama admin directly jeopardize our national security. https://t.co/qi3OFKkmKZ","http://web.archive.org/*/http://twitter.com/SpeakerRyan/status/782583034486755328"
"These additional secret concessions to #Iran from the Obama admin directly jeopardize our national security. https://t.co/qi3OFKkmKZ","http://web.archive.org/*/https://twitter.com/SpeakerRyan/status/782583034486755328"
"This legislation we sent to the president's desk provides the resources to address the #Zika outbreak and critical… https://t.co/FHlEEdh0ef","http://web.archive.org/*/http://twitter.com/SpeakerRyan/status/782613309186985984"
"This legislation we sent to the president's desk provides the resources to address the #Zika outbreak and critical… https://t.co/FHlEEdh0ef","http://web.archive.org/*/https://twitter.com/SpeakerRyan/status/782613309186985984"
"The #HydeAmendment is responsible for saving more than 2 million American lives. https://t.co/7a4V5hEHXY #HydeSavesLives","http://web.archive.org/*/http://twitter.com/SpeakerRyan/status/782627176327835649"
"The #HydeAmendment is responsible for saving more than 2 million American lives. https://t.co/7a4V5hEHXY #HydeSavesLives","http://web.archive.org/*/https://twitter.com/SpeakerRyan/status/782627176327835649"
"We lose 22 #veterans to suicide every day, but 30% of calls to the VA hotline go unanswered. https://t.co/4BhkOGiAgB","http://web.archive.org/*/http://twitter.com/SpeakerRyan/status/782639246691540992"
"We lose 22 #veterans to suicide every day, but 30% of calls to the VA hotline go unanswered. https://t.co/4BhkOGiAgB","http://web.archive.org/*/https://twitter.com/SpeakerRyan/status/782639246691540992"
"As an orthopaedic surgeon for 20+ years, @RepTomPrice knows how important the doctor-patient relationship is. https://t.co/35AwK7nkf2","http://web.archive.org/*/http://twitter.com/SpeakerRyan/status/782669945003839488"
"As an orthopaedic surgeon for 20+ years, @RepTomPrice knows how important the doctor-patient relationship is. https://t.co/35AwK7nkf2","http://web.archive.org/*/https://twitter.com/SpeakerRyan/status/782669945003839488"
"3 years ago, the Obama administration unveiled the “terribly flawed” #Obamacare website. (Those are their words.) https://t.co/njmMbFoAXi","http://web.archive.org/*/http://twitter.com/SpeakerRyan/status/782676685493825536"
"3 years ago, the Obama administration unveiled the “terribly flawed” #Obamacare website. (Those are their words.) https://t.co/njmMbFoAXi","http://web.archive.org/*/https://twitter.com/SpeakerRyan/status/782676685493825536"
"RT @RepHartzler: As turmoil spreads around the globe, the world calls on the United States to lead. #BetterWay https://t.co/nTmwEX7jtP http…","http://web.archive.org/*/http://twitter.com/SpeakerRyan/status/782687433364299778"
"RT @RepHartzler: As turmoil spreads around the globe, the world calls on the United States to lead. #BetterWay https://t.co/nTmwEX7jtP http…","http://web.archive.org/*/https://twitter.com/SpeakerRyan/status/782687433364299778"
"FACT → President Obama is blocking a pay raise for our troops. https://t.co/4BhkOG0Zp3","http://web.archive.org/*/http://twitter.com/SpeakerRyan/status/782694763749318657"
"FACT → President Obama is blocking a pay raise for our troops. https://t.co/4BhkOG0Zp3","http://web.archive.org/*/https://twitter.com/SpeakerRyan/status/782694763749318657"
"To those celebrating, L'Shana Tova! https://t.co/1TARnUDfhs","http://web.archive.org/*/http://twitter.com/SpeakerRyan/status/782747690962681857"
"To those celebrating, L'Shana Tova! https://t.co/1TARnUDfhs","http://web.archive.org/*/https://twitter.com/SpeakerRyan/status/782747690962681857"
"Remember the botched #Obamacare website roll-out? That was just one of the failures of Obamacare. https://t.co/njmMbF6ZyI","http://web.archive.org/*/http://twitter.com/SpeakerRyan/status/782924632382775298"
"Remember the botched #Obamacare website roll-out? That was just one of the failures of Obamacare. https://t.co/njmMbF6ZyI","http://web.archive.org/*/https://twitter.com/SpeakerRyan/status/782924632382775298"
"You should be free to pick whatever plan meets your needs, not one Washington forces you to buy. #BetterWay
https://t.co/QXm5oYznzC","http://web.archive.org/*/http://twitter.com/SpeakerRyan/status/782933578871033857"
"You should be free to pick whatever plan meets your needs, not one Washington forces you to buy. #BetterWay
https://t.co/QXm5oYznzC","http://web.archive.org/*/https://twitter.com/SpeakerRyan/status/782933578871033857"
"When competition goes down, costs go up. Health care is no different. https://t.co/MEt0x6kLlI","http://web.archive.org/*/http://twitter.com/SpeakerRyan/status/782944551052902400"
"When competition goes down, costs go up. Health care is no different. https://t.co/MEt0x6kLlI","http://web.archive.org/*/https://twitter.com/SpeakerRyan/status/782944551052902400"
"The #KoreanWar is often referred to as 'the forgotten war,' but more than 5.7 million Americans served in that conf… https://t.co/bkEQL0RO8w","http://web.archive.org/*/http://twitter.com/SpeakerRyan/status/782953393706835968"
"The #KoreanWar is often referred to as 'the forgotten war,' but more than 5.7 million Americans served in that conf… https://t.co/bkEQL0RO8w","http://web.archive.org/*/https://twitter.com/SpeakerRyan/status/782953393706835968"
"RT @WaysandMeansGOP: There is a #Betterway that gives patients the health care choices they deserve. https://t.co/LdsiBXsVgA","http://web.archive.org/*/http://twitter.com/SpeakerRyan/status/782969525537038336"
"RT @WaysandMeansGOP: There is a #Betterway that gives patients the health care choices they deserve. https://t.co/LdsiBXsVgA","http://web.archive.org/*/https://twitter.com/SpeakerRyan/status/782969525537038336"
"This one was a real doozy. https://t.co/yK2brHBqio #ObamaLegacy https://t.co/RZTWmyeia0","http://web.archive.org/*/http://twitter.com/SpeakerRyan/status/782973583932940289"
"This one was a real doozy. https://t.co/yK2brHBqio #ObamaLegacy https://t.co/RZTWmyeia0","http://web.archive.org/*/https://twitter.com/SpeakerRyan/status/782973583932940289"
"Wasn’t #Obamacare supposed to mean MORE choices? Look what happened in these 4 states: https://t.co/D0hrrFsBcT","http://web.archive.org/*/http://twitter.com/SpeakerRyan/status/782996708418523137"
"Wasn’t #Obamacare supposed to mean MORE choices? Look what happened in these 4 states: https://t.co/D0hrrFsBcT","http://web.archive.org/*/https://twitter.com/SpeakerRyan/status/782996708418523137"
"RT if you agree with President Obama that #Obamacare has “real problems.” https://t.co/D0hrrFsBcT","http://web.archive.org/*/http://twitter.com/SpeakerRyan/status/783009074485026816"
"RT if you agree with President Obama that #Obamacare has “real problems.” https://t.co/D0hrrFsBcT","http://web.archive.org/*/https://twitter.com/SpeakerRyan/status/783009074485026816"
"Put the patient-doctor relationship first + applying free market principles = replacement for #Obamacare that works: https://t.co/MEt0x6kLlI","http://web.archive.org/*/http://twitter.com/SpeakerRyan/status/783039482564075520"
"Put the patient-doctor relationship first + applying free market principles = replacement for #Obamacare that works: https://t.co/MEt0x6kLlI","http://web.archive.org/*/https://twitter.com/SpeakerRyan/status/783039482564075520"
"Good news→ The House passed a bill to exempt those who lost coverage due to the failure of #Obamacare’s co-ops from the individual mandate.","http://web.archive.org/*/http://twitter.com/SpeakerRyan/status/783043878630850560"
"Good news→ The House passed a bill to exempt those who lost coverage due to the failure of #Obamacare’s co-ops from the individual mandate.","http://web.archive.org/*/https://twitter.com/SpeakerRyan/status/783043878630850560"
"A #BetterWay includes funding for high-risk pools &amp; state innovation grants as backstops to help those who are priced out of #hcr coverage.","http://web.archive.org/*/http://twitter.com/SpeakerRyan/status/783062491970560000"
"A #BetterWay includes funding for high-risk pools &amp; state innovation grants as backstops to help those who are priced out of #hcr coverage.","http://web.archive.org/*/https://twitter.com/SpeakerRyan/status/783062491970560000"
"RT @HouseForeign: .@SpeakerRyan signs Chairman @RepEdRoyce’s bill to end wildlife trafficking https://t.co/NKfkCAqN5p","http://web.archive.org/*/http://twitter.com/SpeakerRyan/status/783066637863837696"
"RT @HouseForeign: .@SpeakerRyan signs Chairman @RepEdRoyce’s bill to end wildlife trafficking https://t.co/NKfkCAqN5p","http://web.archive.org/*/https://twitter.com/SpeakerRyan/status/783066637863837696"
"RT @RepDLamborn: We recognize the serious problems facing America--and we're fighting to be part of the solution. #BetterWay https://t.co/o…","http://web.archive.org/*/http://twitter.com/SpeakerRyan/status/783072781848027136"
"RT @RepDLamborn: We recognize the serious problems facing America--and we're fighting to be part of the solution. #BetterWay https://t.co/o…","http://web.archive.org/*/https://twitter.com/SpeakerRyan/status/783072781848027136"
"RT @HouseGOP: Obamacare is failing. Our plan expands choices for people to get the health care they need. #BetterWay
https://t.co/4HZzZvmAfJ","http://web.archive.org/*/http://twitter.com/SpeakerRyan/status/783076623381737472"
"RT @HouseGOP: Obamacare is failing. Our plan expands choices for people to get the health care they need. #BetterWay
https://t.co/4HZzZvmAfJ","http://web.archive.org/*/https://twitter.com/SpeakerRyan/status/783076623381737472"
"RT @RepBillFlores: ICYMI: My latest newsletter discussing Veterans Crisis Line, Obamacare CO-OPs, &amp; the economy portion of #BetterWay  
htt…","http://web.archive.org/*/http://twitter.com/SpeakerRyan/status/783080451925696512"
"RT @RepBillFlores: ICYMI: My latest newsletter discussing Veterans Crisis Line, Obamacare CO-OPs, &amp; the economy portion of #BetterWay  
htt…","http://web.archive.org/*/https://twitter.com/SpeakerRyan/status/783080451925696512"
"RT @SteveScalise: There are two versions of Obamacare: what we were promised, and what we got. Fortunately, we have the #BetterWay. https:/…","http://web.archive.org/*/http://twitter.com/SpeakerRyan/status/783084331807891456"
"RT @SteveScalise: There are two versions of Obamacare: what we were promised, and what we got. Fortunately, we have the #BetterWay. https:/…","http://web.archive.org/*/https://twitter.com/SpeakerRyan/status/783084331807891456"
"RT @RepByrne: #BetterWay https://t.co/cYsgI7DdFf","http://web.archive.org/*/http://twitter.com/SpeakerRyan/status/783088153972191232"
"RT @RepByrne: #BetterWay https://t.co/cYsgI7DdFf","http://web.archive.org/*/https://twitter.com/SpeakerRyan/status/783088153972191232"
"President Obama's so-called 'Clean Power Rule' is yet another multi-billion dollar regulation. There's a #BetterWay. https://t.co/MYGfSUDwQn","http://web.archive.org/*/http://twitter.com/SpeakerRyan/status/783093014331691009"
"President Obama's so-called 'Clean Power Rule' is yet another multi-billion dollar regulation. There's a #BetterWay. https://t.co/MYGfSUDwQn","http://web.archive.org/*/https://twitter.com/SpeakerRyan/status/783093014331691009"
"RT @HouseForeign: .@SpeakerRyan has signed Chmn @RepEdRoyce's END Wildlife Trafficking Act. The bill now awaits @POTUS's signature. https:/…","http://web.archive.org/*/http://twitter.com/SpeakerRyan/status/783116908652404736"
"RT @HouseForeign: .@SpeakerRyan has signed Chmn @RepEdRoyce's END Wildlife Trafficking Act. The bill now awaits @POTUS's signature. https:/…","http://web.archive.org/*/https://twitter.com/SpeakerRyan/status/783116908652404736"
"RT @HouseGOP: Catch the highlights from @RepTomPrice's weekly GOP address on our plan for health care. #BetterWay https://t.co/xu43c4e80l","http://web.archive.org/*/http://twitter.com/SpeakerRyan/status/783263095959359488"
"RT @HouseGOP: Catch the highlights from @RepTomPrice's weekly GOP address on our plan for health care. #BetterWay https://t.co/xu43c4e80l","http://web.archive.org/*/https://twitter.com/SpeakerRyan/status/783263095959359488"
"RT @RepByrne: Alabama is one of the states with only a single health care option. Another sign the law is collapsing. It's time for a #Bett…","http://web.archive.org/*/http://twitter.com/SpeakerRyan/status/783268417163763712"
"RT @RepByrne: Alabama is one of the states with only a single health care option. Another sign the law is collapsing. It's time for a #Bett…","http://web.archive.org/*/https://twitter.com/SpeakerRyan/status/783268417163763712"
"RT @RepDLamborn: Failed co-ops, skyrocketing premiums, unaffordable coverage for most families--to name a few. #Obamacare https://t.co/XWCw…","http://web.archive.org/*/http://twitter.com/SpeakerRyan/status/783273564233281536"
"RT @RepDLamborn: Failed co-ops, skyrocketing premiums, unaffordable coverage for most families--to name a few. #Obamacare https://t.co/XWCw…","http://web.archive.org/*/https://twitter.com/SpeakerRyan/status/783273564233281536"
"RT @HouseGOP: Everyone should have access to quality, affordable health care. That's what our #BetterWay plan is all about. https://t.co/h9…","http://web.archive.org/*/http://twitter.com/SpeakerRyan/status/783277418047877121"
"RT @HouseGOP: Everyone should have access to quality, affordable health care. That's what our #BetterWay plan is all about. https://t.co/h9…","http://web.archive.org/*/https://twitter.com/SpeakerRyan/status/783277418047877121"
"This #Iran ransom story grows more disturbing with each passing day. https://t.co/qi3OFKkmKZ https://t.co/4fZbJeNonH","http://web.archive.org/*/http://twitter.com/SpeakerRyan/status/783281758552793089"
"This #Iran ransom story grows more disturbing with each passing day. https://t.co/qi3OFKkmKZ https://t.co/4fZbJeNonH","http://web.archive.org/*/https://twitter.com/SpeakerRyan/status/783281758552793089"
"If a picture is worth a thousand words, here are 10,000 words from September. https://t.co/ir0khMYw8t https://t.co/WBFxiLbFXJ","http://web.archive.org/*/http://twitter.com/SpeakerRyan/status/783307973024251904"
"If a picture is worth a thousand words, here are 10,000 words from September. https://t.co/ir0khMYw8t https://t.co/WBFxiLbFXJ","http://web.archive.org/*/https://twitter.com/SpeakerRyan/status/783307973024251904"
"Our #hcr plan includes:
✅ More choices &amp; lower costs
✅ Real protections
✅ Cutting-edge cures
✅ A stronger #Medicare… https://t.co/8y6tqwIq7r","http://web.archive.org/*/http://twitter.com/SpeakerRyan/status/783318520310497281"
"Our #hcr plan includes:
✅ More choices &amp; lower costs
✅ Real protections
✅ Cutting-edge cures
✅ A stronger #Medicare… https://t.co/8y6tqwIq7r","http://web.archive.org/*/https://twitter.com/SpeakerRyan/status/783318520310497281"
"RT @RepHartzler: Obama's illegal amnesty shot down by #SCOTUS: https://t.co/ApWfJ1eAD7 https://t.co/x5HNXQTVIx","http://web.archive.org/*/http://twitter.com/SpeakerRyan/status/783322633521823744"
"RT @RepHartzler: Obama's illegal amnesty shot down by #SCOTUS: https://t.co/ApWfJ1eAD7 https://t.co/x5HNXQTVIx","http://web.archive.org/*/https://twitter.com/SpeakerRyan/status/783322633521823744"
"As @RepJerryNadler put it, ""Midnight rules can be abused to allow a president to reach into a 3rd term without any… https://t.co/1goCQNCMtJ","http://web.archive.org/*/http://twitter.com/SpeakerRyan/status/783326923438960641"
"As @RepJerryNadler put it, ""Midnight rules can be abused to allow a president to reach into a 3rd term without any… https://t.co/1goCQNCMtJ","http://web.archive.org/*/https://twitter.com/SpeakerRyan/status/783326923438960641"
"RT @USRepLong: #Obamacare is making things worse each day, that's why the @HouseGOP has proposed a #BetterWay: https://t.co/8miLT8Mcmt","http://web.archive.org/*/http://twitter.com/SpeakerRyan/status/783347335313129472"
"RT @USRepLong: #Obamacare is making things worse each day, that's why the @HouseGOP has proposed a #BetterWay: https://t.co/8miLT8Mcmt","http://web.archive.org/*/https://twitter.com/SpeakerRyan/status/783347335313129472"
"Sending legislation to the president that cracks down on the global poaching crisis threatening some of the world’s… https://t.co/PTEhAWrnfp","http://web.archive.org/*/http://twitter.com/SpeakerRyan/status/783351382044733440"
"Sending legislation to the president that cracks down on the global poaching crisis threatening some of the world’s… https://t.co/PTEhAWrnfp","http://web.archive.org/*/https://twitter.com/SpeakerRyan/status/783351382044733440"
"We have a plan to replace #Obamacare with a real, patient-centered system that puts you back in charge of your heal… https://t.co/uvVgU5uUnm","http://web.archive.org/*/http://twitter.com/SpeakerRyan/status/783360575686324224"
"We have a plan to replace #Obamacare with a real, patient-centered system that puts you back in charge of your heal… https://t.co/uvVgU5uUnm","http://web.archive.org/*/https://twitter.com/SpeakerRyan/status/783360575686324224"
"RT @RepTomEmmer: Obamacare's failures in Minnesota proves this. https://t.co/puTibkFo7r","http://web.archive.org/*/http://twitter.com/SpeakerRyan/status/783390335263137793"
"RT @RepTomEmmer: Obamacare's failures in Minnesota proves this. https://t.co/puTibkFo7r","http://web.archive.org/*/https://twitter.com/SpeakerRyan/status/783390335263137793"
"RT @HouseSmallBiz: “The people who are getting killed in this deal are #SmallBiz people.”- @BillClinton 

We agree &amp; have a #BetterWay→ htt…","http://web.archive.org/*/http://twitter.com/SpeakerRyan/status/783394317272551424"
"RT @HouseSmallBiz: “The people who are getting killed in this deal are #SmallBiz people.”- @BillClinton 

We agree &amp; have a #BetterWay→ htt…","http://web.archive.org/*/https://twitter.com/SpeakerRyan/status/783394317272551424"
"We are offering a #BetterWay to fix health care. https://t.co/2k3LSp3Lgh @RepDianeBlack @RepByrne @RepDLamborn","http://web.archive.org/*/http://twitter.com/SpeakerRyan/status/783398592207687680"
"We are offering a #BetterWay to fix health care. https://t.co/2k3LSp3Lgh @RepDianeBlack @RepByrne @RepDLamborn","http://web.archive.org/*/https://twitter.com/SpeakerRyan/status/783398592207687680"
"A #BetterWay will save, strengthen &amp; secure #Medicare so that it’s there for today’s seniors &amp; future generations. https://t.co/35AwK7nkf2","http://web.archive.org/*/http://twitter.com/SpeakerRyan/status/783403665084207105"
"A #BetterWay will save, strengthen &amp; secure #Medicare so that it’s there for today’s seniors &amp; future generations. https://t.co/35AwK7nkf2","http://web.archive.org/*/https://twitter.com/SpeakerRyan/status/783403665084207105"
"Our #BetterWay plan for #hcr respects &amp; protects the doctor-patient relationship. It is the plan America needs. https://t.co/QXm5oYznzC","http://web.archive.org/*/http://twitter.com/SpeakerRyan/status/783407995623309312"
"Our #BetterWay plan for #hcr respects &amp; protects the doctor-patient relationship. It is the plan America needs. https://t.co/QXm5oYznzC","http://web.archive.org/*/https://twitter.com/SpeakerRyan/status/783407995623309312"
"17% of Americans eligible for an Affordable Care Act plan may have only one insurer to choose from next year: https://t.co/MEt0x6kLlI","http://web.archive.org/*/http://twitter.com/SpeakerRyan/status/783412777209753600"
"17% of Americans eligible for an Affordable Care Act plan may have only one insurer to choose from next year: https://t.co/MEt0x6kLlI","http://web.archive.org/*/https://twitter.com/SpeakerRyan/status/783412777209753600"
"This weekend marked the 3rd anniversary of the rollout of #Obamacare, but there wasn't exactly much to celebrate. https://t.co/D0hrrFsBcT","http://web.archive.org/*/http://twitter.com/SpeakerRyan/status/783420047284920320"
"This weekend marked the 3rd anniversary of the rollout of #Obamacare, but there wasn't exactly much to celebrate. https://t.co/D0hrrFsBcT","http://web.archive.org/*/https://twitter.com/SpeakerRyan/status/783420047284920320"
"You deserve more patient-centered care and more choices, not more bureaucracy and mandates. #BetterWay https://t.co/ydyjcuc8QZ","http://web.archive.org/*/http://twitter.com/SpeakerRyan/status/783428216937668608"
"You deserve more patient-centered care and more choices, not more bureaucracy and mandates. #BetterWay https://t.co/ydyjcuc8QZ","http://web.archive.org/*/https://twitter.com/SpeakerRyan/status/783428216937668608"
"RT @HouseGOP: In 2017, there will be five states with Obamacare monopolies. We're offering a #BetterWay to fix health care. https://t.co/h9…","http://web.archive.org/*/http://twitter.com/SpeakerRyan/status/783432446452895744"
"RT @HouseGOP: In 2017, there will be five states with Obamacare monopolies. We're offering a #BetterWay to fix health care. https://t.co/h9…","http://web.archive.org/*/https://twitter.com/SpeakerRyan/status/783432446452895744"
"This one problem with #Obamacare has forced more than 800,000 people to look for new coverage. https://t.co/2k3LSplmER","http://web.archive.org/*/http://twitter.com/SpeakerRyan/status/783436290700312576"
"This one problem with #Obamacare has forced more than 800,000 people to look for new coverage. https://t.co/2k3LSplmER","http://web.archive.org/*/https://twitter.com/SpeakerRyan/status/783436290700312576"
"Our health care plan will protect #Medicare for today’s seniors and preserve the program for future generations. https://t.co/ydyjcuc8QZ","http://web.archive.org/*/http://twitter.com/SpeakerRyan/status/783448041575571460"
"Our health care plan will protect #Medicare for today’s seniors and preserve the program for future generations. https://t.co/ydyjcuc8QZ","http://web.archive.org/*/https://twitter.com/SpeakerRyan/status/783448041575571460"
"Going to have to agree with Bill Clinton on this one... https://t.co/2k3LSplmER","http://web.archive.org/*/http://twitter.com/SpeakerRyan/status/783453418434224128"
"Going to have to agree with Bill Clinton on this one... https://t.co/2k3LSplmER","http://web.archive.org/*/https://twitter.com/SpeakerRyan/status/783453418434224128"
"Retweet if you agree → you should be able to buy health insurance across state lines. #BetterWay https://t.co/86fDGWuKwE","http://web.archive.org/*/http://twitter.com/SpeakerRyan/status/783466093415321600"
"Retweet if you agree → you should be able to buy health insurance across state lines. #BetterWay https://t.co/86fDGWuKwE","http://web.archive.org/*/https://twitter.com/SpeakerRyan/status/783466093415321600"
"RT @RepHartzler: 4 states are going from ""marketplace"" to ""monopoly"": https://t.co/EaUjQZXOBK Americans deserve a #BetterWay https://t.co/i…","http://web.archive.org/*/http://twitter.com/SpeakerRyan/status/783623744816242688"
"RT @RepHartzler: 4 states are going from ""marketplace"" to ""monopoly"": https://t.co/EaUjQZXOBK Americans deserve a #BetterWay https://t.co/i…","http://web.archive.org/*/https://twitter.com/SpeakerRyan/status/783623744816242688"
"At every step, you should be in the driver's seat and in control of your health care decisions: https://t.co/MEt0x639X8 #BetterWay","http://web.archive.org/*/http://twitter.com/SpeakerRyan/status/783628254473105408"
"At every step, you should be in the driver's seat and in control of your health care decisions: https://t.co/MEt0x639X8 #BetterWay","http://web.archive.org/*/https://twitter.com/SpeakerRyan/status/783628254473105408"
"These are tougher sanctions designed to isolate the Assad regime in #Syria—so why does President Obama oppose them?… https://t.co/FBcf2rQQyq","http://web.archive.org/*/http://twitter.com/SpeakerRyan/status/783632737773027329"
"These are tougher sanctions designed to isolate the Assad regime in #Syria—so why does President Obama oppose them?… https://t.co/FBcf2rQQyq","http://web.archive.org/*/https://twitter.com/SpeakerRyan/status/783632737773027329"
"#Obamacare's knot of regulations, taxes, &amp; mandates cannot be untangled. It must be fully repealed. #BetterWay https://t.co/ydyjcuc8QZ","http://web.archive.org/*/http://twitter.com/SpeakerRyan/status/783648642045513729"
"#Obamacare's knot of regulations, taxes, &amp; mandates cannot be untangled. It must be fully repealed. #BetterWay https://t.co/ydyjcuc8QZ","http://web.archive.org/*/https://twitter.com/SpeakerRyan/status/783648642045513729"
"The view is great, but these visitors to the speaker's balcony at the @USCapitol are what make it so special.… https://t.co/xxg0HqHi7W","http://web.archive.org/*/http://twitter.com/SpeakerRyan/status/783657357553393664"
"The view is great, but these visitors to the speaker's balcony at the @USCapitol are what make it so special.… https://t.co/xxg0HqHi7W","http://web.archive.org/*/https://twitter.com/SpeakerRyan/status/783657357553393664"
"Reducing high college costs won’t happen by unfairly raising taxes on the middle class. There's a #BetterWay. https://t.co/tzwiBTQwfg","http://web.archive.org/*/http://twitter.com/SpeakerRyan/status/783669258836402178"
"Reducing high college costs won’t happen by unfairly raising taxes on the middle class. There's a #BetterWay. https://t.co/tzwiBTQwfg","http://web.archive.org/*/https://twitter.com/SpeakerRyan/status/783669258836402178"
"Competition among health care providers—based on price, quality &amp; outcomes—that's a #BetterWay than #Obamacare. https://t.co/FccsPKDEFn","http://web.archive.org/*/http://twitter.com/SpeakerRyan/status/783687679074369538"
"Competition among health care providers—based on price, quality &amp; outcomes—that's a #BetterWay than #Obamacare. https://t.co/FccsPKDEFn","http://web.archive.org/*/https://twitter.com/SpeakerRyan/status/783687679074369538"
"President Obama promised #Obamacare would lower premiums for the typical family by $2,500. It didn’t.… https://t.co/DFdX6mE1g2","http://web.archive.org/*/http://twitter.com/SpeakerRyan/status/783699040219303939"
"President Obama promised #Obamacare would lower premiums for the typical family by $2,500. It didn’t.… https://t.co/DFdX6mE1g2","http://web.archive.org/*/https://twitter.com/SpeakerRyan/status/783699040219303939"
"Religious liberty around the world is in peril. Here’s what Congress is doing about it: https://t.co/p9tdGRGBPF","http://web.archive.org/*/http://twitter.com/SpeakerRyan/status/783736310381047808"
"Religious liberty around the world is in peril. Here’s what Congress is doing about it: https://t.co/p9tdGRGBPF","http://web.archive.org/*/https://twitter.com/SpeakerRyan/status/783736310381047808"
"RT @FinancialCmte: More opportunity for Main Street and no more bailouts for Wall Street. That's a #BetterWay. https://t.co/6vZPlMaEA9 http…","http://web.archive.org/*/http://twitter.com/SpeakerRyan/status/783749335536242695"
"RT @FinancialCmte: More opportunity for Main Street and no more bailouts for Wall Street. That's a #BetterWay. https://t.co/6vZPlMaEA9 http…","http://web.archive.org/*/https://twitter.com/SpeakerRyan/status/783749335536242695"
"RT @SteveScalise: In 2016 the Federal Debt went up $1.4 trillion. The @HouseGOP #BetterWay is the solution to out-of-control spending.
http…","http://web.archive.org/*/http://twitter.com/SpeakerRyan/status/783753131779821568"
"RT @SteveScalise: In 2016 the Federal Debt went up $1.4 trillion. The @HouseGOP #BetterWay is the solution to out-of-control spending.
http…","http://web.archive.org/*/https://twitter.com/SpeakerRyan/status/783753131779821568"
"RT @FinancialCmte: Americans deserve an economy that’s more prosperous and a future that’s more secure. #BetterWay https://t.co/PA8A1DJpgS","http://web.archive.org/*/http://twitter.com/SpeakerRyan/status/783758968355184640"
"RT @FinancialCmte: Americans deserve an economy that’s more prosperous and a future that’s more secure. #BetterWay https://t.co/PA8A1DJpgS","http://web.archive.org/*/https://twitter.com/SpeakerRyan/status/783758968355184640"
"Here’s my statement on the #ParisAgreement: https://t.co/CchjoPqlyS https://t.co/WfR6C2fmbK","http://web.archive.org/*/http://twitter.com/SpeakerRyan/status/783760519283011586"
"Here’s my statement on the #ParisAgreement: https://t.co/CchjoPqlyS https://t.co/WfR6C2fmbK","http://web.archive.org/*/https://twitter.com/SpeakerRyan/status/783760519283011586"
"The #ParisAgreement will result in higher energy costs for Americans—hurting the poor the most. https://t.co/CchjoPHWqq","http://web.archive.org/*/http://twitter.com/SpeakerRyan/status/783799408844349440"
"The #ParisAgreement will result in higher energy costs for Americans—hurting the poor the most. https://t.co/CchjoPHWqq","http://web.archive.org/*/https://twitter.com/SpeakerRyan/status/783799408844349440"
"RT @ABCPolitics: NEW:  @SpeakerRyan issues statement calling Paris climate agreement ""disastrous for the American economy."" https://t.co/9A…","http://web.archive.org/*/http://twitter.com/SpeakerRyan/status/783813985120333824"
"RT @ABCPolitics: NEW:  @SpeakerRyan issues statement calling Paris climate agreement ""disastrous for the American economy."" https://t.co/9A…","http://web.archive.org/*/https://twitter.com/SpeakerRyan/status/783813985120333824"
"RT @RepMarkMeadows: .@SpeakerRyan is right--the #ParisAgreement will be a disaster for America's economy and for job creators throughout th…","http://web.archive.org/*/http://twitter.com/SpeakerRyan/status/783821676966313984"
"RT @RepMarkMeadows: .@SpeakerRyan is right--the #ParisAgreement will be a disaster for America's economy and for job creators throughout th…","http://web.archive.org/*/https://twitter.com/SpeakerRyan/status/783821676966313984"
"RT @ThisWeekABC: NEW: @SpeakerRyan issues statement calling Paris climate agreement ""disastrous for the American economy."" https://t.co/lhI…","http://web.archive.org/*/http://twitter.com/SpeakerRyan/status/783825596765777920"
"RT @ThisWeekABC: NEW: @SpeakerRyan issues statement calling Paris climate agreement ""disastrous for the American economy."" https://t.co/lhI…","http://web.archive.org/*/https://twitter.com/SpeakerRyan/status/783825596765777920"
"House #Republicans want to streamline education benefits &amp; help more Americans earn a college education. https://t.co/tzwiBTyUQG #BetterWay","http://web.archive.org/*/http://twitter.com/SpeakerRyan/status/783830327084982272"
"House #Republicans want to streamline education benefits &amp; help more Americans earn a college education. https://t.co/tzwiBTyUQG #BetterWay","http://web.archive.org/*/https://twitter.com/SpeakerRyan/status/783830327084982272"
"Once again, President Obama has acted unlawfully with his actions on the #ParisAgreement. https://t.co/CchjoPHWqq https://t.co/qRaYBOlCJv","http://web.archive.org/*/http://twitter.com/SpeakerRyan/status/783839819403145216"
"Once again, President Obama has acted unlawfully with his actions on the #ParisAgreement. https://t.co/CchjoPHWqq https://t.co/qRaYBOlCJv","http://web.archive.org/*/https://twitter.com/SpeakerRyan/status/783839819403145216"
"Abundant, low-cost forms of energy will be shut in ground if #ParisAgreement goes into effect. https://t.co/CchjoPHWqq","http://web.archive.org/*/http://twitter.com/SpeakerRyan/status/784007200683331584"
"Abundant, low-cost forms of energy will be shut in ground if #ParisAgreement goes into effect. https://t.co/CchjoPHWqq","http://web.archive.org/*/https://twitter.com/SpeakerRyan/status/784007200683331584"
"RT @HouseGOP: Our plan will speed up the development and discovery of new treatments and cures for millions of people. #BetterWay https://t…","http://web.archive.org/*/http://twitter.com/SpeakerRyan/status/784015103582539778"
"RT @HouseGOP: Our plan will speed up the development and discovery of new treatments and cures for millions of people. #BetterWay https://t…","http://web.archive.org/*/https://twitter.com/SpeakerRyan/status/784015103582539778"
"RT @RepTomPrice: Bill Clinton calls #Obamacare “craziest thing in the world.” Yep—look at this crazy mess. We have a plan to repeal &amp; repla…","http://web.archive.org/*/http://twitter.com/SpeakerRyan/status/784019297337126913"
"RT @RepTomPrice: Bill Clinton calls #Obamacare “craziest thing in the world.” Yep—look at this crazy mess. We have a plan to repeal &amp; repla…","http://web.archive.org/*/https://twitter.com/SpeakerRyan/status/784019297337126913"
"Religious liberty is essential to the flourishing of American civil society. It must be protected. https://t.co/p9tdGRGBPF","http://web.archive.org/*/http://twitter.com/SpeakerRyan/status/784019774422614017"
"Religious liberty is essential to the flourishing of American civil society. It must be protected. https://t.co/p9tdGRGBPF","http://web.archive.org/*/https://twitter.com/SpeakerRyan/status/784019774422614017"
"RT @HouseGOP: Bad news for Oklahomans trying to get affordable health care. It's why we're offering a #BetterWay. https://t.co/zJ9cg4uWaq","http://web.archive.org/*/http://twitter.com/SpeakerRyan/status/784030768292999169"
"RT @HouseGOP: Bad news for Oklahomans trying to get affordable health care. It's why we're offering a #BetterWay. https://t.co/zJ9cg4uWaq","http://web.archive.org/*/https://twitter.com/SpeakerRyan/status/784030768292999169"
"Thank you @RepMcSally for joining for a great #Facebook Q&amp;A on some of the most pressing issues facing our nation.… https://t.co/rg5RVuRFSm","http://web.archive.org/*/http://twitter.com/SpeakerRyan/status/784034740844257280"
"Thank you @RepMcSally for joining for a great #Facebook Q&amp;A on some of the most pressing issues facing our nation.… https://t.co/rg5RVuRFSm","http://web.archive.org/*/https://twitter.com/SpeakerRyan/status/784034740844257280"
"RT @DrPhilRoe: Bottom line: Obamacare is NOT working, especially not in Tennessee. Tennesseans deserve a #BetterWay. https://t.co/qgAHZqtvmb","http://web.archive.org/*/http://twitter.com/SpeakerRyan/status/784039960047411200"
"RT @DrPhilRoe: Bottom line: Obamacare is NOT working, especially not in Tennessee. Tennesseans deserve a #BetterWay. https://t.co/qgAHZqtvmb","http://web.archive.org/*/https://twitter.com/SpeakerRyan/status/784039960047411200"
"We need to tackle America’s big entitlement problems before they tackle us. That’s what a #BetterWay is all about. https://t.co/peubk02pBZ","http://web.archive.org/*/http://twitter.com/SpeakerRyan/status/784043764952072192"
"We need to tackle America’s big entitlement problems before they tackle us. That’s what a #BetterWay is all about. https://t.co/peubk02pBZ","http://web.archive.org/*/https://twitter.com/SpeakerRyan/status/784043764952072192"
"RT @RepDLamborn: A #BetterWay for #healthcare: 
-offers more choices
-lowers costs
-protects Medicare.
That's not ""the craziest thing in th…","http://web.archive.org/*/http://twitter.com/SpeakerRyan/status/784053144707821568"
"RT @RepDLamborn: A #BetterWay for #healthcare: 
-offers more choices
-lowers costs
-protects Medicare.
That's not ""the craziest thing in th…","http://web.archive.org/*/https://twitter.com/SpeakerRyan/status/784053144707821568"
"RT @PatTiberi: .@HouseGOP has a #BetterWay

✅more health care choices
❌ not more mandates 

https://t.co/FJIu4xgRUP","http://web.archive.org/*/http://twitter.com/SpeakerRyan/status/784057187526115328"
"RT @PatTiberi: .@HouseGOP has a #BetterWay

✅more health care choices
❌ not more mandates 

https://t.co/FJIu4xgRUP","http://web.archive.org/*/https://twitter.com/SpeakerRyan/status/784057187526115328"
"RT @RepTipton: Federal control of our health care system has made insurance the exact opposite of accessible and affordable. https://t.co/M…","http://web.archive.org/*/http://twitter.com/SpeakerRyan/status/784060995358560257"
"RT @RepTipton: Federal control of our health care system has made insurance the exact opposite of accessible and affordable. https://t.co/M…","http://web.archive.org/*/https://twitter.com/SpeakerRyan/status/784060995358560257"
"RT @RepMarthaRoby: Enjoyed being in Enterprise to discuss using conservative principles to restore a confident America #BetterWay https://t…","http://web.archive.org/*/http://twitter.com/SpeakerRyan/status/784064818089226240"
"RT @RepMarthaRoby: Enjoyed being in Enterprise to discuss using conservative principles to restore a confident America #BetterWay https://t…","http://web.archive.org/*/https://twitter.com/SpeakerRyan/status/784064818089226240"
"We’re going to repeal #Obamacare &amp; let you pick a plan that works for you. #BetterWay https://t.co/JEXakoB5Ms","http://web.archive.org/*/http://twitter.com/SpeakerRyan/status/784067781390135296"
"We’re going to repeal #Obamacare &amp; let you pick a plan that works for you. #BetterWay https://t.co/JEXakoB5Ms","http://web.archive.org/*/https://twitter.com/SpeakerRyan/status/784067781390135296"
"Our plan to fix health care in America includes expanding the use of health savings accounts. #HSA #BetterWay https://t.co/OXrJceTk2K","http://web.archive.org/*/http://twitter.com/SpeakerRyan/status/784076984741687296"
"Our plan to fix health care in America includes expanding the use of health savings accounts. #HSA #BetterWay https://t.co/OXrJceTk2K","http://web.archive.org/*/https://twitter.com/SpeakerRyan/status/784076984741687296"
"The Obama admin has not been willing to tackle our entitlement problems at all, but if we don't do it soon, the pro… https://t.co/tY8AfSqx34","http://web.archive.org/*/http://twitter.com/SpeakerRyan/status/784082482291355648"
"The Obama admin has not been willing to tackle our entitlement problems at all, but if we don't do it soon, the pro… https://t.co/tY8AfSqx34","http://web.archive.org/*/https://twitter.com/SpeakerRyan/status/784082482291355648"
"A #BetterWay to save #Medicaid for those who need = empower states to design programs that best suit their needs. https://t.co/I5Uovf6S8y","http://web.archive.org/*/http://twitter.com/SpeakerRyan/status/784094850736095232"
"A #BetterWay to save #Medicaid for those who need = empower states to design programs that best suit their needs. https://t.co/I5Uovf6S8y","http://web.archive.org/*/https://twitter.com/SpeakerRyan/status/784094850736095232"
"RT @RepMimiWalters: The US has one of the least competitive tax systems, according to a new study. @HouseGOP has a #BetterWay. https://t.co…","http://web.archive.org/*/http://twitter.com/SpeakerRyan/status/784099271431913472"
"RT @RepMimiWalters: The US has one of the least competitive tax systems, according to a new study. @HouseGOP has a #BetterWay. https://t.co…","http://web.archive.org/*/https://twitter.com/SpeakerRyan/status/784099271431913472"
"RT @WaysandMeansGOP: WATCH→ in their own words, Democrats on Obamacare failures. We have a #BetterWay for quality, affordable health care h…","http://web.archive.org/*/http://twitter.com/SpeakerRyan/status/784103104090411012"
"RT @WaysandMeansGOP: WATCH→ in their own words, Democrats on Obamacare failures. We have a #BetterWay for quality, affordable health care h…","http://web.archive.org/*/https://twitter.com/SpeakerRyan/status/784103104090411012"
"Instead of a big bill that no one can understand, a #BetterWay lays out a step-by-step approach to fix health care.… https://t.co/wel9hRlVhE","http://web.archive.org/*/http://twitter.com/SpeakerRyan/status/784107286394535936"
"Instead of a big bill that no one can understand, a #BetterWay lays out a step-by-step approach to fix health care.… https://t.co/wel9hRlVhE","http://web.archive.org/*/https://twitter.com/SpeakerRyan/status/784107286394535936"
"RT @HouseCommerce: #TBT: Taking a look at #Obamacare’s risky business — then vs. now. @HouseGOP has a #BetterWay &gt;&gt; https://t.co/LFWPhQcKrc","http://web.archive.org/*/http://twitter.com/SpeakerRyan/status/784113232734777344"
"RT @HouseCommerce: #TBT: Taking a look at #Obamacare’s risky business — then vs. now. @HouseGOP has a #BetterWay &gt;&gt; https://t.co/LFWPhQcKrc","http://web.archive.org/*/https://twitter.com/SpeakerRyan/status/784113232734777344"
"RT @repgregwalden: This month, we renew our fight against breast cancer and our search for a #BetterWay to end this disease. https://t.co/V…","http://web.archive.org/*/http://twitter.com/SpeakerRyan/status/784117033160040449"
"RT @repgregwalden: This month, we renew our fight against breast cancer and our search for a #BetterWay to end this disease. https://t.co/V…","http://web.archive.org/*/https://twitter.com/SpeakerRyan/status/784117033160040449"
"#Obamacare is a classic, top-down, command-and-control, Washington-imposed solution. But there's a #BetterWay. https://t.co/IRRdWNIyqG","http://web.archive.org/*/http://twitter.com/SpeakerRyan/status/784120863436136448"
"#Obamacare is a classic, top-down, command-and-control, Washington-imposed solution. But there's a #BetterWay. https://t.co/IRRdWNIyqG","http://web.archive.org/*/https://twitter.com/SpeakerRyan/status/784120863436136448"
"RT @RepWDavidson: He's right. Our current spending path is unsustainable. We need a #BetterWay https://t.co/Zd4YvNW3xP","http://web.archive.org/*/http://twitter.com/SpeakerRyan/status/784127835095109632"
"RT @RepWDavidson: He's right. Our current spending path is unsustainable. We need a #BetterWay https://t.co/Zd4YvNW3xP","http://web.archive.org/*/https://twitter.com/SpeakerRyan/status/784127835095109632"
"Let's make the insurance companies compete and give you the power to shop for more affordable policies. #BetterWay https://t.co/b2Pjyu28MV","http://web.archive.org/*/http://twitter.com/SpeakerRyan/status/784132172244484096"
"Let's make the insurance companies compete and give you the power to shop for more affordable policies. #BetterWay https://t.co/b2Pjyu28MV","http://web.archive.org/*/https://twitter.com/SpeakerRyan/status/784132172244484096"
"We all deserve better than #Obamacare can provide. ← RT to agree. https://t.co/MEt0x6kLlI","http://web.archive.org/*/http://twitter.com/SpeakerRyan/status/784155942011150336"
"We all deserve better than #Obamacare can provide. ← RT to agree. https://t.co/MEt0x6kLlI","http://web.archive.org/*/https://twitter.com/SpeakerRyan/status/784155942011150336"
"RT @HouseGOP: We're offering a #BetterWay to fix health care. Learn more about our plan: https://t.co/h9oKgYSmIW","http://web.archive.org/*/http://twitter.com/SpeakerRyan/status/784191002483359744"
"RT @HouseGOP: We're offering a #BetterWay to fix health care. Learn more about our plan: https://t.co/h9oKgYSmIW","http://web.archive.org/*/https://twitter.com/SpeakerRyan/status/784191002483359744"
"More choices &amp; competition will succeed where price controls have failed. That's a #BetterWay to lower #hcr costs. https://t.co/I5UovePgJY","http://web.archive.org/*/http://twitter.com/SpeakerRyan/status/784193504033460224"
"More choices &amp; competition will succeed where price controls have failed. That's a #BetterWay to lower #hcr costs. https://t.co/I5UovePgJY","http://web.archive.org/*/https://twitter.com/SpeakerRyan/status/784193504033460224"
"RT @RepMcSally: Thank you for having me! https://t.co/TPX5x7Qi1y","http://web.archive.org/*/http://twitter.com/SpeakerRyan/status/784199354030526465"
"RT @RepMcSally: Thank you for having me! https://t.co/TPX5x7Qi1y","http://web.archive.org/*/https://twitter.com/SpeakerRyan/status/784199354030526465"
"RT @HouseGOP: .@cathymcmorris shares the GOP plan to help fight breast cancer. #BetterWay #BCAM https://t.co/lk1AeXOteK","http://web.archive.org/*/http://twitter.com/SpeakerRyan/status/784203168796192768"
"RT @HouseGOP: .@cathymcmorris shares the GOP plan to help fight breast cancer. #BetterWay #BCAM https://t.co/lk1AeXOteK","http://web.archive.org/*/https://twitter.com/SpeakerRyan/status/784203168796192768"
"To all those in the path of #HurricaneMatthew, stay safe and keep in touch with your loved ones. The whole country is pulling for you.","http://web.archive.org/*/http://twitter.com/SpeakerRyan/status/784207307450089472"
"To all those in the path of #HurricaneMatthew, stay safe and keep in touch with your loved ones. The whole country is pulling for you.","http://web.archive.org/*/https://twitter.com/SpeakerRyan/status/784207307450089472"
"House #Republicans want to make college more affordable—and that’s a promise we can keep. https://t.co/tzwiBTyUQG #BetterWay","http://web.archive.org/*/http://twitter.com/SpeakerRyan/status/784362128471756801"
"House #Republicans want to make college more affordable—and that’s a promise we can keep. https://t.co/tzwiBTyUQG #BetterWay","http://web.archive.org/*/https://twitter.com/SpeakerRyan/status/784362128471756801"
"One of my proudest moments as speaker was when the House passed the Conscience Protection Act in July. https://t.co/p9tdGRYcHd","http://web.archive.org/*/http://twitter.com/SpeakerRyan/status/784367213654347777"
"One of my proudest moments as speaker was when the House passed the Conscience Protection Act in July. https://t.co/p9tdGRYcHd","http://web.archive.org/*/https://twitter.com/SpeakerRyan/status/784367213654347777"
"#Medicare is on its way to insolvency. We have to fix this now—and we have a plan to do it. #BetterWay https://t.co/MBjNPikqBM","http://web.archive.org/*/http://twitter.com/SpeakerRyan/status/784372450515521536"
"#Medicare is on its way to insolvency. We have to fix this now—and we have a plan to do it. #BetterWay https://t.co/MBjNPikqBM","http://web.archive.org/*/https://twitter.com/SpeakerRyan/status/784372450515521536"
"A #BetterWay to save #Medicaid for those who need it = empower states to design programs that best suit their needs. https://t.co/I5Uovf6S8y","http://web.archive.org/*/http://twitter.com/SpeakerRyan/status/784384015876907010"
"A #BetterWay to save #Medicaid for those who need it = empower states to design programs that best suit their needs. https://t.co/I5Uovf6S8y","http://web.archive.org/*/https://twitter.com/SpeakerRyan/status/784384015876907010"
"RT @WaysandMeansGOP: September’s jobs report isn't ""as good as it gets,"" @RepKevinBrady knows there is a #BetterWay to strengthen economy h…","http://web.archive.org/*/http://twitter.com/SpeakerRyan/status/784388150437220353"
"RT @WaysandMeansGOP: September’s jobs report isn't ""as good as it gets,"" @RepKevinBrady knows there is a #BetterWay to strengthen economy h…","http://web.archive.org/*/https://twitter.com/SpeakerRyan/status/784388150437220353"
"The Obama administration has done just about everything to appease #Iran. Now they've gone ballistic. https://t.co/eloINdcyPp","http://web.archive.org/*/http://twitter.com/SpeakerRyan/status/784391856192970753"
"The Obama administration has done just about everything to appease #Iran. Now they've gone ballistic. https://t.co/eloINdcyPp","http://web.archive.org/*/https://twitter.com/SpeakerRyan/status/784391856192970753"
"Our plan ensures that no American can be denied coverage on the basis of their medical conditions. #BetterWay https://t.co/ydyjcuc8QZ","http://web.archive.org/*/http://twitter.com/SpeakerRyan/status/784402878609891328"
"Our plan ensures that no American can be denied coverage on the basis of their medical conditions. #BetterWay https://t.co/ydyjcuc8QZ","http://web.archive.org/*/https://twitter.com/SpeakerRyan/status/784402878609891328"
"Americans don't have to settle for this. There's a #BetterWay to grow our economy. https://t.co/ydyjcuc8QZ https://t.co/fzFOXtv9mi","http://web.archive.org/*/http://twitter.com/SpeakerRyan/status/784411644428509185"
"Americans don't have to settle for this. There's a #BetterWay to grow our economy. https://t.co/ydyjcuc8QZ https://t.co/fzFOXtv9mi","http://web.archive.org/*/https://twitter.com/SpeakerRyan/status/784411644428509185"
"RT @RepBlainePress: Honored to visit @1stStepBackHome in #Wentzville. If we can work together - there can be a #BetterWay. https://t.co/mdj…","http://web.archive.org/*/http://twitter.com/SpeakerRyan/status/784416018974306304"
"RT @RepBlainePress: Honored to visit @1stStepBackHome in #Wentzville. If we can work together - there can be a #BetterWay. https://t.co/mdj…","http://web.archive.org/*/https://twitter.com/SpeakerRyan/status/784416018974306304"
"RT @SteveScalise: Agencies like the EPA, IRS, VA and DOL are out of control. We need a #BetterWay to take back our government.
https://t.co…","http://web.archive.org/*/http://twitter.com/SpeakerRyan/status/784420368442351617"
"RT @SteveScalise: Agencies like the EPA, IRS, VA and DOL are out of control. We need a #BetterWay to take back our government.
https://t.co…","http://web.archive.org/*/https://twitter.com/SpeakerRyan/status/784420368442351617"
