"It was great to meet @CommerceGov employees this morning -- I hope they are as inspired by last night's @POTUS spee… https://t.co/MGDB05wXtw","http://web.archive.org/*/http://twitter.com/SecretaryRoss/status/836986961504137217"
"It was great to meet @CommerceGov employees this morning -- I hope they are as inspired by last night's @POTUS spee… https://t.co/MGDB05wXtw","http://web.archive.org/*/https://twitter.com/SecretaryRoss/status/836986961504137217"
"Ready to go on @squawkcnbc @CNBC at 7:00 am! https://t.co/bMy3RtkpeT","http://web.archive.org/*/http://twitter.com/SecretaryRoss/status/837630220609941504"
"Ready to go on @squawkcnbc @CNBC at 7:00 am! https://t.co/bMy3RtkpeT","http://web.archive.org/*/https://twitter.com/SecretaryRoss/status/837630220609941504"
"Those who flout economic sanctions and #export control laws will suffer the harshest of consequences. Watch:… https://t.co/xtZZClZlki","http://web.archive.org/*/http://twitter.com/SecretaryRoss/status/839237900621524992"
"Those who flout economic sanctions and #export control laws will suffer the harshest of consequences. Watch:… https://t.co/xtZZClZlki","http://web.archive.org/*/https://twitter.com/SecretaryRoss/status/839237900621524992"
".@larry_kudlow Not true. I've taken no position on border adjustment tax.","http://web.archive.org/*/http://twitter.com/SecretaryRoss/status/839264315047825408"
".@larry_kudlow Not true. I've taken no position on border adjustment tax.","http://web.archive.org/*/https://twitter.com/SecretaryRoss/status/839264315047825408"
"RT @realDonaldTrump: Economic confidence is soaring as we unleash the power of private sector job creation and stand up for the American Wo…","http://web.archive.org/*/http://twitter.com/SecretaryRoss/status/852309713043820544"
"RT @realDonaldTrump: Economic confidence is soaring as we unleash the power of private sector job creation and stand up for the American Wo…","http://web.archive.org/*/https://twitter.com/SecretaryRoss/status/852309713043820544"
"RT @realDonaldTrump: One by one we are keeping our promises - on the border, on energy, on jobs, on regulations. Big changes are happening!","http://web.archive.org/*/http://twitter.com/SecretaryRoss/status/852309720899743744"
"RT @realDonaldTrump: One by one we are keeping our promises - on the border, on energy, on jobs, on regulations. Big changes are happening!","http://web.archive.org/*/https://twitter.com/SecretaryRoss/status/852309720899743744"
"Tune in to @CNBC to hear about @CommerceGov's investigation into steel imports. https://t.co/rv1caPSh9g","http://web.archive.org/*/http://twitter.com/SecretaryRoss/status/855098198515470336"
"Tune in to @CNBC to hear about @CommerceGov's investigation into steel imports. https://t.co/rv1caPSh9g","http://web.archive.org/*/https://twitter.com/SecretaryRoss/status/855098198515470336"
"RT @CommerceGov: ICYMI: @SecretaryRoss discusses @POTUS Presidential memo on steel imports &amp; what it means for nat'l security @CNBC https:/…","http://web.archive.org/*/http://twitter.com/SecretaryRoss/status/855458648142864384"
"RT @CommerceGov: ICYMI: @SecretaryRoss discusses @POTUS Presidential memo on steel imports &amp; what it means for nat'l security @CNBC https:/…","http://web.archive.org/*/https://twitter.com/SecretaryRoss/status/855458648142864384"
"Great talking about @potus #First100Days accomplishments with @foxnewsradio. https://t.co/IxM6oly27R","http://web.archive.org/*/http://twitter.com/SecretaryRoss/status/857252258324590593"
"Great talking about @potus #First100Days accomplishments with @foxnewsradio. https://t.co/IxM6oly27R","http://web.archive.org/*/https://twitter.com/SecretaryRoss/status/857252258324590593"
"Tune in to @SquawkCNBC now! Talking trade and @POTUS #First100Days. https://t.co/dlL8I8HXYo","http://web.archive.org/*/http://twitter.com/SecretaryRoss/status/857550350613704704"
"Tune in to @SquawkCNBC now! Talking trade and @POTUS #First100Days. https://t.co/dlL8I8HXYo","http://web.archive.org/*/https://twitter.com/SecretaryRoss/status/857550350613704704"
"RT @realDonaldTrump: Presidential Memorandum for the @CommerceGov, @SecretaryRoss re: Aluminum Imports and Threats to National Security: ht…","http://web.archive.org/*/http://twitter.com/SecretaryRoss/status/857717144464896000"
"RT @realDonaldTrump: Presidential Memorandum for the @CommerceGov, @SecretaryRoss re: Aluminum Imports and Threats to National Security: ht…","http://web.archive.org/*/https://twitter.com/SecretaryRoss/status/857717144464896000"
"Extremely pleased by this first round of deliverables from our 100-day talks with China!","http://web.archive.org/*/http://twitter.com/SecretaryRoss/status/863046150760411137"
"Extremely pleased by this first round of deliverables from our 100-day talks with China!","http://web.archive.org/*/https://twitter.com/SecretaryRoss/status/863046150760411137"
"Movement on many longstanding issues like beef, LNG, and financial services bodes well for U.S.-Chinese relations.","http://web.archive.org/*/http://twitter.com/SecretaryRoss/status/863046455682052096"
"Movement on many longstanding issues like beef, LNG, and financial services bodes well for U.S.-Chinese relations.","http://web.archive.org/*/https://twitter.com/SecretaryRoss/status/863046455682052096"
"I am especially glad that China will send a delegation to the @SelectUSA Summit this year.","http://web.archive.org/*/http://twitter.com/SecretaryRoss/status/863046958562385921"
"I am especially glad that China will send a delegation to the @SelectUSA Summit this year.","http://web.archive.org/*/https://twitter.com/SecretaryRoss/status/863046958562385921"
"RT @POTUS: Weekly Address - tune in! #MAGA ➡️ https://t.co/p1vEylXXPU https://t.co/EErOuNLhvO","http://web.archive.org/*/http://twitter.com/SecretaryRoss/status/865688157374828545"
"RT @POTUS: Weekly Address - tune in! #MAGA ➡️ https://t.co/p1vEylXXPU https://t.co/EErOuNLhvO","http://web.archive.org/*/https://twitter.com/SecretaryRoss/status/865688157374828545"
"RT @WhiteHouse: ""We traveled the world to strengthen longstanding alliances, and to form a new partnership..."" #POTUSAbroad

More: https://…","http://web.archive.org/*/http://twitter.com/SecretaryRoss/status/869571819275264000"
"RT @WhiteHouse: ""We traveled the world to strengthen longstanding alliances, and to form a new partnership..."" #POTUSAbroad

More: https://…","http://web.archive.org/*/https://twitter.com/SecretaryRoss/status/869571819275264000"
".@MLauer, should correct your misleading comments this AM. Study was not from 2005, it’s from Mar 2017. Need to be on right side of facts.","http://web.archive.org/*/http://twitter.com/SecretaryRoss/status/870647405137592325"
".@MLauer, should correct your misleading comments this AM. Study was not from 2005, it’s from Mar 2017. Need to be on right side of facts.","http://web.archive.org/*/https://twitter.com/SecretaryRoss/status/870647405137592325"
"My message to DOC employees on the EEO policy &amp; reissued statement that fully reflects our views:… https://t.co/dBP9bmJkmh","http://web.archive.org/*/http://twitter.com/SecretaryRoss/status/875771618638917632"
"My message to DOC employees on the EEO policy &amp; reissued statement that fully reflects our views:… https://t.co/dBP9bmJkmh","http://web.archive.org/*/https://twitter.com/SecretaryRoss/status/875771618638917632"
"RT @NWSNHC: @CommerceGov Secretary Wilbur Ross visited NHC this afternoon to greet the staff of NHC &amp; @NWSMiami as it forecasts… ","http://web.archive.org/*/http://twitter.com/SecretaryRoss/status/916379223723569152"
"RT @NWSNHC: @CommerceGov Secretary Wilbur Ross visited NHC this afternoon to greet the staff of NHC &amp; @NWSMiami as it forecasts… ","http://web.archive.org/*/https://twitter.com/SecretaryRoss/status/916379223723569152"
"Very proud of the work @uscensusbureau is doing at our NY Regional Office to prepare for the 2020 Decennial. https://t.co/y1zY8Kqdzx","http://web.archive.org/*/http://twitter.com/SecretaryRoss/status/923261387434012672"
"Very proud of the work @uscensusbureau is doing at our NY Regional Office to prepare for the 2020 Decennial. https://t.co/y1zY8Kqdzx","http://web.archive.org/*/https://twitter.com/SecretaryRoss/status/923261387434012672"
"Thank you @realDonaldTrump for a great Christmas present to every American Family and every American business! We a… https://t.co/PyeG9UWNGU","http://web.archive.org/*/http://twitter.com/SecretaryRoss/status/941074527592812545"
"Thank you @realDonaldTrump for a great Christmas present to every American Family and every American business! We a… https://t.co/PyeG9UWNGU","http://web.archive.org/*/https://twitter.com/SecretaryRoss/status/941074527592812545"
"RT @WhiteHouse: ""Dr. King's dream is our dream. It is the American Dream. It's the promise stitched into the fabric of our Nation, etched i…","http://web.archive.org/*/http://twitter.com/SecretaryRoss/status/953073831534612480"
"RT @WhiteHouse: ""Dr. King's dream is our dream. It is the American Dream. It's the promise stitched into the fabric of our Nation, etched i…","http://web.archive.org/*/https://twitter.com/SecretaryRoss/status/953073831534612480"
"Wow @RealDonaldTrump! Best #SOTU in recent memory!","http://web.archive.org/*/http://twitter.com/SecretaryRoss/status/958545074362769408"
"Wow @RealDonaldTrump! Best #SOTU in recent memory!","http://web.archive.org/*/https://twitter.com/SecretaryRoss/status/958545074362769408"
".@RealDonaldTrump touched every base: economic, military, and diplomatic. Made the case for smart &amp; compassionate immigration.  #SOTU","http://web.archive.org/*/http://twitter.com/SecretaryRoss/status/958545501829435392"
".@RealDonaldTrump touched every base: economic, military, and diplomatic. Made the case for smart &amp; compassionate immigration.  #SOTU","http://web.archive.org/*/https://twitter.com/SecretaryRoss/status/958545501829435392"
".@RealDonaldTrump’s vision for a safe, strong, and proud America deserves full bipartisan support.  #SOTU","http://web.archive.org/*/http://twitter.com/SecretaryRoss/status/958545903425552384"
".@RealDonaldTrump’s vision for a safe, strong, and proud America deserves full bipartisan support.  #SOTU","http://web.archive.org/*/https://twitter.com/SecretaryRoss/status/958545903425552384"
"My statement on @realDonaldTrump's #SOTU address. https://t.co/ZhfNNzzlkP https://t.co/8PipQFNbG9","http://web.archive.org/*/http://twitter.com/SecretaryRoss/status/958552614026784770"
"My statement on @realDonaldTrump's #SOTU address. https://t.co/ZhfNNzzlkP https://t.co/8PipQFNbG9","http://web.archive.org/*/https://twitter.com/SecretaryRoss/status/958552614026784770"
"RT @realDonaldTrump: My prayers and condolences to the families of the victims of the terrible Florida shooting. No child, teacher or anyon…","http://web.archive.org/*/http://twitter.com/SecretaryRoss/status/963927915284062209"
"RT @realDonaldTrump: My prayers and condolences to the families of the victims of the terrible Florida shooting. No child, teacher or anyon…","http://web.archive.org/*/https://twitter.com/SecretaryRoss/status/963927915284062209"
"Today’s #JobsReport by @BLS_gov shows our economy is strong and American workers continue to reap the benefits from… https://t.co/rnwAHjQDvk","http://web.archive.org/*/http://twitter.com/SecretaryRoss/status/992432577972666368"
"Today’s #JobsReport by @BLS_gov shows our economy is strong and American workers continue to reap the benefits from… https://t.co/rnwAHjQDvk","http://web.archive.org/*/https://twitter.com/SecretaryRoss/status/992432577972666368"
"Thank you to the thousands of employees that make up the Commerce team!  I am proud of your hard work &amp; commitment… https://t.co/qkEzPNrPIt","http://web.archive.org/*/http://twitter.com/SecretaryRoss/status/993525041924116482"
"Thank you to the thousands of employees that make up the Commerce team!  I am proud of your hard work &amp; commitment… https://t.co/qkEzPNrPIt","http://web.archive.org/*/https://twitter.com/SecretaryRoss/status/993525041924116482"
"Spoke with Friedrich Merz of Atlantik-Brücke on the critical importance of the German-U.S. relationship. An open tr… https://t.co/gJQYFeaI5Y","http://web.archive.org/*/http://twitter.com/SecretaryRoss/status/993582444480745472"
"Spoke with Friedrich Merz of Atlantik-Brücke on the critical importance of the German-U.S. relationship. An open tr… https://t.co/gJQYFeaI5Y","http://web.archive.org/*/https://twitter.com/SecretaryRoss/status/993582444480745472"
"I am proud of @uscensusbureau's absolute commitment to the confidentiality of individual, household &amp; business data… https://t.co/4BISn5yYPs","http://web.archive.org/*/http://twitter.com/SecretaryRoss/status/993867966805618688"
"I am proud of @uscensusbureau's absolute commitment to the confidentiality of individual, household &amp; business data… https://t.co/4BISn5yYPs","http://web.archive.org/*/https://twitter.com/SecretaryRoss/status/993867966805618688"
"Thank you @SecretaryAcosta, @BetsyDeVosED, @IvankaTrump and to all the Task Force members for working to build out… https://t.co/lPgb1V7sb6","http://web.archive.org/*/http://twitter.com/SecretaryRoss/status/994970984473092097"
"Thank you @SecretaryAcosta, @BetsyDeVosED, @IvankaTrump and to all the Task Force members for working to build out… https://t.co/lPgb1V7sb6","http://web.archive.org/*/https://twitter.com/SecretaryRoss/status/994970984473092097"
"RT @CommerceGov: Tune-in at 12:30 p.m. today to hear @SecretaryRoss discuss how Commerce is creating conditions for #EconomicGrowth and opp…","http://web.archive.org/*/http://twitter.com/SecretaryRoss/status/996047181516767233"
"RT @CommerceGov: Tune-in at 12:30 p.m. today to hear @SecretaryRoss discuss how Commerce is creating conditions for #EconomicGrowth and opp…","http://web.archive.org/*/https://twitter.com/SecretaryRoss/status/996047181516767233"
"RT @CommerceGov: Tune-in at 1:00 p.m. today to hear @SecretaryRoss discuss how Commerce is creating conditions for #EconomicGrowth and oppo…","http://web.archive.org/*/http://twitter.com/SecretaryRoss/status/996049857080102915"
"RT @CommerceGov: Tune-in at 1:00 p.m. today to hear @SecretaryRoss discuss how Commerce is creating conditions for #EconomicGrowth and oppo…","http://web.archive.org/*/https://twitter.com/SecretaryRoss/status/996049857080102915"
"RT @CommerceGov: ""It is unreasonable for one country to bear the burden of bolstering the economic fortunes of the entire planet,” said @Se…","http://web.archive.org/*/http://twitter.com/SecretaryRoss/status/996105935641858049"
"RT @CommerceGov: ""It is unreasonable for one country to bear the burden of bolstering the economic fortunes of the entire planet,” said @Se…","http://web.archive.org/*/https://twitter.com/SecretaryRoss/status/996105935641858049"
"RT @CommerceGov: “The one sure thing is that @POTUS Trump meticulously honors his campaign promises, and key among them is making our trade…","http://web.archive.org/*/http://twitter.com/SecretaryRoss/status/996416565024346112"
"RT @CommerceGov: “The one sure thing is that @POTUS Trump meticulously honors his campaign promises, and key among them is making our trade…","http://web.archive.org/*/https://twitter.com/SecretaryRoss/status/996416565024346112"
"RT @TradeGov: “We are letting the world know that trade with America should be free, fair and reciprocal” #ExportsWin  @SecretaryRoss https…","http://web.archive.org/*/http://twitter.com/SecretaryRoss/status/998557504207572994"
"RT @TradeGov: “We are letting the world know that trade with America should be free, fair and reciprocal” #ExportsWin  @SecretaryRoss https…","http://web.archive.org/*/https://twitter.com/SecretaryRoss/status/998557504207572994"
"The President’s E Award was established in 1961 to promote global outreach and #exports by American entrepreneurs a… https://t.co/L4PMctHZFc","http://web.archive.org/*/http://twitter.com/SecretaryRoss/status/998603145868693510"
"The President’s E Award was established in 1961 to promote global outreach and #exports by American entrepreneurs a… https://t.co/L4PMctHZFc","http://web.archive.org/*/https://twitter.com/SecretaryRoss/status/998603145868693510"
"Less than 3% of American companies ever export anything – a condition that we are working very hard to change. Toda… https://t.co/ljvhDBM0y2","http://web.archive.org/*/http://twitter.com/SecretaryRoss/status/998628969166622726"
"Less than 3% of American companies ever export anything – a condition that we are working very hard to change. Toda… https://t.co/ljvhDBM0y2","http://web.archive.org/*/https://twitter.com/SecretaryRoss/status/998628969166622726"
"From day one, this Administration has been committed to leveling the playing field for businesses and organizations… https://t.co/WTEJCEfSWR","http://web.archive.org/*/http://twitter.com/SecretaryRoss/status/998629457693958145"
"From day one, this Administration has been committed to leveling the playing field for businesses and organizations… https://t.co/WTEJCEfSWR","http://web.archive.org/*/https://twitter.com/SecretaryRoss/status/998629457693958145"
"As discussed with @POTUS, the Department of Commerce will conduct a thorough, fair, and transparent investigation i… https://t.co/k8nfd8pM2E","http://web.archive.org/*/http://twitter.com/SecretaryRoss/status/999652131438243841"
"As discussed with @POTUS, the Department of Commerce will conduct a thorough, fair, and transparent investigation i… https://t.co/k8nfd8pM2E","http://web.archive.org/*/https://twitter.com/SecretaryRoss/status/999652131438243841"
"Commerce's @TradeGov, @BISgov, @NTIAgov, and @NOAA will play a pivotal role in American commercial space. I am exci… https://t.co/xKZnCl270U","http://web.archive.org/*/http://twitter.com/SecretaryRoss/status/1000387898812915712"
"Commerce's @TradeGov, @BISgov, @NTIAgov, and @NOAA will play a pivotal role in American commercial space. I am exci… https://t.co/xKZnCl270U","http://web.archive.org/*/https://twitter.com/SecretaryRoss/status/1000387898812915712"
"Looking forward to speaking at the #OECDForum this week and continuing our discussions with @USTradeRep Lighthizer… https://t.co/FhuPjP104u","http://web.archive.org/*/http://twitter.com/SecretaryRoss/status/1001440631149953024"
"Looking forward to speaking at the #OECDForum this week and continuing our discussions with @USTradeRep Lighthizer… https://t.co/FhuPjP104u","http://web.archive.org/*/https://twitter.com/SecretaryRoss/status/1001440631149953024"
"Looking forward to speaking at the #OECDForum this week and continuing our discussions with @USTradeRep Lighthizer… https://t.co/5IaGzE1evi","http://web.archive.org/*/http://twitter.com/SecretaryRoss/status/1001441386032521217"
"Looking forward to speaking at the #OECDForum this week and continuing our discussions with @USTradeRep Lighthizer… https://t.co/5IaGzE1evi","http://web.archive.org/*/https://twitter.com/SecretaryRoss/status/1001441386032521217"
"RT @CommerceGov: ""Every country’s primary obligation is to protect its own citizens and livelihood” said @SecretaryRoss earlier today at th…","http://web.archive.org/*/http://twitter.com/SecretaryRoss/status/1001860001865125889"
"RT @CommerceGov: ""Every country’s primary obligation is to protect its own citizens and livelihood” said @SecretaryRoss earlier today at th…","http://web.archive.org/*/https://twitter.com/SecretaryRoss/status/1001860001865125889"
"Today, @BISgov is imposing an additional $1.4 billion, the largest penalty it has ever levied and requiring that ZT… https://t.co/q8gUQhS5pb","http://web.archive.org/*/http://twitter.com/SecretaryRoss/status/1004751849197592577"
"Today, @BISgov is imposing an additional $1.4 billion, the largest penalty it has ever levied and requiring that ZT… https://t.co/q8gUQhS5pb","http://web.archive.org/*/https://twitter.com/SecretaryRoss/status/1004751849197592577"
"I commend the @SelectUSA team on this incredible milestone. Working with the #econdev community, they are maintaini… https://t.co/hVtZBRxf4s","http://web.archive.org/*/http://twitter.com/SecretaryRoss/status/1005112095233495041"
"I commend the @SelectUSA team on this incredible milestone. Working with the #econdev community, they are maintaini… https://t.co/hVtZBRxf4s","http://web.archive.org/*/https://twitter.com/SecretaryRoss/status/1005112095233495041"
"Stopped by the 43rd annual @NOAA Fish Fry on Wednesday. Chefs from across the U.S. came to showcase the quality sea… https://t.co/L2LkNbSJ4q","http://web.archive.org/*/http://twitter.com/SecretaryRoss/status/1005194928455118848"
"Stopped by the 43rd annual @NOAA Fish Fry on Wednesday. Chefs from across the U.S. came to showcase the quality sea… https://t.co/L2LkNbSJ4q","http://web.archive.org/*/https://twitter.com/SecretaryRoss/status/1005194928455118848"
"I commend @POTUS on today's decision to stand up to China's unfair trade &amp; theft of our nation's… https://t.co/eZy6gosYLE","http://web.archive.org/*/http://twitter.com/SecretaryRoss/status/1007688657396957184"
"I commend @POTUS on today's decision to stand up to China's unfair trade &amp; theft of our nation's… https://t.co/eZy6gosYLE","http://web.archive.org/*/https://twitter.com/SecretaryRoss/status/1007688657396957184"
"Excited to announce our new Director of the Office of Space Commerce, a Presidentially-appointed position left vaca… https://t.co/ObhJyvcvFU","http://web.archive.org/*/http://twitter.com/SecretaryRoss/status/1008780004698796032"
"Excited to announce our new Director of the Office of Space Commerce, a Presidentially-appointed position left vaca… https://t.co/ObhJyvcvFU","http://web.archive.org/*/https://twitter.com/SecretaryRoss/status/1008780004698796032"
"Earlier today, I was honored to join @POTUS for the signing of Patent #10 Million. This is a historic achievement f… https://t.co/84hnYyrV2c","http://web.archive.org/*/http://twitter.com/SecretaryRoss/status/1009197235488415744"
"Earlier today, I was honored to join @POTUS for the signing of Patent #10 Million. This is a historic achievement f… https://t.co/84hnYyrV2c","http://web.archive.org/*/https://twitter.com/SecretaryRoss/status/1009197235488415744"
"Last year, fishing communities in the Gulf &amp; Caribbean were devastated by destructive hurricanes, while Pacific fis… https://t.co/adrNgoA7Ho","http://web.archive.org/*/http://twitter.com/SecretaryRoss/status/1009539409706971136"
"Last year, fishing communities in the Gulf &amp; Caribbean were devastated by destructive hurricanes, while Pacific fis… https://t.co/adrNgoA7Ho","http://web.archive.org/*/https://twitter.com/SecretaryRoss/status/1009539409706971136"
"Thank you to the record number of governors who traveled to the #SelectUSASummit &amp; made @SelectUSA their priority.… https://t.co/Vao9OfTPo7","http://web.archive.org/*/http://twitter.com/SecretaryRoss/status/1009850028054245376"
"Thank you to the record number of governors who traveled to the #SelectUSASummit &amp; made @SelectUSA their priority.… https://t.co/Vao9OfTPo7","http://web.archive.org/*/https://twitter.com/SecretaryRoss/status/1009850028054245376"
"Investments in the projects being announced during the #SelectUSASummit total more than $600 million, and it demons… https://t.co/XMdd5QK6Xw","http://web.archive.org/*/http://twitter.com/SecretaryRoss/status/1009859309319188480"
"Investments in the projects being announced during the #SelectUSASummit total more than $600 million, and it demons… https://t.co/XMdd5QK6Xw","http://web.archive.org/*/https://twitter.com/SecretaryRoss/status/1009859309319188480"
"Congratulations @ReCogHealth on your $15 million investment in the Commonwealth of #Virginia. The new center in Fai… https://t.co/GzmljxUrgg","http://web.archive.org/*/http://twitter.com/SecretaryRoss/status/1009884078546604039"
"Congratulations @ReCogHealth on your $15 million investment in the Commonwealth of #Virginia. The new center in Fai… https://t.co/GzmljxUrgg","http://web.archive.org/*/https://twitter.com/SecretaryRoss/status/1009884078546604039"
"Congratulations Governor @ButchOtter and @NewCold_HQ for this significant $90 million investment. Your decision to… https://t.co/T82bwWnvT7","http://web.archive.org/*/http://twitter.com/SecretaryRoss/status/1009911038945480706"
"Congratulations Governor @ButchOtter and @NewCold_HQ for this significant $90 million investment. Your decision to… https://t.co/T82bwWnvT7","http://web.archive.org/*/https://twitter.com/SecretaryRoss/status/1009911038945480706"
"Congratulations Governor @ButchOtter and @NewCold_HQ for this significant $90 million investment. Your decision to… https://t.co/784Ov30EtM","http://web.archive.org/*/http://twitter.com/SecretaryRoss/status/1009911554568048640"
"Congratulations Governor @ButchOtter and @NewCold_HQ for this significant $90 million investment. Your decision to… https://t.co/784Ov30EtM","http://web.archive.org/*/https://twitter.com/SecretaryRoss/status/1009911554568048640"
"Today’s report from @SelectUSA reveals that rural America plays an important role in our economy. Foreign direct in… https://t.co/5X4Pg9Jc3b","http://web.archive.org/*/http://twitter.com/SecretaryRoss/status/1010221243189137408"
"Today’s report from @SelectUSA reveals that rural America plays an important role in our economy. Foreign direct in… https://t.co/5X4Pg9Jc3b","http://web.archive.org/*/https://twitter.com/SecretaryRoss/status/1010221243189137408"
"As we conclude the 2018 #SelectUSASummit, I want to thank the 3,000 delegates from 66 markets who joined us. More t… https://t.co/wATD8qyKDr","http://web.archive.org/*/http://twitter.com/SecretaryRoss/status/1010230822480285696"
"As we conclude the 2018 #SelectUSASummit, I want to thank the 3,000 delegates from 66 markets who joined us. More t… https://t.co/wATD8qyKDr","http://web.archive.org/*/https://twitter.com/SecretaryRoss/status/1010230822480285696"
".@POTUS promised to fix the tax system; he promised to fix the regulatory system; and he promised to fix trade. We… https://t.co/4JMS3dq9AG","http://web.archive.org/*/http://twitter.com/SecretaryRoss/status/1012347948229853184"
".@POTUS promised to fix the tax system; he promised to fix the regulatory system; and he promised to fix trade. We… https://t.co/4JMS3dq9AG","http://web.archive.org/*/https://twitter.com/SecretaryRoss/status/1012347948229853184"
"It was an incredible honor to join @POTUS, @GovWalker, @StevenMnuchin1, @SecretaryAcosta &amp; @SBALinda yesterday at… https://t.co/ntmc6Lvuoo","http://web.archive.org/*/http://twitter.com/SecretaryRoss/status/1012722969502781440"
"It was an incredible honor to join @POTUS, @GovWalker, @StevenMnuchin1, @SecretaryAcosta &amp; @SBALinda yesterday at… https://t.co/ntmc6Lvuoo","http://web.archive.org/*/https://twitter.com/SecretaryRoss/status/1012722969502781440"
"Thank you @ups for your leadership on the #PACDBIA.  I am pleased to be here in #ghana on the final leg of this imp… https://t.co/OFrycQwCDf","http://web.archive.org/*/http://twitter.com/SecretaryRoss/status/1014905126841192448"
"Thank you @ups for your leadership on the #PACDBIA.  I am pleased to be here in #ghana on the final leg of this imp… https://t.co/OFrycQwCDf","http://web.archive.org/*/http://twitter.com/SecretaryRoss/status/1014905126841192448"
"Thank you @ups for your leadership on the #PACDBIA.  I am pleased to be here in #ghana on the final leg of this imp… https://t.co/OFrycQwCDf","http://web.archive.org/*/https://twitter.com/SecretaryRoss/status/1014905126841192448"
"Thank you @ups for your leadership on the #PACDBIA.  I am pleased to be here in #ghana on the final leg of this imp… https://t.co/OFrycQwCDf","http://web.archive.org/*/https://twitter.com/SecretaryRoss/status/1014905126841192448"
"It’s clear U.S. companies want to grow their businesses in Africa. The United States is making real progress in Afr… https://t.co/uppHDpREhC","http://web.archive.org/*/http://twitter.com/SecretaryRoss/status/1015275809207177217"
"It’s clear U.S. companies want to grow their businesses in Africa. The United States is making real progress in Afr… https://t.co/uppHDpREhC","http://web.archive.org/*/http://twitter.com/SecretaryRoss/status/1015275809207177217"
"It’s clear U.S. companies want to grow their businesses in Africa. The United States is making real progress in Afr… https://t.co/uppHDpREhC","http://web.archive.org/*/https://twitter.com/SecretaryRoss/status/1015275809207177217"
"It’s clear U.S. companies want to grow their businesses in Africa. The United States is making real progress in Afr… https://t.co/uppHDpREhC","http://web.archive.org/*/https://twitter.com/SecretaryRoss/status/1015275809207177217"
"I'll be speaking with @SquawkCNBC tomorrow morning at 6:15 am ET.","http://web.archive.org/*/http://twitter.com/SecretaryRoss/status/1019707386079084548"
"I'll be speaking with @SquawkCNBC tomorrow morning at 6:15 am ET.","http://web.archive.org/*/https://twitter.com/SecretaryRoss/status/1019707386079084548"
"It was an honor to meet with Ambassador @NavtejSarna earlier this week and participate in the #IndoPacificBizForum… https://t.co/6Q7jn3dzmw","http://web.archive.org/*/http://twitter.com/SecretaryRoss/status/1024701562067795968"
"It was an honor to meet with Ambassador @NavtejSarna earlier this week and participate in the #IndoPacificBizForum… https://t.co/6Q7jn3dzmw","http://web.archive.org/*/https://twitter.com/SecretaryRoss/status/1024701562067795968"
"Thank you to this summer’s interns for their invaluable work across the Commerce Department to foster growth in the… https://t.co/dd67zrSyGT","http://web.archive.org/*/http://twitter.com/SecretaryRoss/status/1024719056316846081"
"Thank you to this summer’s interns for their invaluable work across the Commerce Department to foster growth in the… https://t.co/dd67zrSyGT","http://web.archive.org/*/https://twitter.com/SecretaryRoss/status/1024719056316846081"
"RT @CNBC: Commentary: China is ""pouring money into in Africa."" Here's how the U.S. can level the playing field, @ChrisCoons and @SecretaryR…","http://web.archive.org/*/http://twitter.com/SecretaryRoss/status/1025131403850252288"
"RT @CNBC: Commentary: China is ""pouring money into in Africa."" Here's how the U.S. can level the playing field, @ChrisCoons and @SecretaryR…","http://web.archive.org/*/https://twitter.com/SecretaryRoss/status/1025131403850252288"
"Today's #JobsReport shows the continued strength of our economy. @POTUS is keeping his promise to restore our econo… https://t.co/I9033nxWTZ","http://web.archive.org/*/http://twitter.com/SecretaryRoss/status/1025403230271037441"
"Today's #JobsReport shows the continued strength of our economy. @POTUS is keeping his promise to restore our econo… https://t.co/I9033nxWTZ","http://web.archive.org/*/https://twitter.com/SecretaryRoss/status/1025403230271037441"
"I am pleased to join @SecElaineChao in announcing these final rules. Today's announcement means we are a step close… https://t.co/p15LTYFDaF","http://web.archive.org/*/http://twitter.com/SecretaryRoss/status/1025411650990616576"
"I am pleased to join @SecElaineChao in announcing these final rules. Today's announcement means we are a step close… https://t.co/p15LTYFDaF","http://web.archive.org/*/https://twitter.com/SecretaryRoss/status/1025411650990616576"
".@POTUS tax cuts and regulatory reform are creating a new wave of growth in our advanced manufacturing and technolo… https://t.co/RaXTlRr4XN","http://web.archive.org/*/http://twitter.com/SecretaryRoss/status/1026505181083656198"
".@POTUS tax cuts and regulatory reform are creating a new wave of growth in our advanced manufacturing and technolo… https://t.co/RaXTlRr4XN","http://web.archive.org/*/https://twitter.com/SecretaryRoss/status/1026505181083656198"
"The #CaliforniaWildfires are a direct threat to people &amp; property and all measures available must be taken to prote… https://t.co/xk7oHj1vfF","http://web.archive.org/*/http://twitter.com/SecretaryRoss/status/1027255620918013952"
"The #CaliforniaWildfires are a direct threat to people &amp; property and all measures available must be taken to prote… https://t.co/xk7oHj1vfF","http://web.archive.org/*/https://twitter.com/SecretaryRoss/status/1027255620918013952"
"Thank you to the women of @NOAA for your leadership in this critical industry. #STEM &amp; the computer science industr… https://t.co/c7DEYoOSUg","http://web.archive.org/*/http://twitter.com/SecretaryRoss/status/1027937005785755650"
"Thank you to the women of @NOAA for your leadership in this critical industry. #STEM &amp; the computer science industr… https://t.co/c7DEYoOSUg","http://web.archive.org/*/https://twitter.com/SecretaryRoss/status/1027937005785755650"
"Congratulations @MaritoAbdo on your inauguration. It was a great honor to be here as part of the U.S. delegation to… https://t.co/f72q94pW7c","http://web.archive.org/*/http://twitter.com/SecretaryRoss/status/1029763898310909953"
"Congratulations @MaritoAbdo on your inauguration. It was a great honor to be here as part of the U.S. delegation to… https://t.co/f72q94pW7c","http://web.archive.org/*/https://twitter.com/SecretaryRoss/status/1029763898310909953"
"These better-than-expected retail sales numbers are another great sign that @POTUS's economic plan is working for t… https://t.co/ukRMiTZOzT","http://web.archive.org/*/http://twitter.com/SecretaryRoss/status/1030594688955412482"
"These better-than-expected retail sales numbers are another great sign that @POTUS's economic plan is working for t… https://t.co/ukRMiTZOzT","http://web.archive.org/*/https://twitter.com/SecretaryRoss/status/1030594688955412482"
"I look forward to seeing the resurgence first-hand tomorrow. Manufacturing companies &amp; workers like yours have been… https://t.co/5tHYafn5OW","http://web.archive.org/*/http://twitter.com/SecretaryRoss/status/1032023037321859072"
"I look forward to seeing the resurgence first-hand tomorrow. Manufacturing companies &amp; workers like yours have been… https://t.co/5tHYafn5OW","http://web.archive.org/*/https://twitter.com/SecretaryRoss/status/1032023037321859072"
"RT @CommerceGov: ""The Trump Administration will stand firm to defend the industrial capabilities required to ensure our national security,""…","http://web.archive.org/*/http://twitter.com/SecretaryRoss/status/1032309967095836673"
"RT @CommerceGov: ""The Trump Administration will stand firm to defend the industrial capabilities required to ensure our national security,""…","http://web.archive.org/*/https://twitter.com/SecretaryRoss/status/1032309967095836673"
"It was an honor to join you &amp; @USDA Deputy Secretary Censky &amp; hear from #NorthDakota's miners, manufacturers &amp; grow… https://t.co/wSPOi0KX3N","http://web.archive.org/*/http://twitter.com/SecretaryRoss/status/1033017189866057728"
"It was an honor to join you &amp; @USDA Deputy Secretary Censky &amp; hear from #NorthDakota's miners, manufacturers &amp; grow… https://t.co/wSPOi0KX3N","http://web.archive.org/*/https://twitter.com/SecretaryRoss/status/1033017189866057728"
"Today’s appointment is the continuation of the unprecedented measures imposed on ZTE by the Department of Commerce.… https://t.co/jz8PJvrXyB","http://web.archive.org/*/http://twitter.com/SecretaryRoss/status/1033029196568772608"
"Today’s appointment is the continuation of the unprecedented measures imposed on ZTE by the Department of Commerce.… https://t.co/jz8PJvrXyB","http://web.archive.org/*/https://twitter.com/SecretaryRoss/status/1033029196568772608"
"Our team at the @NWS &amp; @NWSHonolulu are working around-the-clock to get folks prepared for #HurricaneLane. Please l… https://t.co/ngQs1KVlM9","http://web.archive.org/*/http://twitter.com/SecretaryRoss/status/1033040923083657221"
"Our team at the @NWS &amp; @NWSHonolulu are working around-the-clock to get folks prepared for #HurricaneLane. Please l… https://t.co/ngQs1KVlM9","http://web.archive.org/*/https://twitter.com/SecretaryRoss/status/1033040923083657221"
"Today's agreement with #Mexico is a victory for the American economy and will go a long way in leveling the playing… https://t.co/7Cr9g1ZW7F","http://web.archive.org/*/http://twitter.com/SecretaryRoss/status/1034202781953839104"
"Today's agreement with #Mexico is a victory for the American economy and will go a long way in leveling the playing… https://t.co/7Cr9g1ZW7F","http://web.archive.org/*/https://twitter.com/SecretaryRoss/status/1034202781953839104"
"American consumers are spending more, businesses are investing more and exports are increasing because of @POTUS po… https://t.co/Bn9LjYPyoB","http://web.archive.org/*/http://twitter.com/SecretaryRoss/status/1034836436460163072"
"American consumers are spending more, businesses are investing more and exports are increasing because of @POTUS po… https://t.co/Bn9LjYPyoB","http://web.archive.org/*/https://twitter.com/SecretaryRoss/status/1034836436460163072"
"American wages and salaries are up and people are spending more. As we approach #LaborDay, this is even more great… https://t.co/4JjwPItcEu","http://web.archive.org/*/http://twitter.com/SecretaryRoss/status/1035187107222962176"
"American wages and salaries are up and people are spending more. As we approach #LaborDay, this is even more great… https://t.co/4JjwPItcEu","http://web.archive.org/*/https://twitter.com/SecretaryRoss/status/1035187107222962176"
"#LaborDay is a time to celebrate &amp; honor the #AmericanWorker. And this year, we have more cause to celebrate than w… https://t.co/gq0uyel9Gq","http://web.archive.org/*/http://twitter.com/SecretaryRoss/status/1036630778325749760"
"#LaborDay is a time to celebrate &amp; honor the #AmericanWorker. And this year, we have more cause to celebrate than w… https://t.co/gq0uyel9Gq","http://web.archive.org/*/https://twitter.com/SecretaryRoss/status/1036630778325749760"
"Mr. Childs’ commitment to economic development in minority communities is an unrivaled asset to the Department of C… https://t.co/kf0ff0Rl3J","http://web.archive.org/*/http://twitter.com/SecretaryRoss/status/1037398312729681920"
"Mr. Childs’ commitment to economic development in minority communities is an unrivaled asset to the Department of C… https://t.co/kf0ff0Rl3J","http://web.archive.org/*/https://twitter.com/SecretaryRoss/status/1037398312729681920"
"Mr. Childs’ commitment to economic development in minority communities is an unrivaled asset to the Department of C… https://t.co/kf0ff0Rl3J","http://web.archive.org/*/http://twitter.com/SecretaryRoss/status/1037398312729681920"
"Mr. Childs’ commitment to economic development in minority communities is an unrivaled asset to the Department of C… https://t.co/kf0ff0Rl3J","http://web.archive.org/*/https://twitter.com/SecretaryRoss/status/1037398312729681920"
"I did not write and am thoroughly appalled by this op-ed. I couldn’t be prouder of our work at Commerce and of… https://t.co/Knbc0PLtEW","http://web.archive.org/*/http://twitter.com/SecretaryRoss/status/1037756392814325760"
"I did not write and am thoroughly appalled by this op-ed. I couldn’t be prouder of our work at Commerce and of… https://t.co/Knbc0PLtEW","http://web.archive.org/*/https://twitter.com/SecretaryRoss/status/1037756392814325760"
"Today’s #JobsReport is more great news for the #AmericanWorker. Thanks to the pro-growth policies of @POTUS, U.S. b… https://t.co/jlaM2xHddD","http://web.archive.org/*/http://twitter.com/SecretaryRoss/status/1038099050871095297"
"Today’s #JobsReport is more great news for the #AmericanWorker. Thanks to the pro-growth policies of @POTUS, U.S. b… https://t.co/jlaM2xHddD","http://web.archive.org/*/https://twitter.com/SecretaryRoss/status/1038099050871095297"
"Thank you @tsipras_eu for taking the time to meet with me and U.S. business leaders today in improving commercial r… https://t.co/eXMoWHJAPz","http://web.archive.org/*/http://twitter.com/SecretaryRoss/status/1038137933168103424"
"Thank you @tsipras_eu for taking the time to meet with me and U.S. business leaders today in improving commercial r… https://t.co/eXMoWHJAPz","http://web.archive.org/*/https://twitter.com/SecretaryRoss/status/1038137933168103424"
"Timely detailed data are essential both for enforcement &amp; for policy determinations. This interactive tool will str… https://t.co/zO5Xw4WEXk","http://web.archive.org/*/http://twitter.com/SecretaryRoss/status/1039217320244248576"
"Timely detailed data are essential both for enforcement &amp; for policy determinations. This interactive tool will str… https://t.co/zO5Xw4WEXk","http://web.archive.org/*/https://twitter.com/SecretaryRoss/status/1039217320244248576"
"17 years ago, more than 3,000 lives were lost during the horrific &amp; tragic events of #September11th. While we will… https://t.co/Jh09QYW7hb","http://web.archive.org/*/http://twitter.com/SecretaryRoss/status/1039484737155420165"
"17 years ago, more than 3,000 lives were lost during the horrific &amp; tragic events of #September11th. While we will… https://t.co/Jh09QYW7hb","http://web.archive.org/*/https://twitter.com/SecretaryRoss/status/1039484737155420165"
"More great economic news! Poverty rate declines and incomes rise in 2017. https://t.co/WWgW7nAX95","http://web.archive.org/*/http://twitter.com/SecretaryRoss/status/1039953925422632966"
"More great economic news! Poverty rate declines and incomes rise in 2017. https://t.co/WWgW7nAX95","http://web.archive.org/*/https://twitter.com/SecretaryRoss/status/1039953925422632966"
"Thank you @NOAA and the #FirstResponders who are on the front lines keeping Americans safe during… https://t.co/i49c5WvNTI","http://web.archive.org/*/http://twitter.com/SecretaryRoss/status/1040327113944039428"
"Thank you @NOAA and the #FirstResponders who are on the front lines keeping Americans safe during… https://t.co/i49c5WvNTI","http://web.archive.org/*/https://twitter.com/SecretaryRoss/status/1040327113944039428"
"Please follow @FEMA, @NWS, @Readygov, and visit https://t.co/Hh8ChRZC2Y for updates on #HurricaneFlorence.","http://web.archive.org/*/http://twitter.com/SecretaryRoss/status/1040327457503633408"
"Please follow @FEMA, @NWS, @Readygov, and visit https://t.co/Hh8ChRZC2Y for updates on #HurricaneFlorence.","http://web.archive.org/*/https://twitter.com/SecretaryRoss/status/1040327457503633408"
"I am on @SquawkCNBC discussing the administration’s
most recent actions to level the playing field for American business!","http://web.archive.org/*/http://twitter.com/SecretaryRoss/status/1042001772368343040"
"I am on @SquawkCNBC discussing the administration’s
most recent actions to level the playing field for American business!","http://web.archive.org/*/https://twitter.com/SecretaryRoss/status/1042001772368343040"
"@SecretaryRoss this morning on @SquawkCNBC : “The purpose of
the #tariffs is to modify China’s behavior… The real p… https://t.co/IzSxZcCbC0","http://web.archive.org/*/http://twitter.com/SecretaryRoss/status/1042031575641276417"
"@SecretaryRoss this morning on @SquawkCNBC : “The purpose of
the #tariffs is to modify China’s behavior… The real p… https://t.co/IzSxZcCbC0","http://web.archive.org/*/https://twitter.com/SecretaryRoss/status/1042031575641276417"
"The Trump Administration understands that outdoor recreation
is integral to our economy. We proudly highlight those… https://t.co/XWg4hlk2JW","http://web.archive.org/*/http://twitter.com/SecretaryRoss/status/1042771857341079552"
"The Trump Administration understands that outdoor recreation
is integral to our economy. We proudly highlight those… https://t.co/XWg4hlk2JW","http://web.archive.org/*/https://twitter.com/SecretaryRoss/status/1042771857341079552"
"Today, I spoke to leaders in Congress about our dynamic and growing outdoor recreation industry, and the surge in t… https://t.co/08Y9ARepxp","http://web.archive.org/*/http://twitter.com/SecretaryRoss/status/1042811107713474565"
"Today, I spoke to leaders in Congress about our dynamic and growing outdoor recreation industry, and the surge in t… https://t.co/08Y9ARepxp","http://web.archive.org/*/https://twitter.com/SecretaryRoss/status/1042811107713474565"
"@SecretaryRoss: Thanks to @SteveDaines and @SenDonnelly “for their leadership in drafting and passing the ""Rec Act,… https://t.co/gWPBYw0Ahz","http://web.archive.org/*/http://twitter.com/SecretaryRoss/status/1042812540089262080"
"@SecretaryRoss: The numbers… are simply phenomenal… The outdoor recreation industry generated $412 billion in reven… https://t.co/OD52AykXoe","http://web.archive.org/*/http://twitter.com/SecretaryRoss/status/1042812541288833025"
"@SecretaryRoss: Thanks to @SteveDaines and @SenDonnelly “for their leadership in drafting and passing the ""Rec Act,… https://t.co/gWPBYw0Ahz","http://web.archive.org/*/https://twitter.com/SecretaryRoss/status/1042812540089262080"
"@SecretaryRoss: The numbers… are simply phenomenal… The outdoor recreation industry generated $412 billion in reven… https://t.co/OD52AykXoe","http://web.archive.org/*/https://twitter.com/SecretaryRoss/status/1042812541288833025"
"@SecretaryRoss: The rate of job growth for the outdoor recreation sector in 2016 — at 2.3 percent — was greater tha… https://t.co/HbHugYS469","http://web.archive.org/*/http://twitter.com/SecretaryRoss/status/1042812542517698566"
"@SecretaryRoss: The rate of job growth for the outdoor recreation sector in 2016 — at 2.3 percent — was greater tha… https://t.co/HbHugYS469","http://web.archive.org/*/https://twitter.com/SecretaryRoss/status/1042812542517698566"
"Tourists in America “spent a record $251 billion in the United States, accounting for 32 percent of all of our expo… https://t.co/WabYM31dXl","http://web.archive.org/*/http://twitter.com/SecretaryRoss/status/1042814538670923782"
"Tourists in America “spent a record $251 billion in the United States, accounting for 32 percent of all of our expo… https://t.co/WabYM31dXl","http://web.archive.org/*/https://twitter.com/SecretaryRoss/status/1042814538670923782"
"The number of foreign visitors to the United States in 2018 remains strong, and those visitors are spending at a re… https://t.co/1tki2pNNjM","http://web.archive.org/*/http://twitter.com/SecretaryRoss/status/1042814540436721664"
"The number of foreign visitors to the United States in 2018 remains strong, and those visitors are spending at a re… https://t.co/1tki2pNNjM","http://web.archive.org/*/https://twitter.com/SecretaryRoss/status/1042814540436721664"
"The United States cannot sustain innovation without having manufacturing. They are dependent upon each other.","http://web.archive.org/*/http://twitter.com/SecretaryRoss/status/1042818976747868166"
"The United States cannot sustain innovation without having manufacturing. They are dependent upon each other.","http://web.archive.org/*/https://twitter.com/SecretaryRoss/status/1042818976747868166"
"The Administration is trying to rebuild our manufacturing sector… If you go to a sporting goods store, and check th… https://t.co/Bao4p3XzgW","http://web.archive.org/*/http://twitter.com/SecretaryRoss/status/1042818974306770945"
"The Administration is trying to rebuild our manufacturing sector… If you go to a sporting goods store, and check th… https://t.co/Bao4p3XzgW","http://web.archive.org/*/https://twitter.com/SecretaryRoss/status/1042818974306770945"
"@NOAA did an amazing job forecasting the precise track and potential impacts of Hurricane Florence","http://web.archive.org/*/http://twitter.com/SecretaryRoss/status/1042822405541060608"
"@NOAA did an amazing job forecasting the precise track and potential impacts of Hurricane Florence","http://web.archive.org/*/https://twitter.com/SecretaryRoss/status/1042822405541060608"
"The New National Cyber Strategy released by @POTUS
ensures America’s leadership position on the world stage. This s… https://t.co/B9XvXa24nO","http://web.archive.org/*/http://twitter.com/SecretaryRoss/status/1043887212524392449"
"The New National Cyber Strategy released by @POTUS
ensures America’s leadership position on the world stage. This s… https://t.co/B9XvXa24nO","http://web.archive.org/*/https://twitter.com/SecretaryRoss/status/1043887212524392449"
"The Trump Administration has been on the ground across the country working to rebuild communities after the devasta… https://t.co/1Qe7hlOXdE","http://web.archive.org/*/http://twitter.com/SecretaryRoss/status/1044344334924075008"
"The Trump Administration has been on the ground across the country working to rebuild communities after the devasta… https://t.co/1Qe7hlOXdE","http://web.archive.org/*/https://twitter.com/SecretaryRoss/status/1044344334924075008"
".@realdonaldtrump is fulfilling his promise on this amended trade deal with #SouthKorea to level the playing field… https://t.co/05o1ezZ5RA","http://web.archive.org/*/http://twitter.com/SecretaryRoss/status/1044358458223579142"
".@realdonaldtrump is fulfilling his promise on this amended trade deal with #SouthKorea to level the playing field… https://t.co/05o1ezZ5RA","http://web.archive.org/*/https://twitter.com/SecretaryRoss/status/1044358458223579142"
"Thanks to this Administration's policies, economic growth continues. Earnings increased in 21 of the 24 industries… https://t.co/9pXHBSW0fe","http://web.archive.org/*/http://twitter.com/SecretaryRoss/status/1044703100207058944"
"Thanks to this Administration's policies, economic growth continues. Earnings increased in 21 of the 24 industries… https://t.co/9pXHBSW0fe","http://web.archive.org/*/https://twitter.com/SecretaryRoss/status/1044703100207058944"
"This year’s award recipients are role models for every one of us. We value the manner in which you carry out your d… https://t.co/0P1qoiXmqq","http://web.archive.org/*/http://twitter.com/SecretaryRoss/status/1044988098675961856"
"This year’s award recipients are role models for every one of us. We value the manner in which you carry out your d… https://t.co/0P1qoiXmqq","http://web.archive.org/*/https://twitter.com/SecretaryRoss/status/1044988098675961856"
"The @RealDonaldTrump economy is booming. Job openings are at a record
high, unemployment has hit record lows for Af… https://t.co/wE2ZsfecSL","http://web.archive.org/*/http://twitter.com/SecretaryRoss/status/1045045282222813185"
"The @RealDonaldTrump economy is booming. Job openings are at a record
high, unemployment has hit record lows for Af… https://t.co/wE2ZsfecSL","http://web.archive.org/*/https://twitter.com/SecretaryRoss/status/1045045282222813185"
"American manufacturers continue to exhibit strong growth under @RealDonaldTrump!","http://web.archive.org/*/http://twitter.com/SecretaryRoss/status/1045326131958829057"
"American manufacturers continue to exhibit strong growth under @RealDonaldTrump!","http://web.archive.org/*/https://twitter.com/SecretaryRoss/status/1045326131958829057"
"NEW: Revised Q2 GDP numbers show that exports in the @RealDonaldTrump economy continue to expand, with newly revise… https://t.co/Zruz60Kjxe","http://web.archive.org/*/http://twitter.com/SecretaryRoss/status/1045384074758680581"
"NEW: Revised Q2 GDP numbers show that exports in the @RealDonaldTrump economy continue to expand, with newly revise… https://t.co/Zruz60Kjxe","http://web.archive.org/*/https://twitter.com/SecretaryRoss/status/1045384074758680581"
"Incomes rose 0.3% in August, showing the @realdonaldtrump’s policies are benefitting Americans across the country: https://t.co/dUV2Oxw71b","http://web.archive.org/*/http://twitter.com/SecretaryRoss/status/1045665591372251136"
"Incomes rose 0.3% in August, showing the @realdonaldtrump’s policies are benefitting Americans across the country: https://t.co/dUV2Oxw71b","http://web.archive.org/*/https://twitter.com/SecretaryRoss/status/1045665591372251136"
"In addition, wages and salaries rose 0.5% in last month nationwide, the largest increase since January. https://t.co/dUV2Oxw71b","http://web.archive.org/*/http://twitter.com/SecretaryRoss/status/1045678275484430336"
"In addition, wages and salaries rose 0.5% in last month nationwide, the largest increase since January. https://t.co/dUV2Oxw71b","http://web.archive.org/*/https://twitter.com/SecretaryRoss/status/1045678275484430336"
"In addition, wages and salaries rose 0.5% in last month nationwide, the largest increase since January. https://t.co/dUV2Oxw71b","http://web.archive.org/*/http://twitter.com/SecretaryRoss/status/1045677860202192898"
"In addition, wages and salaries rose 0.5% in last month nationwide, the largest increase since January. https://t.co/dUV2Oxw71b","http://web.archive.org/*/https://twitter.com/SecretaryRoss/status/1045677860202192898"
"In fact, personal incomes have risen every month that @realdonaldtrump has been in office. https://t.co/dUV2Oxw71b","http://web.archive.org/*/http://twitter.com/SecretaryRoss/status/1045689948362473473"
"In fact, personal incomes have risen every month that @realdonaldtrump has been in office. https://t.co/dUV2Oxw71b","http://web.archive.org/*/https://twitter.com/SecretaryRoss/status/1045689948362473473"
"The Trump Administration is committed to not only rebuilding after natural disasters, but also to taking action tha… https://t.co/GpKPfno8t8","http://web.archive.org/*/http://twitter.com/SecretaryRoss/status/1045749695375650816"
"The Trump Administration is committed to not only rebuilding after natural disasters, but also to taking action tha… https://t.co/GpKPfno8t8","http://web.archive.org/*/https://twitter.com/SecretaryRoss/status/1045749695375650816"
"This deal clearly vindicates @realDonaldTrump's trade policy. It is fundamental reform. Rest in peace #NAFTA.","http://web.archive.org/*/http://twitter.com/SecretaryRoss/status/1046776363846430727"
"This deal clearly vindicates @realDonaldTrump's trade policy. It is fundamental reform. Rest in peace #NAFTA.","http://web.archive.org/*/https://twitter.com/SecretaryRoss/status/1046776363846430727"
"Thank you @USTradeRep Lighthizer. I could not agree more. Because of @realDonaldTrump's vision and leadership, ther… https://t.co/FUxQHAw8DO","http://web.archive.org/*/http://twitter.com/SecretaryRoss/status/1046879935158267904"
"Thank you @USTradeRep Lighthizer. I could not agree more. Because of @realDonaldTrump's vision and leadership, ther… https://t.co/FUxQHAw8DO","http://web.archive.org/*/https://twitter.com/SecretaryRoss/status/1046879935158267904"
"I am proud to report that our 2018 Census Test in Providence, #RhodeIsland, was a great success. The productivity r… https://t.co/pEisRiYvyU","http://web.archive.org/*/http://twitter.com/SecretaryRoss/status/1047163416190836736"
"I am proud to report that our 2018 Census Test in Providence, #RhodeIsland, was a great success. The productivity r… https://t.co/pEisRiYvyU","http://web.archive.org/*/https://twitter.com/SecretaryRoss/status/1047163416190836736"
"The coming #2020Census will be the first-ever digital Census. We found that in Providence, respondents embraced our… https://t.co/PO1hlLqnG4","http://web.archive.org/*/http://twitter.com/SecretaryRoss/status/1047169435558203393"
"The coming #2020Census will be the first-ever digital Census. We found that in Providence, respondents embraced our… https://t.co/PO1hlLqnG4","http://web.archive.org/*/https://twitter.com/SecretaryRoss/status/1047169435558203393"
"We are on budget and on schedule with every aspect of the #2020Census. We are adhering to the design and time frame… https://t.co/Vs7WW3lero","http://web.archive.org/*/http://twitter.com/SecretaryRoss/status/1047173495459856385"
"We are on budget and on schedule with every aspect of the #2020Census. We are adhering to the design and time frame… https://t.co/Vs7WW3lero","http://web.archive.org/*/https://twitter.com/SecretaryRoss/status/1047173495459856385"
"We are focused on cyber issues associated with the 2020 count, being fully cognizant of the need to protect the… https://t.co/JdhNTXmkC5","http://web.archive.org/*/http://twitter.com/SecretaryRoss/status/1047178367802494976"
"We are focused on cyber issues associated with the 2020 count, being fully cognizant of the need to protect the… https://t.co/JdhNTXmkC5","http://web.archive.org/*/https://twitter.com/SecretaryRoss/status/1047178367802494976"
"Responses to the Census are not shared with anyone outside of the Census Bureau. It is against the law for any Cens… https://t.co/WsfnYj06i6","http://web.archive.org/*/http://twitter.com/SecretaryRoss/status/1047184084752064512"
"Responses to the Census are not shared with anyone outside of the Census Bureau. It is against the law for any Cens… https://t.co/WsfnYj06i6","http://web.archive.org/*/https://twitter.com/SecretaryRoss/status/1047184084752064512"
".@BLS_gov just released the latest metropolitan unemployment numbers. In 340 of the 388 metro areas unemployment ra… https://t.co/QXtyud1sRK","http://web.archive.org/*/http://twitter.com/SecretaryRoss/status/1047575201322622976"
".@BLS_gov just released the latest metropolitan unemployment numbers. In 340 of the 388 metro areas unemployment ra… https://t.co/QXtyud1sRK","http://web.archive.org/*/https://twitter.com/SecretaryRoss/status/1047575201322622976"
"Earlier today, @BLS_gov released the latest metropolitan unemployment numbers. In 340 of the 388 metro areas unempl… https://t.co/htAy36CXIP","http://web.archive.org/*/http://twitter.com/SecretaryRoss/status/1047575452355895297"
"Earlier today, @BLS_gov released the latest metropolitan unemployment numbers. In 340 of the 388 metro areas unempl… https://t.co/htAy36CXIP","http://web.archive.org/*/https://twitter.com/SecretaryRoss/status/1047575452355895297"
"More good news for American business shows that @RealDonaldTrump’s economic policies are working https://t.co/1KIIZF5NVE","http://web.archive.org/*/http://twitter.com/SecretaryRoss/status/1047586825026654210"
"More good news for American business shows that @RealDonaldTrump’s economic policies are working https://t.co/1KIIZF5NVE","http://web.archive.org/*/https://twitter.com/SecretaryRoss/status/1047586825026654210"
"NEW: In 2017, American consumption by state grew at an average of 4.3%, showing that the @RealDonaldTrump economy i… https://t.co/tnWDvbfj5K","http://web.archive.org/*/http://twitter.com/SecretaryRoss/status/1047843348160176128"
"NEW: In 2017, American consumption by state grew at an average of 4.3%, showing that the @RealDonaldTrump economy i… https://t.co/tnWDvbfj5K","http://web.archive.org/*/https://twitter.com/SecretaryRoss/status/1047843348160176128"
"I applaud @VP for his powerful speech at the @HudsonInstitute highlighting China’s aggressive trade practices and a… https://t.co/aGdrsC9l92","http://web.archive.org/*/http://twitter.com/SecretaryRoss/status/1047890942961897477"
"I applaud @VP for his powerful speech at the @HudsonInstitute highlighting China’s aggressive trade practices and a… https://t.co/aGdrsC9l92","http://web.archive.org/*/https://twitter.com/SecretaryRoss/status/1047890942961897477"
"NEW: “On this #ManufacturingDay, Americans around the country can celebrate the growing manufacturing revival” https://t.co/5v304icKFK","http://web.archive.org/*/http://twitter.com/SecretaryRoss/status/1048191018930241542"
"NEW: “On this #ManufacturingDay, Americans around the country can celebrate the growing manufacturing revival” https://t.co/5v304icKFK","http://web.archive.org/*/https://twitter.com/SecretaryRoss/status/1048191018930241542"
"Unemployment has hit the lowest level since 1969! @RealDonaldTrump’s policies are spurring historic jobs numbers!","http://web.archive.org/*/http://twitter.com/SecretaryRoss/status/1048202803662016517"
"Unemployment has hit the lowest level since 1969! @RealDonaldTrump’s policies are spurring historic jobs numbers!","http://web.archive.org/*/https://twitter.com/SecretaryRoss/status/1048202803662016517"
"Enjoyed speaking with a group of local officials from #Delaware and #Maryland at the @WhiteHouse yesterday.… https://t.co/BrIm0ClS6T","http://web.archive.org/*/http://twitter.com/SecretaryRoss/status/1048209728722096128"
"Enjoyed speaking with a group of local officials from #Delaware and #Maryland at the @WhiteHouse yesterday.… https://t.co/BrIm0ClS6T","http://web.archive.org/*/https://twitter.com/SecretaryRoss/status/1048209728722096128"
"It has been an honor to work with @NikkiHaley to advance @RealDonaldTrump’s America First agenda. Thanks to her wor… https://t.co/4N15jSeW1O","http://web.archive.org/*/http://twitter.com/SecretaryRoss/status/1049712056440631296"
"It has been an honor to work with @NikkiHaley to advance @RealDonaldTrump’s America First agenda. Thanks to her wor… https://t.co/4N15jSeW1O","http://web.archive.org/*/https://twitter.com/SecretaryRoss/status/1049712056440631296"
"RT @fema: As Hurricane #Michael approaches land, make sure you have multiple ways to stay informed &amp; charge devices now.
📻 NOAA weather rad…","http://web.archive.org/*/http://twitter.com/SecretaryRoss/status/1049714374934503425"
"RT @fema: As Hurricane #Michael approaches land, make sure you have multiple ways to stay informed &amp; charge devices now.
📻 NOAA weather rad…","http://web.archive.org/*/https://twitter.com/SecretaryRoss/status/1049714374934503425"
"It is imperative that all those in the path of #HurricaneMichael stay aware and follow the directions of emergency… https://t.co/ig1pfDm3G2","http://web.archive.org/*/http://twitter.com/SecretaryRoss/status/1049734565382762497"
"It is imperative that all those in the path of #HurricaneMichael stay aware and follow the directions of emergency… https://t.co/ig1pfDm3G2","http://web.archive.org/*/https://twitter.com/SecretaryRoss/status/1049734565382762497"
"90 percent of hurricane deaths are water related. The storm surge poses a serious danger and could reach higher tha… https://t.co/kmPLNxbwbA","http://web.archive.org/*/http://twitter.com/SecretaryRoss/status/1049774992328671233"
"90 percent of hurricane deaths are water related. The storm surge poses a serious danger and could reach higher tha… https://t.co/kmPLNxbwbA","http://web.archive.org/*/https://twitter.com/SecretaryRoss/status/1049774992328671233"
"#HurricaneMichael could cause storm surges above 9 feet high. If you are told to evacuate, please do so immediately. https://t.co/bzdNLqRmRt","http://web.archive.org/*/http://twitter.com/SecretaryRoss/status/1049800114733285382"
"#HurricaneMichael could cause storm surges above 9 feet high. If you are told to evacuate, please do so immediately. https://t.co/bzdNLqRmRt","http://web.archive.org/*/https://twitter.com/SecretaryRoss/status/1049800114733285382"
"RT @FLGovScott: Just spoke with @POTUS to give him an update on Hurricane Michael. He offered any federal resources necessary as we prepare…","http://web.archive.org/*/http://twitter.com/SecretaryRoss/status/1050022068731961346"
"RT @FLGovScott: Just spoke with @POTUS to give him an update on Hurricane Michael. He offered any federal resources necessary as we prepare…","http://web.archive.org/*/https://twitter.com/SecretaryRoss/status/1050022068731961346"
"New wholesale trade data indicate that the @realDonaldTrump economy continues to soar. Unemployment has hit record… https://t.co/3xKJNf9NTn","http://web.archive.org/*/http://twitter.com/SecretaryRoss/status/1050046867516600321"
"New wholesale trade data indicate that the @realDonaldTrump economy continues to soar. Unemployment has hit record… https://t.co/3xKJNf9NTn","http://web.archive.org/*/https://twitter.com/SecretaryRoss/status/1050046867516600321"
"#HurricaneMichael is extremely dangerous. Please listen to the warnings of your local emergency officials and take… https://t.co/YSylavF7At","http://web.archive.org/*/http://twitter.com/SecretaryRoss/status/1050054042712494080"
"#HurricaneMichael is extremely dangerous. Please listen to the warnings of your local emergency officials and take… https://t.co/YSylavF7At","http://web.archive.org/*/https://twitter.com/SecretaryRoss/status/1050054042712494080"
"RT @realDonaldTrump: We are with you Florida! https://t.co/qzrVLeFbyF
https://t.co/HVVhSmBg7S https://t.co/rcB6OCwLeH","http://web.archive.org/*/http://twitter.com/SecretaryRoss/status/1050055843536953347"
"RT @realDonaldTrump: We are with you Florida! https://t.co/qzrVLeFbyF
https://t.co/HVVhSmBg7S https://t.co/rcB6OCwLeH","http://web.archive.org/*/https://twitter.com/SecretaryRoss/status/1050055843536953347"
".@CommerceGov is proud to work with @USTreasury on a strong initial program to address threats to our national secu… https://t.co/gSz3xWEcKf","http://web.archive.org/*/http://twitter.com/SecretaryRoss/status/1050751834690908161"
".@CommerceGov is proud to work with @USTreasury on a strong initial program to address threats to our national secu… https://t.co/gSz3xWEcKf","http://web.archive.org/*/https://twitter.com/SecretaryRoss/status/1050751834690908161"
"The pilot program announced today will make America safer and more secure in the 21st century.","http://web.archive.org/*/http://twitter.com/SecretaryRoss/status/1050760327187582976"
"The pilot program announced today will make America safer and more secure in the 21st century.","http://web.archive.org/*/https://twitter.com/SecretaryRoss/status/1050760327187582976"
"The U.S. continues to be one of the most open countries in the world to foreign investors. Still, we will not stand… https://t.co/w2OWpoWPyi","http://web.archive.org/*/http://twitter.com/SecretaryRoss/status/1050769941216026624"
"The U.S. continues to be one of the most open countries in the world to foreign investors. Still, we will not stand… https://t.co/w2OWpoWPyi","http://web.archive.org/*/https://twitter.com/SecretaryRoss/status/1050769941216026624"
"Core retail sales rose 0.5% in September, showing strong consumer spending and continued economic growth under… https://t.co/xv043gnqaI","http://web.archive.org/*/http://twitter.com/SecretaryRoss/status/1051871503569117186"
"Core retail sales rose 0.5% in September, showing strong consumer spending and continued economic growth under… https://t.co/xv043gnqaI","http://web.archive.org/*/https://twitter.com/SecretaryRoss/status/1051871503569117186"
"The Trump Administration is committed to creating new opportunities for American workers and building the infrastru… https://t.co/McCCeHA7uy","http://web.archive.org/*/http://twitter.com/SecretaryRoss/status/1051892521939464198"
"The Trump Administration is committed to creating new opportunities for American workers and building the infrastru… https://t.co/McCCeHA7uy","http://web.archive.org/*/https://twitter.com/SecretaryRoss/status/1051892521939464198"
"According to the latest @BLS_gov numbers, job openings have risen by 1.5 million since @realDonaldTrump was elected… https://t.co/awtz9D7HyA","http://web.archive.org/*/http://twitter.com/SecretaryRoss/status/1052210908439748608"
"According to the latest @BLS_gov numbers, job openings have risen by 1.5 million since @realDonaldTrump was elected… https://t.co/awtz9D7HyA","http://web.archive.org/*/https://twitter.com/SecretaryRoss/status/1052210908439748608"
"Latest @BLS_gov jobs release reports that the number of job openings remains well above the number of unemployed.… https://t.co/BoPRKOF1iE","http://web.archive.org/*/http://twitter.com/SecretaryRoss/status/1052219299266535424"
"Latest @BLS_gov jobs release reports that the number of job openings remains well above the number of unemployed.… https://t.co/BoPRKOF1iE","http://web.archive.org/*/https://twitter.com/SecretaryRoss/status/1052219299266535424"
"As U.S. and E.U. officials convene in Brussels this week, we can be proud that “#PrivacyShield works.” Read more… https://t.co/2qEgTbBUiv","http://web.archive.org/*/http://twitter.com/SecretaryRoss/status/1052958649113616384"
"As U.S. and E.U. officials convene in Brussels this week, we can be proud that “#PrivacyShield works.” Read more… https://t.co/2qEgTbBUiv","http://web.archive.org/*/https://twitter.com/SecretaryRoss/status/1052958649113616384"
"RT @CommerceGov: Joint Press Statement from Commissioner @VeraJourova and Commerce @SecretaryRoss on the Second Annual EU-U.S. #PrivacyShie…","http://web.archive.org/*/http://twitter.com/SecretaryRoss/status/1053292325483503623"
"RT @CommerceGov: Joint Press Statement from Commissioner @VeraJourova and Commerce @SecretaryRoss on the Second Annual EU-U.S. #PrivacyShie…","http://web.archive.org/*/https://twitter.com/SecretaryRoss/status/1053292325483503623"
"Thank you @AmChamEU and @AmChamEU_SDA for the opportunity earlier this week to address the importance of the U.S.-E… https://t.co/hAs5hsth31","http://web.archive.org/*/http://twitter.com/SecretaryRoss/status/1053345610307436545"
"Thank you @AmChamEU and @AmChamEU_SDA for the opportunity earlier this week to address the importance of the U.S.-E… https://t.co/hAs5hsth31","http://web.archive.org/*/https://twitter.com/SecretaryRoss/status/1053345610307436545"
"We must end this trade imbalance. We invite you to take another look at your global production footprint; compare c… https://t.co/UfRapqHjnF","http://web.archive.org/*/http://twitter.com/SecretaryRoss/status/1053347587326201856"
"We must end this trade imbalance. We invite you to take another look at your global production footprint; compare c… https://t.co/UfRapqHjnF","http://web.archive.org/*/https://twitter.com/SecretaryRoss/status/1053347587326201856"
"Security of the #2020census has been and remains a critical priority.","http://web.archive.org/*/http://twitter.com/SecretaryRoss/status/1053349951474974720"
"Security of the #2020census has been and remains a critical priority.","http://web.archive.org/*/https://twitter.com/SecretaryRoss/status/1053349951474974720"
"Thank you @realDonaldTrump for fulfilling your promise to the American people. Cutting these regulatory burdens wil… https://t.co/hew6AtYzJa","http://web.archive.org/*/http://twitter.com/SecretaryRoss/status/1053351682313281538"
"Thank you @realDonaldTrump for fulfilling your promise to the American people. Cutting these regulatory burdens wil… https://t.co/hew6AtYzJa","http://web.archive.org/*/https://twitter.com/SecretaryRoss/status/1053351682313281538"
"Proud to support our commercial fishermen through deregulation - including opening New England scallop grounds, net… https://t.co/VOCufmQDDt","http://web.archive.org/*/http://twitter.com/SecretaryRoss/status/1053352360112779264"
"Proud to support our commercial fishermen through deregulation - including opening New England scallop grounds, net… https://t.co/VOCufmQDDt","http://web.archive.org/*/https://twitter.com/SecretaryRoss/status/1053352360112779264"
"The last time the U.S. topped this list was 2008. Yet another great example of how the economic policies of… https://t.co/y0cLB48C85","http://web.archive.org/*/http://twitter.com/SecretaryRoss/status/1054438693732265984"
"The last time the U.S. topped this list was 2008. Yet another great example of how the economic policies of… https://t.co/y0cLB48C85","http://web.archive.org/*/https://twitter.com/SecretaryRoss/status/1054438693732265984"
"RT @SelectUSA: ICYMI: PRESS RELEASE (10/15/2018): Under Secretary Kaplan Announces New #SelectUSA Leadership https://t.co/9qaidiv0uT https:…","http://web.archive.org/*/http://twitter.com/SecretaryRoss/status/1054452051978174465"
"RT @SelectUSA: ICYMI: PRESS RELEASE (10/15/2018): Under Secretary Kaplan Announces New #SelectUSA Leadership https://t.co/9qaidiv0uT https:…","http://web.archive.org/*/https://twitter.com/SecretaryRoss/status/1054452051978174465"
"RT @US_EDA: In September, EDA announced a $2.3M grant to the Town of Easton to fund critical #infrastructure needed to establish the Mistle…","http://web.archive.org/*/http://twitter.com/SecretaryRoss/status/1054452721154228224"
"RT @US_EDA: In September, EDA announced a $2.3M grant to the Town of Easton to fund critical #infrastructure needed to establish the Mistle…","http://web.archive.org/*/https://twitter.com/SecretaryRoss/status/1054452721154228224"
"RT @TradeGov: What does the new United States-Mexico-Canada Agreement #USMCA mean for #exports from your state? Check out @USTradeRep's new…","http://web.archive.org/*/http://twitter.com/SecretaryRoss/status/1054453147589115906"
"RT @TradeGov: What does the new United States-Mexico-Canada Agreement #USMCA mean for #exports from your state? Check out @USTradeRep's new…","http://web.archive.org/*/https://twitter.com/SecretaryRoss/status/1054453147589115906"
"Congratulations Brian J. Lenihan on your appointment as Executive Director of @SelectUSA!","http://web.archive.org/*/http://twitter.com/SecretaryRoss/status/1054510370830929925"
"Congratulations Brian J. Lenihan on your appointment as Executive Director of @SelectUSA!","http://web.archive.org/*/https://twitter.com/SecretaryRoss/status/1054510370830929925"
"I applaud the successful political &amp; democratic reforms that are underway in #Uzbekistan. Such reforms are improvin… https://t.co/QC4atDTgE7","http://web.archive.org/*/http://twitter.com/SecretaryRoss/status/1054829201528889344"
"I applaud the successful political &amp; democratic reforms that are underway in #Uzbekistan. Such reforms are improvin… https://t.co/QC4atDTgE7","http://web.archive.org/*/https://twitter.com/SecretaryRoss/status/1054829201528889344"
"Thank you @president_uz for hosting me today. As @realDonaldTrump discussed with you earlier this year, the U.S. re… https://t.co/o7rV5SIakQ","http://web.archive.org/*/http://twitter.com/SecretaryRoss/status/1054829626978197504"
"Thank you @president_uz for hosting me today. As @realDonaldTrump discussed with you earlier this year, the U.S. re… https://t.co/o7rV5SIakQ","http://web.archive.org/*/https://twitter.com/SecretaryRoss/status/1054829626978197504"
"RT @CommerceGov: ""The importance of space technology and space commerce in our daily lives has never been more evident than today,"" said Ac…","http://web.archive.org/*/http://twitter.com/SecretaryRoss/status/1054872493046009856"
"RT @CommerceGov: ""The importance of space technology and space commerce in our daily lives has never been more evident than today,"" said Ac…","http://web.archive.org/*/https://twitter.com/SecretaryRoss/status/1054872493046009856"
"It was my honor to join @president_of_kz and the delegation of U.S. companies in #Astana today. #Kazakhstan is cont… https://t.co/fMkJfWkPQf","http://web.archive.org/*/http://twitter.com/SecretaryRoss/status/1055135714411720705"
"It was my honor to join @president_of_kz and the delegation of U.S. companies in #Astana today. #Kazakhstan is cont… https://t.co/fMkJfWkPQf","http://web.archive.org/*/https://twitter.com/SecretaryRoss/status/1055135714411720705"
