"https://t.co/L5ehuMFGat https://t.co/x53gCG7Nvc","http://web.archive.org/*/http://twitter.com/Comey/status/847590025223188480"
"https://t.co/L5ehuMFGat https://t.co/x53gCG7Nvc","http://web.archive.org/*/https://twitter.com/Comey/status/847590025223188480"
"Beautiful fall day at West Point. Lone kayaker on the Hudson. https://t.co/gcJ730VD7p","http://web.archive.org/*/http://twitter.com/Comey/status/920783485413060608"
"Beautiful fall day at West Point. Lone kayaker on the Hudson. https://t.co/gcJ730VD7p","http://web.archive.org/*/https://twitter.com/Comey/status/920783485413060608"
"Little Round Top, Gettysburg. Good place to think about leadership and values. https://t.co/o1cKBXrLCl","http://web.archive.org/*/http://twitter.com/Comey/status/921078863949631489"
"Little Round Top, Gettysburg. Good place to think about leadership and values. https://t.co/o1cKBXrLCl","http://web.archive.org/*/https://twitter.com/Comey/status/921078863949631489"
"Good to be back in Iowa. https://t.co/TGJHOhQ9KF","http://web.archive.org/*/http://twitter.com/Comey/status/921536987072483328"
"Good to be back in Iowa. https://t.co/TGJHOhQ9KF","http://web.archive.org/*/https://twitter.com/Comey/status/921536987072483328"
"Watching migrating white pelicans in Iowa thinking about Niebuhr‚Äôs Serenity Prayer. https://t.co/TCAU4gs0Jw","http://web.archive.org/*/http://twitter.com/Comey/status/922152286981300224"
"Watching migrating white pelicans in Iowa thinking about Niebuhr‚Äôs Serenity Prayer. https://t.co/TCAU4gs0Jw","http://web.archive.org/*/https://twitter.com/Comey/status/922152286981300224"
"Goodbye Iowa. On the road home. Gotta get back to writing.  Will try to tweet in useful ways. https://t.co/DCbu3Yvqt3","http://web.archive.org/*/http://twitter.com/Comey/status/922486295611371526"
"Goodbye Iowa. On the road home. Gotta get back to writing.  Will try to tweet in useful ways. https://t.co/DCbu3Yvqt3","http://web.archive.org/*/https://twitter.com/Comey/status/922486295611371526"
"Honored to be at Howard tonight for first session. It was a great group with important questions.  Looking forward‚Ä¶ https://t.co/IGvbM31hGF","http://web.archive.org/*/http://twitter.com/Comey/status/923338623130402816"
"Honored to be at Howard tonight for first session. It was a great group with important questions.  Looking forward‚Ä¶ https://t.co/IGvbM31hGF","http://web.archive.org/*/https://twitter.com/Comey/status/923338623130402816"
"We are in an ‚Äúinescapable network of mutuality, tied in a single garment of destiny. Whatever affects one directly,‚Ä¶ https://t.co/MSHisg4Lhj","http://web.archive.org/*/http://twitter.com/Comey/status/924693064479920130"
"We are in an ‚Äúinescapable network of mutuality, tied in a single garment of destiny. Whatever affects one directly,‚Ä¶ https://t.co/MSHisg4Lhj","http://web.archive.org/*/https://twitter.com/Comey/status/924693064479920130"
"‚ÄúMan‚Äôs capacity for justice makes democracy possible, but man‚Äôs inclination to injustice makes democracy necessary.‚Äù Reinhold Niebuhr","http://web.archive.org/*/http://twitter.com/Comey/status/925070993692987394"
"‚ÄúMan‚Äôs capacity for justice makes democracy possible, but man‚Äôs inclination to injustice makes democracy necessary.‚Äù Reinhold Niebuhr","http://web.archive.org/*/https://twitter.com/Comey/status/925070993692987394"
"It was great to be there. Thanks for the hard questions and good conversation. https://t.co/IhU80jJ386","http://web.archive.org/*/http://twitter.com/Comey/status/925819347070791680"
"It was great to be there. Thanks for the hard questions and good conversation. https://t.co/IhU80jJ386","http://web.archive.org/*/https://twitter.com/Comey/status/925819347070791680"
"Lordy I hope there are pictures. https://t.co/7mkLLskVu8","http://web.archive.org/*/http://twitter.com/Comey/status/926074539230056448"
"Lordy I hope there are pictures. https://t.co/7mkLLskVu8","http://web.archive.org/*/https://twitter.com/Comey/status/926074539230056448"
"@SteveNilesCBC Check the actual cover. I‚Äôm all about Oxford commas.","http://web.archive.org/*/http://twitter.com/Comey/status/926075654197731333"
"@SteveNilesCBC Check the actual cover. I‚Äôm all about Oxford commas.","http://web.archive.org/*/https://twitter.com/Comey/status/926075654197731333"
"Final, and striking, paragraph from @nytdavidbrooks column this week: https://t.co/NrnbqWNS5A","http://web.archive.org/*/http://twitter.com/Comey/status/926864334097182720"
"Final, and striking, paragraph from @nytdavidbrooks column this week: https://t.co/NrnbqWNS5A","http://web.archive.org/*/https://twitter.com/Comey/status/926864334097182720"
"Here‚Äôs my new handle. Glad to be part of the Twitterverse. Grateful to Reinhold for the cover these last few years.","http://web.archive.org/*/http://twitter.com/Comey/status/927553095076335617"
"Here‚Äôs my new handle. Glad to be part of the Twitterverse. Grateful to Reinhold for the cover these last few years.","http://web.archive.org/*/https://twitter.com/Comey/status/927553095076335617"
"This morning in Manhattan, reminders of pain and loss.  And also hope. https://t.co/OSdp154ZBY","http://web.archive.org/*/http://twitter.com/Comey/status/928063790855475200"
"This morning in Manhattan, reminders of pain and loss.  And also hope. https://t.co/OSdp154ZBY","http://web.archive.org/*/https://twitter.com/Comey/status/928063790855475200"
"Happy Birthday to the love of my life. Nothing goes together like onion rings and a cosmo (it IS her day, after all‚Ä¶ https://t.co/pCEwHzFvf9","http://web.archive.org/*/http://twitter.com/Comey/status/929123355139207168"
"Happy Birthday to the love of my life. Nothing goes together like onion rings and a cosmo (it IS her day, after all‚Ä¶ https://t.co/pCEwHzFvf9","http://web.archive.org/*/https://twitter.com/Comey/status/929123355139207168"
"‚ÄúIf you want truth to go round the world you must hire an express train to pull it; but if you want a lie to go rou‚Ä¶ https://t.co/DXtdYYYk5u","http://web.archive.org/*/http://twitter.com/Comey/status/929372249227919360"
"‚ÄúIf you want truth to go round the world you must hire an express train to pull it; but if you want a lie to go rou‚Ä¶ https://t.co/DXtdYYYk5u","http://web.archive.org/*/https://twitter.com/Comey/status/929372249227919360"
"IÔ∏è included the picture of the Great Falls of the Potomac because IÔ∏è like it and because it reminds me of my favori‚Ä¶ https://t.co/7DC3mNZfxb","http://web.archive.org/*/http://twitter.com/Comey/status/929441792944148480"
"IÔ∏è included the picture of the Great Falls of the Potomac because IÔ∏è like it and because it reminds me of my favori‚Ä¶ https://t.co/7DC3mNZfxb","http://web.archive.org/*/https://twitter.com/Comey/status/929441792944148480"
"Great panel tonight on law enforcement and race at Howard with Birmingham, Alabama leaders. https://t.co/ufuHzaPvqi","http://web.archive.org/*/http://twitter.com/Comey/status/930636715202621440"
"Great panel tonight on law enforcement and race at Howard with Birmingham, Alabama leaders. https://t.co/ufuHzaPvqi","http://web.archive.org/*/https://twitter.com/Comey/status/930636715202621440"
"RT @HUnited_: Such an insightful conversation with Former FBI Director James @Comey . We must remember that we are stronger united rather t‚Ä¶","http://web.archive.org/*/http://twitter.com/Comey/status/931209991134109697"
"RT @HUnited_: Such an insightful conversation with Former FBI Director James @Comey . We must remember that we are stronger united rather t‚Ä¶","http://web.archive.org/*/https://twitter.com/Comey/status/931209991134109697"
"‚ÄúThe supreme quality for leadership is unquestionably integrity. Without it, no real success is possible, whether i‚Ä¶ https://t.co/GlAg1BWFbO","http://web.archive.org/*/http://twitter.com/Comey/status/931620820761366528"
"‚ÄúThe supreme quality for leadership is unquestionably integrity. Without it, no real success is possible, whether i‚Ä¶ https://t.co/GlAg1BWFbO","http://web.archive.org/*/https://twitter.com/Comey/status/931620820761366528"
"‚ÄúA good leader takes a little more than his share of the blame, a little less than his share of the credit.‚Äù Arnold H. Glasow(1905-1998)","http://web.archive.org/*/http://twitter.com/Comey/status/932350625387630592"
"‚ÄúA good leader takes a little more than his share of the blame, a little less than his share of the credit.‚Äù Arnold H. Glasow(1905-1998)","http://web.archive.org/*/https://twitter.com/Comey/status/932350625387630592"
"Great conversation tonight about ethical leadership at American University with future government leaders. (I‚Äôm in‚Ä¶ https://t.co/nul4pVV4gg","http://web.archive.org/*/http://twitter.com/Comey/status/932819743467343873"
"Great conversation tonight about ethical leadership at American University with future government leaders. (I‚Äôm in‚Ä¶ https://t.co/nul4pVV4gg","http://web.archive.org/*/https://twitter.com/Comey/status/932819743467343873"
"‚ÄúThe essence of immorality is the tendency to make an exception of myself.‚Äù Jane Addams (1860-1935)","http://web.archive.org/*/http://twitter.com/Comey/status/933175598368817152"
"‚ÄúThe essence of immorality is the tendency to make an exception of myself.‚Äù Jane Addams (1860-1935)","http://web.archive.org/*/https://twitter.com/Comey/status/933175598368817152"
"‚ÄúThank you expresses extreme gratitude, humility, and understanding‚Äù - Alice Walker.                        At our‚Ä¶ https://t.co/DOId5A56xJ","http://web.archive.org/*/http://twitter.com/Comey/status/933728501668175873"
"‚ÄúThank you expresses extreme gratitude, humility, and understanding‚Äù - Alice Walker.                        At our‚Ä¶ https://t.co/DOId5A56xJ","http://web.archive.org/*/https://twitter.com/Comey/status/933728501668175873"
"‚ÄúOur liberty depends on the freedom of the press, and that cannot be limited without being lost.‚Äù - Thomas Jefferso‚Ä¶ https://t.co/r8vPMNSf7l","http://web.archive.org/*/http://twitter.com/Comey/status/934559440686272512"
"‚ÄúOur liberty depends on the freedom of the press, and that cannot be limited without being lost.‚Äù - Thomas Jefferso‚Ä¶ https://t.co/r8vPMNSf7l","http://web.archive.org/*/https://twitter.com/Comey/status/934559440686272512"
"‚ÄúThe truth is incontrovertible. Malice may attack it, ignorance may deride it, but in the end, there it is.‚Äù - Winston Churchill","http://web.archive.org/*/http://twitter.com/Comey/status/936059099393003521"
"‚ÄúThe truth is incontrovertible. Malice may attack it, ignorance may deride it, but in the end, there it is.‚Äù - Winston Churchill","http://web.archive.org/*/https://twitter.com/Comey/status/936059099393003521"
"‚ÄúBut justice roll down like waters and righteousness like an ever-flowing stream‚Äù Amos 5:24 https://t.co/o89PSY1YBd","http://web.archive.org/*/http://twitter.com/Comey/status/936641449294286848"
"‚ÄúBut justice roll down like waters and righteousness like an ever-flowing stream‚Äù Amos 5:24 https://t.co/o89PSY1YBd","http://web.archive.org/*/https://twitter.com/Comey/status/936641449294286848"
"With four daughters, this skit is funny, painful, and personal for me. All of us are responsible for the culture of‚Ä¶ https://t.co/k76ZQzOL2y","http://web.archive.org/*/http://twitter.com/Comey/status/936670634352041985"
"With four daughters, this skit is funny, painful, and personal for me. All of us are responsible for the culture of‚Ä¶ https://t.co/k76ZQzOL2y","http://web.archive.org/*/https://twitter.com/Comey/status/936670634352041985"
"Beautiful Long Island Sound from Westport, CT. To paraphrase the Buddha ‚Äî Three things cannot‚Ä¶ https://t.co/FFImOB8Wcq","http://web.archive.org/*/http://twitter.com/Comey/status/937032650723876864"
"Beautiful Long Island Sound from Westport, CT. To paraphrase the Buddha ‚Äî Three things cannot‚Ä¶ https://t.co/FFImOB8Wcq","http://web.archive.org/*/https://twitter.com/Comey/status/937032650723876864"
"‚ÄúI want the American people to know this truth: The FBI is honest. The FBI is strong. And the FBI is, and always wi‚Ä¶ https://t.co/UlKFMLsDhd","http://web.archive.org/*/http://twitter.com/Comey/status/937453108401180673"
"‚ÄúI want the American people to know this truth: The FBI is honest. The FBI is strong. And the FBI is, and always wi‚Ä¶ https://t.co/UlKFMLsDhd","http://web.archive.org/*/https://twitter.com/Comey/status/937453108401180673"
"In NYC to meet with my publisher.   Hope leadership book will be useful.  Reassuring to see Lady Liberty standing t‚Ä¶ https://t.co/noT3E69vBh","http://web.archive.org/*/http://twitter.com/Comey/status/938214524926267392"
"In NYC to meet with my publisher.   Hope leadership book will be useful.  Reassuring to see Lady Liberty standing t‚Ä¶ https://t.co/noT3E69vBh","http://web.archive.org/*/https://twitter.com/Comey/status/938214524926267392"
"‚ÄúApplause is the spur of noble minds, the end and aim of weak ones.‚Äù - Edmund Burke (1730-1797)","http://web.archive.org/*/http://twitter.com/Comey/status/939288702609653761"
"‚ÄúApplause is the spur of noble minds, the end and aim of weak ones.‚Äù - Edmund Burke (1730-1797)","http://web.archive.org/*/https://twitter.com/Comey/status/939288702609653761"
"‚ÄúNothing discloses real character like the use of power.  ...  Most people can bear adversity; but if you wish to k‚Ä¶ https://t.co/CIz7xa5W1o","http://web.archive.org/*/http://twitter.com/Comey/status/940972563332780032"
"‚ÄúNothing discloses real character like the use of power.  ...  Most people can bear adversity; but if you wish to k‚Ä¶ https://t.co/CIz7xa5W1o","http://web.archive.org/*/https://twitter.com/Comey/status/940972563332780032"
"‚Äú[T]he citizen‚Äôs safety lies in the prosecutor . . . who serves the law and not factional purposes‚Äù Robert H. Jacks‚Ä¶ https://t.co/9sXLM6YwgS","http://web.archive.org/*/http://twitter.com/Comey/status/941723255852773376"
"‚Äú[T]he citizen‚Äôs safety lies in the prosecutor . . . who serves the law and not factional purposes‚Äù Robert H. Jacks‚Ä¶ https://t.co/9sXLM6YwgS","http://web.archive.org/*/https://twitter.com/Comey/status/941723255852773376"
"‚ÄúThe arc of the moral universe is long, but it bends toward justice.‚Äù - Bruce Springsteen tonight, quoting Martin L‚Ä¶ https://t.co/QKhUaDWVnG","http://web.archive.org/*/http://twitter.com/Comey/status/941891146695012353"
"‚ÄúThe arc of the moral universe is long, but it bends toward justice.‚Äù - Bruce Springsteen tonight, quoting Martin L‚Ä¶ https://t.co/QKhUaDWVnG","http://web.archive.org/*/https://twitter.com/Comey/status/941891146695012353"
"@PreetBharara @springsteen Youa gonna love it. Amazing talent.","http://web.archive.org/*/http://twitter.com/Comey/status/942038115908227072"
"@PreetBharara @springsteen Youa gonna love it. Amazing talent.","http://web.archive.org/*/https://twitter.com/Comey/status/942038115908227072"
"Don‚Äôt let them get you down: ‚ÄúWe cannot absolutely prove that those are in error who tell us that society has reach‚Ä¶ https://t.co/hQoHSzZTbr","http://web.archive.org/*/http://twitter.com/Comey/status/943329238152896512"
"Don‚Äôt let them get you down: ‚ÄúWe cannot absolutely prove that those are in error who tell us that society has reach‚Ä¶ https://t.co/hQoHSzZTbr","http://web.archive.org/*/https://twitter.com/Comey/status/943329238152896512"
"Sadly, we are now at a point in our political life when anyone can be attacked for partisan gain. James Baker, who‚Ä¶ https://t.co/Gva0J0yI7w","http://web.archive.org/*/http://twitter.com/Comey/status/944424194963632128"
"Sadly, we are now at a point in our political life when anyone can be attacked for partisan gain. James Baker, who‚Ä¶ https://t.co/Gva0J0yI7w","http://web.archive.org/*/https://twitter.com/Comey/status/944424194963632128"
"RT @benjaminwittes: The President is impugning the integrity of the FBI by attacking two honorable public servants: Jim Baker and Andy McCa‚Ä¶","http://web.archive.org/*/http://twitter.com/Comey/status/944708906676350982"
"RT @benjaminwittes: The President is impugning the integrity of the FBI by attacking two honorable public servants: Jim Baker and Andy McCa‚Ä¶","http://web.archive.org/*/https://twitter.com/Comey/status/944708906676350982"
"Our tree is ready. May we all get and give a little more kindness this Christmas. No matter what you believe or thi‚Ä¶ https://t.co/AptIn6Popz","http://web.archive.org/*/http://twitter.com/Comey/status/945050050585088000"
"Our tree is ready. May we all get and give a little more kindness this Christmas. No matter what you believe or thi‚Ä¶ https://t.co/AptIn6Popz","http://web.archive.org/*/https://twitter.com/Comey/status/945050050585088000"
"For years in leadership talks I‚Äôve used LeBron James as an example of the relentless pursuit of improvement. Now he‚Ä¶ https://t.co/5yjndiqOgO","http://web.archive.org/*/http://twitter.com/Comey/status/946226947348140033"
"For years in leadership talks I‚Äôve used LeBron James as an example of the relentless pursuit of improvement. Now he‚Ä¶ https://t.co/5yjndiqOgO","http://web.archive.org/*/https://twitter.com/Comey/status/946226947348140033"
"@MaggieMayFromCA Thanks for an amazing show. My family and I loved it. Sorry I saw this too late. Please thank the‚Ä¶ https://t.co/R64wgHbWM0","http://web.archive.org/*/http://twitter.com/Comey/status/946612941499101184"
"@MaggieMayFromCA Thanks for an amazing show. My family and I loved it. Sorry I saw this too late. Please thank the‚Ä¶ https://t.co/R64wgHbWM0","http://web.archive.org/*/https://twitter.com/Comey/status/946612941499101184"
"Here‚Äôs hoping 2018 brings more ethical leadership, focused on the truth and lasting values.  Happy New Year, everybody.","http://web.archive.org/*/http://twitter.com/Comey/status/947615038415794178"
"Here‚Äôs hoping 2018 brings more ethical leadership, focused on the truth and lasting values.  Happy New Year, everybody.","http://web.archive.org/*/https://twitter.com/Comey/status/947615038415794178"
"Where are the voices of all the leaders who know an independent Department of Justice and FBI are essential to our‚Ä¶ https://t.co/NBX2Uo0Avk","http://web.archive.org/*/http://twitter.com/Comey/status/948567341591392256"
"Where are the voices of all the leaders who know an independent Department of Justice and FBI are essential to our‚Ä¶ https://t.co/NBX2Uo0Avk","http://web.archive.org/*/https://twitter.com/Comey/status/948567341591392256"
"@benjaminwittes To be clear, I am not the bunny.","http://web.archive.org/*/http://twitter.com/Comey/status/949704958001197056"
"@benjaminwittes To be clear, I am not the bunny.","http://web.archive.org/*/https://twitter.com/Comey/status/949704958001197056"
"Thoughtful leaders on both sides of the aisle know FISA section 702 is a vital and carefully overseen tool to prote‚Ä¶ https://t.co/A4x2sF8vLA","http://web.archive.org/*/http://twitter.com/Comey/status/951464717666615298"
"Thoughtful leaders on both sides of the aisle know FISA section 702 is a vital and carefully overseen tool to prote‚Ä¶ https://t.co/A4x2sF8vLA","http://web.archive.org/*/https://twitter.com/Comey/status/951464717666615298"
"‚ÄúGive me your tired, your poor,  your huddled masses yearning to breathe free, the wretched refuse of your teeming‚Ä¶ https://t.co/6yjlkyjVoo","http://web.archive.org/*/http://twitter.com/Comey/status/951660823788900352"
"‚ÄúGive me your tired, your poor,  your huddled masses yearning to breathe free, the wretched refuse of your teeming‚Ä¶ https://t.co/6yjlkyjVoo","http://web.archive.org/*/https://twitter.com/Comey/status/951660823788900352"
"On MLK day, I like to read his Letter From Birmingham Jail, which still resonates: ‚ÄúLet us all hope that the dark c‚Ä¶ https://t.co/1FVOnwkj6U","http://web.archive.org/*/http://twitter.com/Comey/status/952935580400222216"
"On MLK day, I like to read his Letter From Birmingham Jail, which still resonates: ‚ÄúLet us all hope that the dark c‚Ä¶ https://t.co/1FVOnwkj6U","http://web.archive.org/*/https://twitter.com/Comey/status/952935580400222216"
"Saw ‚ÄúCome From Away‚Äù in New York City tonight. @wecomefromaway is an inspiring story of kindness on 9/11 across all‚Ä¶ https://t.co/LckoIrQEiu","http://web.archive.org/*/http://twitter.com/Comey/status/954199908759801856"
"Saw ‚ÄúCome From Away‚Äù in New York City tonight. @wecomefromaway is an inspiring story of kindness on 9/11 across all‚Ä¶ https://t.co/LckoIrQEiu","http://web.archive.org/*/https://twitter.com/Comey/status/954199908759801856"
"Good to read reports of people standing up for what they believe in. ‚ÄúThe ultimate measure of a man is not where he‚Ä¶ https://t.co/6EpZ2aHejM","http://web.archive.org/*/http://twitter.com/Comey/status/955647175127597056"
"Good to read reports of people standing up for what they believe in. ‚ÄúThe ultimate measure of a man is not where he‚Ä¶ https://t.co/6EpZ2aHejM","http://web.archive.org/*/https://twitter.com/Comey/status/955647175127597056"
"Russia threat should unite us, not divide us: ‚ÄúIt‚Äôs not about Republicans or Democrats. They‚Äôre coming after Americ‚Ä¶ https://t.co/iLQRYCbOib","http://web.archive.org/*/http://twitter.com/Comey/status/956352301572206592"
"Russia threat should unite us, not divide us: ‚ÄúIt‚Äôs not about Republicans or Democrats. They‚Äôre coming after Americ‚Ä¶ https://t.co/iLQRYCbOib","http://web.archive.org/*/https://twitter.com/Comey/status/956352301572206592"
"Special Agent Andrew McCabe stood tall over the last 8 months, when small people were trying to tear down an instit‚Ä¶ https://t.co/rPseUAqQrm","http://web.archive.org/*/http://twitter.com/Comey/status/958145125120663553"
"Special Agent Andrew McCabe stood tall over the last 8 months, when small people were trying to tear down an instit‚Ä¶ https://t.co/rPseUAqQrm","http://web.archive.org/*/https://twitter.com/Comey/status/958145125120663553"
"All should appreciate the FBI speaking up. I wish more of our leaders would. But take heart: American history shows‚Ä¶ https://t.co/uw1t25MbtX","http://web.archive.org/*/http://twitter.com/Comey/status/959197429156466689"
"All should appreciate the FBI speaking up. I wish more of our leaders would. But take heart: American history shows‚Ä¶ https://t.co/uw1t25MbtX","http://web.archive.org/*/https://twitter.com/Comey/status/959197429156466689"
"That‚Äôs it? Dishonest and misleading memo wrecked the House intel committee, destroyed trust with Intelligence Commu‚Ä¶ https://t.co/orb9U4jA3e","http://web.archive.org/*/http://twitter.com/Comey/status/959498570532577285"
"That‚Äôs it? Dishonest and misleading memo wrecked the House intel committee, destroyed trust with Intelligence Commu‚Ä¶ https://t.co/orb9U4jA3e","http://web.archive.org/*/https://twitter.com/Comey/status/959498570532577285"
"Special Agent Josh Campbell will be missed at the FBI, but his voice is an important addition to the national conve‚Ä¶ https://t.co/FZfCwF8Bz1","http://web.archive.org/*/http://twitter.com/Comey/status/959635493968318464"
"Special Agent Josh Campbell will be missed at the FBI, but his voice is an important addition to the national conve‚Ä¶ https://t.co/FZfCwF8Bz1","http://web.archive.org/*/https://twitter.com/Comey/status/959635493968318464"
"Got to dress up for a family event tonight and was proud to wear my FBI cufflinks. https://t.co/2o3zymF9i9","http://web.archive.org/*/http://twitter.com/Comey/status/959990506976632833"
"Got to dress up for a family event tonight and was proud to wear my FBI cufflinks. https://t.co/2o3zymF9i9","http://web.archive.org/*/https://twitter.com/Comey/status/959990506976632833"
"I‚Äôve heard people have missed my photo tweets. üôÇ  I took this yesterday during a long, peaceful walk by the Potomac‚Ä¶ https://t.co/uKPb6dGxZY","http://web.archive.org/*/http://twitter.com/Comey/status/960911029881462784"
"I‚Äôve heard people have missed my photo tweets. üôÇ  I took this yesterday during a long, peaceful walk by the Potomac‚Ä¶ https://t.co/uKPb6dGxZY","http://web.archive.org/*/https://twitter.com/Comey/status/960911029881462784"
"Book is finished. I‚Äôm looking forward to sharing it with everyone and talking about it on ABC. https://t.co/ksBZqIgVkH","http://web.archive.org/*/http://twitter.com/Comey/status/964473559375589376"
"Book is finished. I‚Äôm looking forward to sharing it with everyone and talking about it on ABC. https://t.co/ksBZqIgVkH","http://web.archive.org/*/https://twitter.com/Comey/status/964473559375589376"
"Lordy, this time there will be a tape. Audio book almost finished. https://t.co/38LNOJdtw7","http://web.archive.org/*/http://twitter.com/Comey/status/968612814469427202"
"Lordy, this time there will be a tape. Audio book almost finished. https://t.co/38LNOJdtw7","http://web.archive.org/*/https://twitter.com/Comey/status/968612814469427202"
"Former Special Agent Bob Levinson disappeared in Iran 11 years ago. The US Government must never stop trying to bri‚Ä¶ https://t.co/k5Qroai0zQ","http://web.archive.org/*/http://twitter.com/Comey/status/972297007841927168"
"Former Special Agent Bob Levinson disappeared in Iran 11 years ago. The US Government must never stop trying to bri‚Ä¶ https://t.co/k5Qroai0zQ","http://web.archive.org/*/https://twitter.com/Comey/status/972297007841927168"
"No matter who you are, what you say matters. #speechmoves https://t.co/ppUuQ9qkB6","http://web.archive.org/*/http://twitter.com/Comey/status/973219005728256000"
"No matter who you are, what you say matters. #speechmoves https://t.co/ppUuQ9qkB6","http://web.archive.org/*/https://twitter.com/Comey/status/973219005728256000"
"I don‚Äôt have personalized bracket stationary like @BarackObama but I got the substance (and a smoother shot tbh). https://t.co/QJ8HF4CwDW","http://web.archive.org/*/http://twitter.com/Comey/status/974056911141330944"
"I don‚Äôt have personalized bracket stationary like @BarackObama but I got the substance (and a smoother shot tbh). https://t.co/QJ8HF4CwDW","http://web.archive.org/*/https://twitter.com/Comey/status/974056911141330944"
"Mr. President, the American people will hear my story very soon. And they can judge for themselves who is honorable and who is not.","http://web.archive.org/*/http://twitter.com/Comey/status/975065073575219200"
"Mr. President, the American people will hear my story very soon. And they can judge for themselves who is honorable and who is not.","http://web.archive.org/*/https://twitter.com/Comey/status/975065073575219200"
"RT @joshscampbell: #OTD a year ago, we had a little fun with Director Comey to ‚Äúcelebrate‚Äù his inaugural tweet after his account was uneart‚Ä¶","http://web.archive.org/*/http://twitter.com/Comey/status/980164451436462080"
"RT @joshscampbell: #OTD a year ago, we had a little fun with Director Comey to ‚Äúcelebrate‚Äù his inaugural tweet after his account was uneart‚Ä¶","http://web.archive.org/*/https://twitter.com/Comey/status/980164451436462080"
"Honored to be with amazing Broadway cast of @TheBandsVisit, a musical about kindness, hospitality, and our common h‚Ä¶ https://t.co/rASNi18eqS","http://web.archive.org/*/http://twitter.com/Comey/status/981378292790984704"
"Honored to be with amazing Broadway cast of @TheBandsVisit, a musical about kindness, hospitality, and our common h‚Ä¶ https://t.co/rASNi18eqS","http://web.archive.org/*/https://twitter.com/Comey/status/981378292790984704"
"Not how my house normally looks. One chair for George, one for me. https://t.co/wjVqCpRnoR","http://web.archive.org/*/http://twitter.com/Comey/status/983794676154191872"
"Not how my house normally looks. One chair for George, one for me. https://t.co/wjVqCpRnoR","http://web.archive.org/*/https://twitter.com/Comey/status/983794676154191872"
"My book is about ethical leadership &amp; draws on stories from my life &amp; lessons I learned from others. 3 presidents a‚Ä¶ https://t.co/8DdlljfVHk","http://web.archive.org/*/http://twitter.com/Comey/status/985568015029886979"
"My book is about ethical leadership &amp; draws on stories from my life &amp; lessons I learned from others. 3 presidents a‚Ä¶ https://t.co/8DdlljfVHk","http://web.archive.org/*/https://twitter.com/Comey/status/985568015029886979"
"@johngreen You should not be. It is a great book. Was recently in Amsterdam and walked some of the scenes with your‚Ä¶ https://t.co/OcncAX1ryP","http://web.archive.org/*/http://twitter.com/Comey/status/985874235762634758"
"@johngreen You should not be. It is a great book. Was recently in Amsterdam and walked some of the scenes with your‚Ä¶ https://t.co/OcncAX1ryP","http://web.archive.org/*/https://twitter.com/Comey/status/985874235762634758"
"Ben Wittes is the kind of person who actually reads a book before deciding what it says.  Not to mention a good fri‚Ä¶ https://t.co/1ll2DoYf4J","http://web.archive.org/*/http://twitter.com/Comey/status/986723024538931201"
"Ben Wittes is the kind of person who actually reads a book before deciding what it says.  Not to mention a good fri‚Ä¶ https://t.co/1ll2DoYf4J","http://web.archive.org/*/https://twitter.com/Comey/status/986723024538931201"
"The last two weeks were a reminder of the vital role of the press and of open-minded, respectful conversation in ou‚Ä¶ https://t.co/m3C1V6VUIu","http://web.archive.org/*/http://twitter.com/Comey/status/989691222347407368"
"The last two weeks were a reminder of the vital role of the press and of open-minded, respectful conversation in ou‚Ä¶ https://t.co/m3C1V6VUIu","http://web.archive.org/*/https://twitter.com/Comey/status/989691222347407368"
"Many thanks to Mike Allen and Politics &amp; Prose for a great conversation tonight. https://t.co/rmTPSfl2PF","http://web.archive.org/*/http://twitter.com/Comey/status/991134415987314688"
"Many thanks to Mike Allen and Politics &amp; Prose for a great conversation tonight. https://t.co/rmTPSfl2PF","http://web.archive.org/*/https://twitter.com/Comey/status/991134415987314688"
"I know the New York FBI. There are no ‚Äústormtroopers‚Äù there; just a group of people devoted to the rule of law and‚Ä¶ https://t.co/QlKx9THPdE","http://web.archive.org/*/http://twitter.com/Comey/status/992062878910906368"
"I know the New York FBI. There are no ‚Äústormtroopers‚Äù there; just a group of people devoted to the rule of law and‚Ä¶ https://t.co/QlKx9THPdE","http://web.archive.org/*/https://twitter.com/Comey/status/992062878910906368"
"A great public servant retired from the FBI today. Jim Baker‚Äôs integrity and commitment to the rule of law have ben‚Ä¶ https://t.co/fiGbcQcHyP","http://web.archive.org/*/http://twitter.com/Comey/status/992574357670105088"
"A great public servant retired from the FBI today. Jim Baker‚Äôs integrity and commitment to the rule of law have ben‚Ä¶ https://t.co/fiGbcQcHyP","http://web.archive.org/*/https://twitter.com/Comey/status/992574357670105088"
"Missing the people of the FBI today. Thank you for your commitment to truth and for all the good you do for this co‚Ä¶ https://t.co/IqM95P8ztK","http://web.archive.org/*/http://twitter.com/Comey/status/994222303427907584"
"Missing the people of the FBI today. Thank you for your commitment to truth and for all the good you do for this co‚Ä¶ https://t.co/IqM95P8ztK","http://web.archive.org/*/https://twitter.com/Comey/status/994222303427907584"
"As #PoliceWeek starts, thanks to all who risk their lives to keep us safe. We will never forget those killed in the‚Ä¶ https://t.co/FLntUKmr5M","http://web.archive.org/*/http://twitter.com/Comey/status/995135137175293952"
"As #PoliceWeek starts, thanks to all who risk their lives to keep us safe. We will never forget those killed in the‚Ä¶ https://t.co/FLntUKmr5M","http://web.archive.org/*/https://twitter.com/Comey/status/995135137175293952"
"Facts matter. The FBI‚Äôs use of Confidential Human Sources (the actual term) is tightly regulated and essential to p‚Ä¶ https://t.co/HKprDa8qd9","http://web.archive.org/*/http://twitter.com/Comey/status/999286616744124416"
"Facts matter. The FBI‚Äôs use of Confidential Human Sources (the actual term) is tightly regulated and essential to p‚Ä¶ https://t.co/HKprDa8qd9","http://web.archive.org/*/https://twitter.com/Comey/status/999286616744124416"
"Dangerous time when our country is led by those who will lie about anything, backed by those who will believe anyth‚Ä¶ https://t.co/SlA5muD92v","http://web.archive.org/*/http://twitter.com/Comey/status/999294071683268609"
"Dangerous time when our country is led by those who will lie about anything, backed by those who will believe anyth‚Ä¶ https://t.co/SlA5muD92v","http://web.archive.org/*/https://twitter.com/Comey/status/999294071683268609"
"A great American steps away from another job where he served others and lived up to his own words: ‚ÄúIf we have taug‚Ä¶ https://t.co/U5RFfHMSk3","http://web.archive.org/*/http://twitter.com/Comey/status/1002304389422428160"
"A great American steps away from another job where he served others and lived up to his own words: ‚ÄúIf we have taug‚Ä¶ https://t.co/U5RFfHMSk3","http://web.archive.org/*/https://twitter.com/Comey/status/1002304389422428160"
"Just finished Jon Meacham‚Äôs ‚ÄúThe Soul of America.‚Äù Good reminder that facts and the essential goodness of the Ameri‚Ä¶ https://t.co/8KVWIsVDxV","http://web.archive.org/*/http://twitter.com/Comey/status/1003676875095461889"
"Just finished Jon Meacham‚Äôs ‚ÄúThe Soul of America.‚Äù Good reminder that facts and the essential goodness of the Ameri‚Ä¶ https://t.co/8KVWIsVDxV","http://web.archive.org/*/https://twitter.com/Comey/status/1003676875095461889"
"Our national security relationship with Canada is vital and saves American lives. It was built over generations and‚Ä¶ https://t.co/qpuJ8kvj8g","http://web.archive.org/*/http://twitter.com/Comey/status/1005647989036273664"
"Our national security relationship with Canada is vital and saves American lives. It was built over generations and‚Ä¶ https://t.co/qpuJ8kvj8g","http://web.archive.org/*/https://twitter.com/Comey/status/1005647989036273664"
"Our national security relationship with Canada is vital and saves American lives. It was built over generations and‚Ä¶ https://t.co/qpuJ8kvj8g","http://web.archive.org/*/https://twitter.com/Comey/status/1005647989036273664"
"I respect the DOJ IG office, which is why I urged them to do this review. The conclusions are reasonable, even thou‚Ä¶ https://t.co/WM0LRLeR7N","http://web.archive.org/*/http://twitter.com/Comey/status/1007328935842123777"
"I respect the DOJ IG office, which is why I urged them to do this review. The conclusions are reasonable, even thou‚Ä¶ https://t.co/WM0LRLeR7N","http://web.archive.org/*/https://twitter.com/Comey/status/1007328935842123777"
"https://t.co/eIL0A7bjk2","http://web.archive.org/*/http://twitter.com/Comey/status/1007328943010086912"
"https://t.co/eIL0A7bjk2","http://web.archive.org/*/https://twitter.com/Comey/status/1007328943010086912"
"I hardly gnome. https://t.co/PERd5PE2qM","http://web.archive.org/*/http://twitter.com/Comey/status/1007721729148547072"
"I hardly gnome. https://t.co/PERd5PE2qM","http://web.archive.org/*/https://twitter.com/Comey/status/1007721729148547072"
"So good to see new growth in Iowa and across the country. https://t.co/3UeDofNVaC","http://web.archive.org/*/http://twitter.com/Comey/status/1008040710283628544"
"So good to see new growth in Iowa and across the country. https://t.co/3UeDofNVaC","http://web.archive.org/*/https://twitter.com/Comey/status/1008040710283628544"
"The Comey family Declaration pieces (long ago made ‚Äúauthentic‚Äù by our kids burning the edges and soaking it in coff‚Ä¶ https://t.co/VOiKnboJw0","http://web.archive.org/*/http://twitter.com/Comey/status/1014537641252065282"
"The Comey family Declaration pieces (long ago made ‚Äúauthentic‚Äù by our kids burning the edges and soaking it in coff‚Ä¶ https://t.co/VOiKnboJw0","http://web.archive.org/*/https://twitter.com/Comey/status/1014537641252065282"
"I attended a ceremony today where 75 new citizens took the oath to become part of this great country. I didn‚Äôt know‚Ä¶ https://t.co/oCmVzHXeBO","http://web.archive.org/*/http://twitter.com/Comey/status/1015013470906060801"
"I attended a ceremony today where 75 new citizens took the oath to become part of this great country. I didn‚Äôt know‚Ä¶ https://t.co/oCmVzHXeBO","http://web.archive.org/*/http://twitter.com/Comey/status/1015013470906060801"
"I attended a ceremony today where 75 new citizens took the oath to become part of this great country. I didn‚Äôt know‚Ä¶ https://t.co/oCmVzHXeBO","http://web.archive.org/*/https://twitter.com/Comey/status/1015013470906060801"
"I attended a ceremony today where 75 new citizens took the oath to become part of this great country. I didn‚Äôt know‚Ä¶ https://t.co/oCmVzHXeBO","http://web.archive.org/*/https://twitter.com/Comey/status/1015013470906060801"
"This was the day an American president stood on foreign soil next to a murderous lying thug and refused to back his‚Ä¶ https://t.co/QJ67DyOKKS","http://web.archive.org/*/http://twitter.com/Comey/status/1018965071786110976"
"This was the day an American president stood on foreign soil next to a murderous lying thug and refused to back his‚Ä¶ https://t.co/QJ67DyOKKS","http://web.archive.org/*/https://twitter.com/Comey/status/1018965071786110976"
"Having sold out our nation on an international stage, Mr. Trump will now explain it all to Sean Hannity and Tucker‚Ä¶ https://t.co/EzccNkvC6O","http://web.archive.org/*/http://twitter.com/Comey/status/1019040834992427010"
"Having sold out our nation on an international stage, Mr. Trump will now explain it all to Sean Hannity and Tucker‚Ä¶ https://t.co/EzccNkvC6O","http://web.archive.org/*/https://twitter.com/Comey/status/1019040834992427010"
"This Republican Congress has proven incapable of fulfilling the Founders‚Äô design that ‚ÄúAmbition must ... counteract‚Ä¶ https://t.co/bq1Dp5DQtb","http://web.archive.org/*/http://twitter.com/Comey/status/1019398962019819520"
"This Republican Congress has proven incapable of fulfilling the Founders‚Äô design that ‚ÄúAmbition must ... counteract‚Ä¶ https://t.co/bq1Dp5DQtb","http://web.archive.org/*/https://twitter.com/Comey/status/1019398962019819520"
"Great night at Wolf Trap National Park taping ‚ÄúWait, Wait... Don‚Äôt Tell Me!‚Äù with Peter Sagal. https://t.co/JvFbD0iGZu","http://web.archive.org/*/http://twitter.com/Comey/status/1020152012514758656"
"Great night at Wolf Trap National Park taping ‚ÄúWait, Wait... Don‚Äôt Tell Me!‚Äù with Peter Sagal. https://t.co/JvFbD0iGZu","http://web.archive.org/*/https://twitter.com/Comey/status/1020152012514758656"
"Democrats, please, please don‚Äôt lose your minds and rush to the socialist left. This president and his Republican P‚Ä¶ https://t.co/Ne8R2LdrNF","http://web.archive.org/*/http://twitter.com/Comey/status/1021132108381683712"
"Democrats, please, please don‚Äôt lose your minds and rush to the socialist left. This president and his Republican P‚Ä¶ https://t.co/Ne8R2LdrNF","http://web.archive.org/*/https://twitter.com/Comey/status/1021132108381683712"
"Thought experiment: Make a list of all the public figures in this country and around the world the current presiden‚Ä¶ https://t.co/qzeexjg4o9","http://web.archive.org/*/http://twitter.com/Comey/status/1021517330877165569"
"Thought experiment: Make a list of all the public figures in this country and around the world the current presiden‚Ä¶ https://t.co/qzeexjg4o9","http://web.archive.org/*/https://twitter.com/Comey/status/1021517330877165569"
"Many thanks to the DC cast of ‚ÄúHamilton‚Äù for their public service.  Great show. Great message. https://t.co/USxUFB3NDV","http://web.archive.org/*/http://twitter.com/Comey/status/1024491341395443713"
"Many thanks to the DC cast of ‚ÄúHamilton‚Äù for their public service.  Great show. Great message. https://t.co/USxUFB3NDV","http://web.archive.org/*/https://twitter.com/Comey/status/1024491341395443713"
"We must get better at disagreeing without hating. The Russians know ‚Äúa house divided against itself cannot stand.‚Äù‚Ä¶ https://t.co/h0fLb8tAPn","http://web.archive.org/*/http://twitter.com/Comey/status/1025445714128777216"
"We must get better at disagreeing without hating. The Russians know ‚Äúa house divided against itself cannot stand.‚Äù‚Ä¶ https://t.co/h0fLb8tAPn","http://web.archive.org/*/https://twitter.com/Comey/status/1025445714128777216"
"And I should have added: I never read Twitter comments, but I‚Äôm guessing you will be able to see examples of the problem there.","http://web.archive.org/*/http://twitter.com/Comey/status/1025448299216732161"
"And I should have added: I never read Twitter comments, but I‚Äôm guessing you will be able to see examples of the problem there.","http://web.archive.org/*/https://twitter.com/Comey/status/1025448299216732161"
"And I also should have added: For me Twitter is a good place to share brief ideas and updates. It is hard to have s‚Ä¶ https://t.co/qIz7uzxhRT","http://web.archive.org/*/http://twitter.com/Comey/status/1025494438628544512"
"And I also should have added: For me Twitter is a good place to share brief ideas and updates. It is hard to have s‚Ä¶ https://t.co/qIz7uzxhRT","http://web.archive.org/*/https://twitter.com/Comey/status/1025494438628544512"
"Good reminder today of this golden rule: https://t.co/RtNOXIKkJa","http://web.archive.org/*/http://twitter.com/Comey/status/1025786252967256064"
"Good reminder today of this golden rule: https://t.co/RtNOXIKkJa","http://web.archive.org/*/https://twitter.com/Comey/status/1025786252967256064"
"Grateful to one of my heroes, @KingJames, for again showing what leadership, service, and class look like. #IPromise","http://web.archive.org/*/http://twitter.com/Comey/status/1026491173878288384"
"Grateful to one of my heroes, @KingJames, for again showing what leadership, service, and class look like. #IPromise","http://web.archive.org/*/https://twitter.com/Comey/status/1026491173878288384"
"https://t.co/eZt2p01fle","http://web.archive.org/*/http://twitter.com/Comey/status/1029893474269777920"
"https://t.co/eZt2p01fle","http://web.archive.org/*/https://twitter.com/Comey/status/1029893474269777920"
"Truth exists and truth matters. Truth has always been the touchstone of our country‚Äôs justice system and political‚Ä¶ https://t.co/M5MTRgn3it","http://web.archive.org/*/http://twitter.com/Comey/status/1031243024897126402"
"Truth exists and truth matters. Truth has always been the touchstone of our country‚Äôs justice system and political‚Ä¶ https://t.co/M5MTRgn3it","http://web.archive.org/*/https://twitter.com/Comey/status/1031243024897126402"
"John McCain‚Äôs final statement is what genuine American leadership sounds like.","http://web.archive.org/*/http://twitter.com/Comey/status/1034168859656376320"
"John McCain‚Äôs final statement is what genuine American leadership sounds like.","http://web.archive.org/*/https://twitter.com/Comey/status/1034168859656376320"
"GWB on McCain: ‚ÄùHe was motivated by a vision of America carried ever forward, ever upward, on the strength of its p‚Ä¶ https://t.co/TWDu9jGVj3","http://web.archive.org/*/http://twitter.com/Comey/status/1035973372772057088"
"GWB on McCain: ‚ÄùHe was motivated by a vision of America carried ever forward, ever upward, on the strength of its p‚Ä¶ https://t.co/TWDu9jGVj3","http://web.archive.org/*/https://twitter.com/Comey/status/1035973372772057088"
"‚ÄúTo keep any great nation up to a high standard of civilization there must be enough superior characters to hold th‚Ä¶ https://t.co/ZBxqIb5pUq","http://web.archive.org/*/http://twitter.com/Comey/status/1036692418710491136"
"‚ÄúTo keep any great nation up to a high standard of civilization there must be enough superior characters to hold th‚Ä¶ https://t.co/ZBxqIb5pUq","http://web.archive.org/*/https://twitter.com/Comey/status/1036692418710491136"
"Heavy heart today for many reasons, including that 9/11 first responders continue to pay the ultimate price for ser‚Ä¶ https://t.co/0ze9XvKqvj","http://web.archive.org/*/http://twitter.com/Comey/status/1039578347569704961"
"Heavy heart today for many reasons, including that 9/11 first responders continue to pay the ultimate price for ser‚Ä¶ https://t.co/0ze9XvKqvj","http://web.archive.org/*/https://twitter.com/Comey/status/1039578347569704961"
"Enjoyed today‚Äôs visit: An inspiring reminder that we always emerge stronger from hard times. https://t.co/vpqzTQbey9","http://web.archive.org/*/http://twitter.com/Comey/status/1041822127551275010"
"Enjoyed today‚Äôs visit: An inspiring reminder that we always emerge stronger from hard times. https://t.co/vpqzTQbey9","http://web.archive.org/*/https://twitter.com/Comey/status/1041822127551275010"
"FBI trainees visit Holocaust Museum to understand how easily humans give in to a group. Words from 2015 speech: ‚ÄúI‚Ä¶ https://t.co/zsXlW9HTVT","http://web.archive.org/*/http://twitter.com/Comey/status/1042490652544696321"
"FBI trainees visit Holocaust Museum to understand how easily humans give in to a group. Words from 2015 speech: ‚ÄúI‚Ä¶ https://t.co/zsXlW9HTVT","http://web.archive.org/*/https://twitter.com/Comey/status/1042490652544696321"
"These are the real heroes.  üëá https://t.co/kQ2UdCrLw7","http://web.archive.org/*/http://twitter.com/Comey/status/1043911704789299201"
"These are the real heroes.  üëá https://t.co/kQ2UdCrLw7","http://web.archive.org/*/https://twitter.com/Comey/status/1043911704789299201"
"Small lies matter, even about yearbooks. From the standard jury instruction: ‚ÄúIf a witness is shown knowingly to ha‚Ä¶ https://t.co/0Q0aHPcft1","http://web.archive.org/*/http://twitter.com/Comey/status/1045486374273658880"
"Small lies matter, even about yearbooks. From the standard jury instruction: ‚ÄúIf a witness is shown knowingly to ha‚Ä¶ https://t.co/0Q0aHPcft1","http://web.archive.org/*/https://twitter.com/Comey/status/1045486374273658880"
"https://t.co/oaFOBiBtav","http://web.archive.org/*/http://twitter.com/Comey/status/1046504085460058123"
"https://t.co/oaFOBiBtav","http://web.archive.org/*/https://twitter.com/Comey/status/1046504085460058123"
"After last night‚Äôs rally, it is important to remember we once had a President who spoke these words: ‚ÄúLive simply,‚Ä¶ https://t.co/sjsxegXFh2","http://web.archive.org/*/http://twitter.com/Comey/status/1047544008153735168"
"After last night‚Äôs rally, it is important to remember we once had a President who spoke these words: ‚ÄúLive simply,‚Ä¶ https://t.co/sjsxegXFh2","http://web.archive.org/*/https://twitter.com/Comey/status/1047544008153735168"
"We need a balance of power, badly. https://t.co/iYZoqbwLtS","http://web.archive.org/*/http://twitter.com/Comey/status/1052423849202073601"
"We need a balance of power, badly. https://t.co/iYZoqbwLtS","http://web.archive.org/*/https://twitter.com/Comey/status/1052423849202073601"
"‚ÄúMen will not cease to be dishonest, merely because their dishonesties have been revealed or because they have disc‚Ä¶ https://t.co/9ez6YLFv7X","http://web.archive.org/*/http://twitter.com/Comey/status/1053689686777102337"
"‚ÄúMen will not cease to be dishonest, merely because their dishonesties have been revealed or because they have disc‚Ä¶ https://t.co/9ez6YLFv7X","http://web.archive.org/*/https://twitter.com/Comey/status/1053689686777102337"
"The United States should be a shining light for the world, modeling a democracy that values truth, respects free pr‚Ä¶ https://t.co/ZrExd21CwK","http://web.archive.org/*/http://twitter.com/Comey/status/1053690431316332546"
"The United States should be a shining light for the world, modeling a democracy that values truth, respects free pr‚Ä¶ https://t.co/ZrExd21CwK","http://web.archive.org/*/https://twitter.com/Comey/status/1053690431316332546"
"My wife is so relieved.  üòÇ https://t.co/jYHFPXsanl","http://web.archive.org/*/http://twitter.com/Comey/status/1054806252650287104"
"My wife is so relieved.  üòÇ https://t.co/jYHFPXsanl","http://web.archive.org/*/https://twitter.com/Comey/status/1054806252650287104"
"""Example, whether it be good or bad, has a powerful influence."" - George Washington","http://web.archive.org/*/http://twitter.com/Comey/status/1055479675151994885"
"""Example, whether it be good or bad, has a powerful influence."" - George Washington","http://web.archive.org/*/https://twitter.com/Comey/status/1055479675151994885"
"‚Äú...and the higher in Rank the Officer is who sets it, the more striking it is.‚Äù  - George Washington","http://web.archive.org/*/http://twitter.com/Comey/status/1055497760999321600"
"‚Äú...and the higher in Rank the Officer is who sets it, the more striking it is.‚Äù  - George Washington","http://web.archive.org/*/https://twitter.com/Comey/status/1055497760999321600"
"Powerful words in wake of recent hate-inspired acts of domestic terrorism:  ‚ÄúDarkness cannot drive out darkness: on‚Ä¶ https://t.co/lviMaNUWea","http://web.archive.org/*/http://twitter.com/Comey/status/1056983325821128704"
"Powerful words in wake of recent hate-inspired acts of domestic terrorism:  ‚ÄúDarkness cannot drive out darkness: on‚Ä¶ https://t.co/lviMaNUWea","http://web.archive.org/*/https://twitter.com/Comey/status/1056983325821128704"
"VOTE in 7 days: ‚ÄúNobody will ever deprive the American people of the right to vote except the American people thems‚Ä¶ https://t.co/msr4JHELFi","http://web.archive.org/*/http://twitter.com/Comey/status/1057282373400834049"
"VOTE in 7 days: ‚ÄúNobody will ever deprive the American people of the right to vote except the American people thems‚Ä¶ https://t.co/msr4JHELFi","http://web.archive.org/*/https://twitter.com/Comey/status/1057282373400834049"
"VOTE in 6 days: ‚ÄúToo many people fought too hard to make sure all citizens of all colors, races, ethnicities, gende‚Ä¶ https://t.co/fRsF7V5bYh","http://web.archive.org/*/http://twitter.com/Comey/status/1057644381228941313"
"VOTE in 6 days: ‚ÄúToo many people fought too hard to make sure all citizens of all colors, races, ethnicities, gende‚Ä¶ https://t.co/fRsF7V5bYh","http://web.archive.org/*/https://twitter.com/Comey/status/1057644381228941313"
"VOTE in 5 days: ‚ÄúYoung people need to vote. They need to get out there. Every vote counts. Educate yourself too. Do‚Ä¶ https://t.co/TP45W5UC25","http://web.archive.org/*/http://twitter.com/Comey/status/1058019180723793921"
"VOTE in 5 days: ‚ÄúYoung people need to vote. They need to get out there. Every vote counts. Educate yourself too. Do‚Ä¶ https://t.co/TP45W5UC25","http://web.archive.org/*/https://twitter.com/Comey/status/1058019180723793921"
"VOTE in 4 days: ‚ÄúBad officials are elected by good citizens who do not vote.‚Äù George Jean Nathan","http://web.archive.org/*/http://twitter.com/Comey/status/1058373592394711042"
"VOTE in 4 days: ‚ÄúBad officials are elected by good citizens who do not vote.‚Äù George Jean Nathan","http://web.archive.org/*/https://twitter.com/Comey/status/1058373592394711042"
"VOTE in 3 days: ‚ÄúI will not vote for another Republican until Trump is out of office.‚Äù My independent-voter wife to‚Ä¶ https://t.co/uN4zOOlCn2","http://web.archive.org/*/http://twitter.com/Comey/status/1058731890440658945"
"VOTE in 3 days: ‚ÄúI will not vote for another Republican until Trump is out of office.‚Äù My independent-voter wife to‚Ä¶ https://t.co/uN4zOOlCn2","http://web.archive.org/*/https://twitter.com/Comey/status/1058731890440658945"
"VOTE in 2 days: ‚ÄúElections belong to the people. It's their decision. If they decide to turn their back on the fire‚Ä¶ https://t.co/NoG2guJolt","http://web.archive.org/*/http://twitter.com/Comey/status/1059109727018405888"
"VOTE in 2 days: ‚ÄúElections belong to the people. It's their decision. If they decide to turn their back on the fire‚Ä¶ https://t.co/NoG2guJolt","http://web.archive.org/*/https://twitter.com/Comey/status/1059109727018405888"
"VOTE in 1 day: ‚ÄúThe power under the Constitution will always be in the People. It is entrusted...to representatives‚Ä¶ https://t.co/nWkbnMyz7W","http://web.archive.org/*/http://twitter.com/Comey/status/1059449962868682752"
"VOTE in 1 day: ‚ÄúThe power under the Constitution will always be in the People. It is entrusted...to representatives‚Ä¶ https://t.co/nWkbnMyz7W","http://web.archive.org/*/https://twitter.com/Comey/status/1059449962868682752"
"https://t.co/L5cG6JYr2a","http://web.archive.org/*/http://twitter.com/Comey/status/1059791423174782983"
"https://t.co/L5cG6JYr2a","http://web.archive.org/*/https://twitter.com/Comey/status/1059791423174782983"
"Voted. Now going out to knock on doors to urge everyone to vote.  Should be fun. https://t.co/xvofJXSPb9","http://web.archive.org/*/http://twitter.com/Comey/status/1059827485456637953"
"Voted. Now going out to knock on doors to urge everyone to vote.  Should be fun. https://t.co/xvofJXSPb9","http://web.archive.org/*/https://twitter.com/Comey/status/1059827485456637953"
"Congratulations to Jennifer Wexton and her team.  Her district has been Republican since 1981. https://t.co/YbK6E9V8JS","http://web.archive.org/*/http://twitter.com/Comey/status/1059988140423823366"
"Congratulations to Jennifer Wexton and her team.  Her district has been Republican since 1981. https://t.co/YbK6E9V8JS","http://web.archive.org/*/https://twitter.com/Comey/status/1059988140423823366"
"We will now have a balance of power, which is a very good thing for our republic. Signs of an awakening are everywh‚Ä¶ https://t.co/0WtBDfKzFJ","http://web.archive.org/*/http://twitter.com/Comey/status/1060015554336120834"
"We will now have a balance of power, which is a very good thing for our republic. Signs of an awakening are everywh‚Ä¶ https://t.co/0WtBDfKzFJ","http://web.archive.org/*/https://twitter.com/Comey/status/1060015554336120834"
"Our dog, Benji, died this afternoon.  Because he was a rescue, we didn‚Äôt know his age today, except ‚Äúvery old.‚Äù  He‚Ä¶ https://t.co/VG2IBKehCL","http://web.archive.org/*/http://twitter.com/Comey/status/1062853932576321538"
"Our dog, Benji, died this afternoon.  Because he was a rescue, we didn‚Äôt know his age today, except ‚Äúvery old.‚Äù  He‚Ä¶ https://t.co/VG2IBKehCL","http://web.archive.org/*/https://twitter.com/Comey/status/1062853932576321538"
"House Republicans can ask me anything they want but I want the American people to watch, so let‚Äôs have a public hea‚Ä¶ https://t.co/nPfzwBhz2W","http://web.archive.org/*/http://twitter.com/Comey/status/1063578338139258881"
"House Republicans can ask me anything they want but I want the American people to watch, so let‚Äôs have a public hea‚Ä¶ https://t.co/nPfzwBhz2W","http://web.archive.org/*/https://twitter.com/Comey/status/1063578338139258881"
"Happy Thanksgiving. Got a subpoena from House Republicans. I‚Äôm still happy to sit in the light and answer all quest‚Ä¶ https://t.co/8eQVhlO40w","http://web.archive.org/*/http://twitter.com/Comey/status/1065626331990409217"
"Happy Thanksgiving. Got a subpoena from House Republicans. I‚Äôm still happy to sit in the light and answer all quest‚Ä¶ https://t.co/8eQVhlO40w","http://web.archive.org/*/https://twitter.com/Comey/status/1065626331990409217"
"Great event last night at Boston Symphony Hall and an interesting pre-speech conversation with WGBH‚Äôs Jared Bowen.  https://t.co/2vkUszaHVx","http://web.archive.org/*/http://twitter.com/Comey/status/1067450090976104449"
"Great event last night at Boston Symphony Hall and an interesting pre-speech conversation with WGBH‚Äôs Jared Bowen.  https://t.co/2vkUszaHVx","http://web.archive.org/*/https://twitter.com/Comey/status/1067450090976104449"
"Today my legal team filed court papers to try to get transparency from House Republicans.  Let the American people‚Ä¶ https://t.co/rdJXa9pDPp","http://web.archive.org/*/http://twitter.com/Comey/status/1068265819598217216"
"Today my legal team filed court papers to try to get transparency from House Republicans.  Let the American people‚Ä¶ https://t.co/rdJXa9pDPp","http://web.archive.org/*/https://twitter.com/Comey/status/1068265819598217216"
"Today my legal team filed court papers to try to get transparency from House Republicans. Let the American people w‚Ä¶ https://t.co/3glFya4qUD","http://web.archive.org/*/http://twitter.com/Comey/status/1068266580176498688"
"Today my legal team filed court papers to try to get transparency from House Republicans. Let the American people w‚Ä¶ https://t.co/3glFya4qUD","http://web.archive.org/*/https://twitter.com/Comey/status/1068266580176498688"
"Today my legal team filed court papers to try to get transparency from House Republicans. Let the American people w‚Ä¶ https://t.co/3FkpyN8Cuy","http://web.archive.org/*/http://twitter.com/Comey/status/1068267245766356993"
"Today my legal team filed court papers to try to get transparency from House Republicans. Let the American people w‚Ä¶ https://t.co/3FkpyN8Cuy","http://web.archive.org/*/https://twitter.com/Comey/status/1068267245766356993"
"Remembering the wisdom of a great American leader: ‚ÄúAmerica is never wholly herself unless she is engaged in high m‚Ä¶ https://t.co/iSg54APH9X","http://web.archive.org/*/http://twitter.com/Comey/status/1068940868235788288"
"Remembering the wisdom of a great American leader: ‚ÄúAmerica is never wholly herself unless she is engaged in high m‚Ä¶ https://t.co/iSg54APH9X","http://web.archive.org/*/https://twitter.com/Comey/status/1068940868235788288"
"Grateful for a fair hearing from judge. Hard to protect my rights without being in contempt, which I don‚Äôt believe‚Ä¶ https://t.co/PZ1rptoqXO","http://web.archive.org/*/http://twitter.com/Comey/status/1069254085591863296"
"Grateful for a fair hearing from judge. Hard to protect my rights without being in contempt, which I don‚Äôt believe‚Ä¶ https://t.co/PZ1rptoqXO","http://web.archive.org/*/https://twitter.com/Comey/status/1069254085591863296"
"Today wasn‚Äôt a search for truth, but a desperate attempt to find anything that can be used to attack the institutio‚Ä¶ https://t.co/vNHVA1HtjX","http://web.archive.org/*/http://twitter.com/Comey/status/1071199053747228672"
"Today wasn‚Äôt a search for truth, but a desperate attempt to find anything that can be used to attack the institutio‚Ä¶ https://t.co/vNHVA1HtjX","http://web.archive.org/*/https://twitter.com/Comey/status/1071199053747228672"
"And I was worried this woudn‚Äôt be a dignified, open-minded search for the truth. https://t.co/8L0tA0NQQy","http://web.archive.org/*/http://twitter.com/Comey/status/1073287912983277568"
"And I was worried this woudn‚Äôt be a dignified, open-minded search for the truth. https://t.co/8L0tA0NQQy","http://web.archive.org/*/https://twitter.com/Comey/status/1073287912983277568"
"This is from the President of our country, lying about the lawful execution of a search warrant issued by a federal‚Ä¶ https://t.co/rP6Oqq2FJH","http://web.archive.org/*/http://twitter.com/Comey/status/1074354274010832896"
"This is from the President of our country, lying about the lawful execution of a search warrant issued by a federal‚Ä¶ https://t.co/rP6Oqq2FJH","http://web.archive.org/*/https://twitter.com/Comey/status/1074354274010832896"
"To a president without any external ethical framework, folks who resign on principle must be confusing.","http://web.archive.org/*/http://twitter.com/Comey/status/1076556446886739973"
"To a president without any external ethical framework, folks who resign on principle must be confusing.","http://web.archive.org/*/https://twitter.com/Comey/status/1076556446886739973"
"FBI families will spend Christmas without a paycheck.  This president promised Mexico would pay for the wall but in‚Ä¶ https://t.co/jBEE8XOT3u","http://web.archive.org/*/http://twitter.com/Comey/status/1076893757566566401"
"FBI families will spend Christmas without a paycheck.  This president promised Mexico would pay for the wall but in‚Ä¶ https://t.co/jBEE8XOT3u","http://web.archive.org/*/https://twitter.com/Comey/status/1076893757566566401"
"We must not accept or be numb to amoral leadership. Thankful for patriots across the political spectrum who are speaking out.","http://web.archive.org/*/http://twitter.com/Comey/status/1079553872455233538"
"We must not accept or be numb to amoral leadership. Thankful for patriots across the political spectrum who are speaking out.","http://web.archive.org/*/https://twitter.com/Comey/status/1079553872455233538"
"Looks like the Republican tent is too small to fit integrity. Today, Republicans attacked a Senator for truthfully‚Ä¶ https://t.co/CkLju1CT4Q","http://web.archive.org/*/http://twitter.com/Comey/status/1080633057038815232"
"Looks like the Republican tent is too small to fit integrity. Today, Republicans attacked a Senator for truthfully‚Ä¶ https://t.co/CkLju1CT4Q","http://web.archive.org/*/https://twitter.com/Comey/status/1080633057038815232"
"‚ÄúI ask you to judge me by the enemies I have made.‚Äù ‚Äî FDR","http://web.archive.org/*/http://twitter.com/Comey/status/1084104237649461250"
"‚ÄúI ask you to judge me by the enemies I have made.‚Äù ‚Äî FDR","http://web.archive.org/*/https://twitter.com/Comey/status/1084104237649461250"
"‚ÄúI ask you to judge me by the enemies I have made.‚Äù ‚Äî FDR","http://web.archive.org/*/http://twitter.com/Comey/status/1084104237649461250"
"‚ÄúI ask you to judge me by the enemies I have made.‚Äù ‚Äî FDR","http://web.archive.org/*/https://twitter.com/Comey/status/1084104237649461250"
"The perfect day to see ‚ÄúTo Kill a Mockingbird‚Äù on Broadway. Amazing cast and vital message: ‚ÄúAll rise.‚Äù https://t.co/KIsjKpoqml","http://web.archive.org/*/http://twitter.com/Comey/status/1084230920138301442"
"The perfect day to see ‚ÄúTo Kill a Mockingbird‚Äù on Broadway. Amazing cast and vital message: ‚ÄúAll rise.‚Äù https://t.co/KIsjKpoqml","http://web.archive.org/*/https://twitter.com/Comey/status/1084230920138301442"
"The perfect day to see ‚ÄúTo Kill a Mockingbird‚Äù on Broadway. Amazing cast and vital message: ‚ÄúAll rise.‚Äù https://t.co/KIsjKpoqml","http://web.archive.org/*/http://twitter.com/Comey/status/1084230920138301442"
"The perfect day to see ‚ÄúTo Kill a Mockingbird‚Äù on Broadway. Amazing cast and vital message: ‚ÄúAll rise.‚Äù https://t.co/KIsjKpoqml","http://web.archive.org/*/https://twitter.com/Comey/status/1084230920138301442"
"This is not okay, not normal. That the witness intimidation continues while hundreds of thousands of honest public‚Ä¶ https://t.co/t3GbG7NTHQ","http://web.archive.org/*/http://twitter.com/Comey/status/1084909549197447169"
"This is not okay, not normal. That the witness intimidation continues while hundreds of thousands of honest public‚Ä¶ https://t.co/t3GbG7NTHQ","http://web.archive.org/*/http://twitter.com/Comey/status/1084909549197447169"
"This is not okay, not normal. That the witness intimidation continues while hundreds of thousands of honest public‚Ä¶ https://t.co/t3GbG7NTHQ","http://web.archive.org/*/https://twitter.com/Comey/status/1084909549197447169"
"This is not okay, not normal. That the witness intimidation continues while hundreds of thousands of honest public‚Ä¶ https://t.co/t3GbG7NTHQ","http://web.archive.org/*/https://twitter.com/Comey/status/1084909549197447169"
"‚ÄúAnd there are times when you must take a stand that is neither safe nor politic nor popular, but you must do it be‚Ä¶ https://t.co/vmNDXAqHMG","http://web.archive.org/*/http://twitter.com/Comey/status/1087380001077555201"
"‚ÄúAnd there are times when you must take a stand that is neither safe nor politic nor popular, but you must do it be‚Ä¶ https://t.co/vmNDXAqHMG","http://web.archive.org/*/https://twitter.com/Comey/status/1087380001077555201"
"‚ÄúAnd there are times when you must take a stand that is neither safe nor politic nor popular, but you must do it be‚Ä¶ https://t.co/vmNDXAqHMG","http://web.archive.org/*/http://twitter.com/Comey/status/1087380001077555201"
"‚ÄúAnd there are times when you must take a stand that is neither safe nor politic nor popular, but you must do it be‚Ä¶ https://t.co/vmNDXAqHMG","http://web.archive.org/*/https://twitter.com/Comey/status/1087380001077555201"
"Remembering Russell Baker. As a high school and college journalist,  I couldn‚Äôt wait to read his column. https://t.co/ysnVXpR6nj","http://web.archive.org/*/http://twitter.com/Comey/status/1087936035298967552"
"Remembering Russell Baker. As a high school and college journalist,  I couldn‚Äôt wait to read his column. https://t.co/ysnVXpR6nj","http://web.archive.org/*/https://twitter.com/Comey/status/1087936035298967552"
"Enjoyed the powerful ‚ÄúRed Velvet‚Äù in Richmond today, which tells the story of Ira Aldridge, the first black actor t‚Ä¶ https://t.co/ieSjQxqCVA","http://web.archive.org/*/http://twitter.com/Comey/status/1089702688005197827"
"Enjoyed the powerful ‚ÄúRed Velvet‚Äù in Richmond today, which tells the story of Ira Aldridge, the first black actor t‚Ä¶ https://t.co/ieSjQxqCVA","http://web.archive.org/*/https://twitter.com/Comey/status/1089702688005197827"
"Governor Northam should resign. Our Commonwealth is better than this and deserves better than this.","http://web.archive.org/*/http://twitter.com/Comey/status/1091546626555023365"
"Governor Northam should resign. Our Commonwealth is better than this and deserves better than this.","http://web.archive.org/*/https://twitter.com/Comey/status/1091546626555023365"
"There is no doubt that Virginia‚Äôs leaders need to be held accountable for their personal history, but every Virgini‚Ä¶ https://t.co/7FuATINRG7","http://web.archive.org/*/http://twitter.com/Comey/status/1093670311483064321"
"There is no doubt that Virginia‚Äôs leaders need to be held accountable for their personal history, but every Virgini‚Ä¶ https://t.co/7FuATINRG7","http://web.archive.org/*/https://twitter.com/Comey/status/1093670311483064321"
"Great to talk to future journalists today at USC In LA. Truth matters. https://t.co/OojH3Q22bq","http://web.archive.org/*/http://twitter.com/Comey/status/1095086625447505920"
"Great to talk to future journalists today at USC In LA. Truth matters. https://t.co/OojH3Q22bq","http://web.archive.org/*/https://twitter.com/Comey/status/1095086625447505920"
"‚ÄúEvery time you assault and stereotype a person, you‚Äôve ripped the social fabric. Every time you see that person de‚Ä¶ https://t.co/P8eOA5qB4y","http://web.archive.org/*/http://twitter.com/Comey/status/1097720507443675136"
"‚ÄúEvery time you assault and stereotype a person, you‚Äôve ripped the social fabric. Every time you see that person de‚Ä¶ https://t.co/P8eOA5qB4y","http://web.archive.org/*/https://twitter.com/Comey/status/1097720507443675136"
"""The further a society drifts from truth, the more it will hate those that speak it"" - George Orwell.  Never forget‚Ä¶ https://t.co/7Uq7XdH3jZ","http://web.archive.org/*/http://twitter.com/Comey/status/1098357940120158208"
"""The further a society drifts from truth, the more it will hate those that speak it"" - George Orwell.  Never forget‚Ä¶ https://t.co/7Uq7XdH3jZ","http://web.archive.org/*/https://twitter.com/Comey/status/1098357940120158208"
"https://t.co/GomqdhimFt","http://web.archive.org/*/http://twitter.com/Comey/status/1102713396028411905"
"https://t.co/GomqdhimFt","http://web.archive.org/*/https://twitter.com/Comey/status/1102713396028411905"
"Republican senators, who are sacrificing core principles, are likely telling themselves: ‚ÄúThe country needs me; I h‚Ä¶ https://t.co/aG10Qn34Zb","http://web.archive.org/*/http://twitter.com/Comey/status/1106390265030414337"
"Republican senators, who are sacrificing core principles, are likely telling themselves: ‚ÄúThe country needs me; I h‚Ä¶ https://t.co/aG10Qn34Zb","http://web.archive.org/*/https://twitter.com/Comey/status/1106390265030414337"
"‚ÄúIt is easy to hate and it is difficult to love. This is how the whole scheme of things works. All good things are‚Ä¶ https://t.co/e2N6sJ2OOC","http://web.archive.org/*/http://twitter.com/Comey/status/1107443500386316288"
"‚ÄúIt is easy to hate and it is difficult to love. This is how the whole scheme of things works. All good things are‚Ä¶ https://t.co/e2N6sJ2OOC","http://web.archive.org/*/https://twitter.com/Comey/status/1107443500386316288"
"‚ÄúThe fact that even James Comey can be optimistic makes me optimistic.‚Äù - William and Mary‚Äôs The Flat Hat quoting a‚Ä¶ https://t.co/yTDDokL4wM","http://web.archive.org/*/http://twitter.com/Comey/status/1108164304942100481"
"‚ÄúThe fact that even James Comey can be optimistic makes me optimistic.‚Äù - William and Mary‚Äôs The Flat Hat quoting a‚Ä¶ https://t.co/yTDDokL4wM","http://web.archive.org/*/https://twitter.com/Comey/status/1108164304942100481"
"https://t.co/SBS2orhYee via @NYTOpinion","http://web.archive.org/*/http://twitter.com/Comey/status/1108817053278822400"
"https://t.co/SBS2orhYee via @NYTOpinion","http://web.archive.org/*/https://twitter.com/Comey/status/1108817053278822400"
"Geologic time offers useful perspective. https://t.co/tbnjjbt8rE","http://web.archive.org/*/http://twitter.com/Comey/status/1109547306175463424"
"Geologic time offers useful perspective. https://t.co/tbnjjbt8rE","http://web.archive.org/*/https://twitter.com/Comey/status/1109547306175463424"
"So many questions. https://t.co/66KaR52Kk8","http://web.archive.org/*/http://twitter.com/Comey/status/1109930531389472768"
"So many questions. https://t.co/66KaR52Kk8","http://web.archive.org/*/https://twitter.com/Comey/status/1109930531389472768"
"NBC News exclusive: James Comey gives first interview since Mueller completed report https://t.co/CEXPnHnAis","http://web.archive.org/*/http://twitter.com/Comey/status/1111109693429157888"
"NBC News exclusive: James Comey gives first interview since Mueller completed report https://t.co/CEXPnHnAis","http://web.archive.org/*/https://twitter.com/Comey/status/1111109693429157888"
"Recording new material for paperback and audiobook, out May 7.  Lordy, there will be more tapes. https://t.co/1AeT2oMlCF","http://web.archive.org/*/http://twitter.com/Comey/status/1111301170713243648"
"Recording new material for paperback and audiobook, out May 7.  Lordy, there will be more tapes. https://t.co/1AeT2oMlCF","http://web.archive.org/*/https://twitter.com/Comey/status/1111301170713243648"
"I‚Äôm in. We need someone in the middle. #2020 https://t.co/IGt69bEQz1","http://web.archive.org/*/http://twitter.com/Comey/status/1112798033320796160"
"I‚Äôm in. We need someone in the middle. #2020 https://t.co/IGt69bEQz1","http://web.archive.org/*/https://twitter.com/Comey/status/1112798033320796160"
"But could you imagine a president who used this website to make dad jokes rather than to hurl insults? Happy #AprilFools. 
#VoteDem2020","http://web.archive.org/*/http://twitter.com/Comey/status/1112820456057319424"
"But could you imagine a president who used this website to make dad jokes rather than to hurl insults? Happy #AprilFools. 
#VoteDem2020","http://web.archive.org/*/https://twitter.com/Comey/status/1112820456057319424"
