"#Alabama""","http://web.archive.org/*/https://twitter.com/StephenMillerAL/status/728366819141140480"
"#Alabama""","http://web.archive.org/*/http://twitter.com/StephenMillerAL/status/728366819141140480"
"Let's make sure the liberals not only lose in November, but that it takes a generation for them to rebuild their party #DNCleak #Gop","http://web.archive.org/*/https://twitter.com/StephenMillerAL/status/757303152739835904"
"Let's make sure the liberals not only lose in November, but that it takes a generation for them to rebuild their party #DNCleak #Gop","http://web.archive.org/*/http://twitter.com/StephenMillerAL/status/757303152739835904"
"LIVE Stream: Donald Trump Rally in Charleston, WV (5-5-16) https://t.co/tSTYuZOFIJ Introducing the next POTUS in WV now! #TrumpTrain #Trump","http://web.archive.org/*/https://twitter.com/StephenMillerAL/status/728364495903588352"
"LIVE Stream: Donald Trump Rally in Charleston, WV (5-5-16) https://t.co/tSTYuZOFIJ Introducing the next POTUS in WV now! #TrumpTrain #Trump","http://web.archive.org/*/http://twitter.com/StephenMillerAL/status/728364495903588352"
"Only one man will fight for you, the American people. Vote for Donald J. Trump
""RT @AnnCoulter: VIDEO Stephen Miller's AWESOME spc: You're @ to hear from ""the man who's going to save the United States of America"" https:…","http://web.archive.org/*/https://twitter.com/StephenMillerAL/status/728370737573027840"
"RT @AnnCoulter: VIDEO Stephen Miller's AWESOME spc: You're @ to hear from ""the man who's going to save the United States of America"" https:…","http://web.archive.org/*/http://twitter.com/StephenMillerAL/status/728370737573027840"
"RT @mike_pence: Great to stop in for a quick haircut at @redsbarbershop in Indianapolis! https://t.co/oULTXrVerX","http://web.archive.org/*/https://twitter.com/StephenMillerAL/status/759884931040501760"
"RT @mike_pence: Great to stop in for a quick haircut at @redsbarbershop in Indianapolis! https://t.co/oULTXrVerX","http://web.archive.org/*/http://twitter.com/StephenMillerAL/status/759884931040501760"
"RT @mike_pence: #MakeAmericaGreatAgain 
""RT @WhiteHouse: ""And believe, once more, in AMERICA."" #JointAddress #AmericanSpirit https://t.co/Mm1HBAtKMl","http://web.archive.org/*/https://twitter.com/StephenMillerAL/status/836780744810844161"
"RT @WhiteHouse: ""And believe, once more, in AMERICA."" #JointAddress #AmericanSpirit https://t.co/Mm1HBAtKMl","http://web.archive.org/*/http://twitter.com/StephenMillerAL/status/836780744810844161"
"Thank you  https://t.co/6I0FVBSoLS","http://web.archive.org/*/https://twitter.com/StephenMillerAL/status/756357557451644928"
"Thank you  https://t.co/6I0FVBSoLS","http://web.archive.org/*/http://twitter.com/StephenMillerAL/status/756357557451644928"
"This Limo is like a bulletproof tank,with the interior of a Cadillac,placed on the frame of a race car #TrumpPence16 https://t.co/wxj9M3RczM","http://web.archive.org/*/https://twitter.com/StephenMillerAL/status/759886373344116736"
"This Limo is like a bulletproof tank,with the interior of a Cadillac,placed on the frame of a race car #TrumpPence16 https://t.co/wxj9M3RczM","http://web.archive.org/*/http://twitter.com/StephenMillerAL/status/759886373344116736"
"#TrumpPence16 https://t.co/yfEYAxHtsD""","http://web.archive.org/*/https://twitter.com/StephenMillerAL/status/759565803196940288"
"#TrumpPence16 https://t.co/yfEYAxHtsD""","http://web.archive.org/*/http://twitter.com/StephenMillerAL/status/759565803196940288"
"@tshine111 @larryelder yes","http://web.archive.org/*/https://twitter.com/StephenMillerAL/status/756359712359276544"
"@tshine111 @larryelder yes","http://web.archive.org/*/http://twitter.com/StephenMillerAL/status/756359712359276544"
