"So proud of @POTUS efforts to bring jobs back to USA - @intel announces $7B investment, creating 10,000 jobs in AZ.","http://web.archive.org/*/http://twitter.com/Reince45/status/829391933390934018"
"So proud of @POTUS efforts to bring jobs back to USA - @intel announces $7B investment, creating 10,000 jobs in AZ.","http://web.archive.org/*/https://twitter.com/Reince45/status/829391933390934018"
"Truly an honor to host @AbeShinzo at the @WhiteHouse. Japan is a great ally, and we look forward to forging an even‚Ä¶ https://t.co/9sXJbWN3FB","http://web.archive.org/*/http://twitter.com/Reince45/status/830148149134127104"
"Truly an honor to host @AbeShinzo at the @WhiteHouse. Japan is a great ally, and we look forward to forging an even‚Ä¶ https://t.co/9sXJbWN3FB","http://web.archive.org/*/https://twitter.com/Reince45/status/830148149134127104"
"Great discussion today with @POTUS @IvankaTrump and @JustinTrudeau on supporting women entrepreneurs and business l‚Ä¶ https://t.co/thWAVvhLqD","http://web.archive.org/*/http://twitter.com/Reince45/status/831208584910368770"
"Great discussion today with @POTUS @IvankaTrump and @JustinTrudeau on supporting women entrepreneurs and business l‚Ä¶ https://t.co/thWAVvhLqD","http://web.archive.org/*/https://twitter.com/Reince45/status/831208584910368770"
"Always great to start the day on @foxandfriends to talk about all that @POTUS has done for the American people so f‚Ä¶ https://t.co/bJ4a87b1VY","http://web.archive.org/*/http://twitter.com/Reince45/status/832582271169396737"
"Always great to start the day on @foxandfriends to talk about all that @POTUS has done for the American people so f‚Ä¶ https://t.co/bJ4a87b1VY","http://web.archive.org/*/https://twitter.com/Reince45/status/832582271169396737"
"Great meeting this morning on @POTUS plan to repeal &amp; replace Obamacare. The American people deserve much better, a‚Ä¶ https://t.co/BnPRxKGtc4","http://web.archive.org/*/http://twitter.com/Reince45/status/833461963581714433"
"Great meeting this morning on @POTUS plan to repeal &amp; replace Obamacare. The American people deserve much better, a‚Ä¶ https://t.co/BnPRxKGtc4","http://web.archive.org/*/https://twitter.com/Reince45/status/833461963581714433"
"Incredibly excited about the team @POTUS assembled to protect America's interests at home &amp; abroad. Congratulations‚Ä¶ https://t.co/Y4sWUNM0Ui","http://web.archive.org/*/http://twitter.com/Reince45/status/833833581948653568"
"Incredibly excited about the team @POTUS assembled to protect America's interests at home &amp; abroad. Congratulations‚Ä¶ https://t.co/Y4sWUNM0Ui","http://web.archive.org/*/https://twitter.com/Reince45/status/833833581948653568"
"Looking forward to sitting down with Steve Bannon at #CPAC2017 to discuss @POTUS first 35 days.","http://web.archive.org/*/http://twitter.com/Reince45/status/834753872237297666"
"Looking forward to sitting down with Steve Bannon at #CPAC2017 to discuss @POTUS first 35 days.","http://web.archive.org/*/https://twitter.com/Reince45/status/834753872237297666"
"Having fun backstage just moments before taking the stage at #CPAC2017 with Steve Bannon and @mschlapp. Be sure to‚Ä¶ https://t.co/mWJ3VGXLMW","http://web.archive.org/*/http://twitter.com/Reince45/status/834839821050925057"
"Having fun backstage just moments before taking the stage at #CPAC2017 with Steve Bannon and @mschlapp. Be sure to‚Ä¶ https://t.co/mWJ3VGXLMW","http://web.archive.org/*/https://twitter.com/Reince45/status/834839821050925057"
"Thank you for having us! #CPAC2017 https://t.co/XIkQT24Edc","http://web.archive.org/*/http://twitter.com/Reince45/status/834855641650978820"
"Thank you for having us! #CPAC2017 https://t.co/XIkQT24Edc","http://web.archive.org/*/https://twitter.com/Reince45/status/834855641650978820"
"Amazing speech by @POTUS at #CPAC2017 and a well-deserved standing ovation for keeping so many promises!","http://web.archive.org/*/http://twitter.com/Reince45/status/835169515700957184"
"Amazing speech by @POTUS at #CPAC2017 and a well-deserved standing ovation for keeping so many promises!","http://web.archive.org/*/https://twitter.com/Reince45/status/835169515700957184"
"Stopped by @The_RGA meeting today to speak with our great partners in the states helping @POTUS enact real change f‚Ä¶ https://t.co/P5kq0lwD6C","http://web.archive.org/*/http://twitter.com/Reince45/status/835548391295881216"
"Stopped by @The_RGA meeting today to speak with our great partners in the states helping @POTUS enact real change f‚Ä¶ https://t.co/P5kq0lwD6C","http://web.archive.org/*/https://twitter.com/Reince45/status/835548391295881216"
"Don't miss @POTUS #JointAddress. Tune in now! https://t.co/2wxXHePKdN","http://web.archive.org/*/http://twitter.com/Reince45/status/836758939467382784"
"Don't miss @POTUS #JointAddress. Tune in now! https://t.co/2wxXHePKdN","http://web.archive.org/*/https://twitter.com/Reince45/status/836758939467382784"
"""From now on, America will be empowered by our aspirations - not burdened by our fears."" - @POTUS #JointAddress.","http://web.archive.org/*/http://twitter.com/Reince45/status/836775583883350016"
"""From now on, America will be empowered by our aspirations - not burdened by our fears."" - @POTUS #JointAddress.","http://web.archive.org/*/https://twitter.com/Reince45/status/836775583883350016"
".@POTUS delivered an exceptionally inspiring speech in tonight's #JointAddress. It's an honor to witness such a historic moment.","http://web.archive.org/*/http://twitter.com/Reince45/status/836790944905166848"
".@POTUS delivered an exceptionally inspiring speech in tonight's #JointAddress. It's an honor to witness such a historic moment.","http://web.archive.org/*/https://twitter.com/Reince45/status/836790944905166848"
"Don't miss @POTUS Weekly Address at 11am https://t.co/0wg5RLMeb4","http://web.archive.org/*/http://twitter.com/Reince45/status/837684761275547649"
"Don't miss @POTUS Weekly Address at 11am https://t.co/0wg5RLMeb4","http://web.archive.org/*/https://twitter.com/Reince45/status/837684761275547649"
"Amazing evening! #MAGA https://t.co/H6RfT7SMnV","http://web.archive.org/*/http://twitter.com/Reince45/status/837799341532282881"
"Amazing evening! #MAGA https://t.co/H6RfT7SMnV","http://web.archive.org/*/https://twitter.com/Reince45/status/837799341532282881"
"Very proud of the work @WhiteHouse has done with @StateDept @TheJusticeDept @DHSgov on new @POTUS EO to keep our co‚Ä¶ https://t.co/MU4456L4bw","http://web.archive.org/*/http://twitter.com/Reince45/status/838908854469554182"
"Very proud of the work @WhiteHouse has done with @StateDept @TheJusticeDept @DHSgov on new @POTUS EO to keep our co‚Ä¶ https://t.co/MU4456L4bw","http://web.archive.org/*/https://twitter.com/Reince45/status/838908854469554182"
"RT @POTUS: House just introduced the bill to #RepealAndReplace #Obamacare. Time to end this nightmare. 
https://t.co/z4A27JwaXX","http://web.archive.org/*/http://twitter.com/Reince45/status/838929648750891008"
"RT @POTUS: House just introduced the bill to #RepealAndReplace #Obamacare. Time to end this nightmare. 
https://t.co/z4A27JwaXX","http://web.archive.org/*/https://twitter.com/Reince45/status/838929648750891008"
".@POTUS promised to #RepealAndReplace the #Obamacare disaster &amp; he's working with Congress to get that done. It's time for positive change.","http://web.archive.org/*/http://twitter.com/Reince45/status/839639392503365633"
".@POTUS promised to #RepealAndReplace the #Obamacare disaster &amp; he's working with Congress to get that done. It's time for positive change.","http://web.archive.org/*/https://twitter.com/Reince45/status/839639392503365633"
"RT @IvankaTrump: Today, we celebrate women and are reminded of our collective voice and the powerful impact we have on our societies and ec‚Ä¶","http://web.archive.org/*/http://twitter.com/Reince45/status/839647634499469312"
"RT @IvankaTrump: Today, we celebrate women and are reminded of our collective voice and the powerful impact we have on our societies and ec‚Ä¶","http://web.archive.org/*/https://twitter.com/Reince45/status/839647634499469312"
"Enjoyed a very productive luncheon today with @POTUS and some of our friends in Congress to discuss the federal bud‚Ä¶ https://t.co/qYNqjmVXRP","http://web.archive.org/*/http://twitter.com/Reince45/status/840021191427514370"
"Enjoyed a very productive luncheon today with @POTUS and some of our friends in Congress to discuss the federal bud‚Ä¶ https://t.co/qYNqjmVXRP","http://web.archive.org/*/https://twitter.com/Reince45/status/840021191427514370"
".@POTUS Trump delivers in first #JobsReport. 235,000 new jobs and unemployment rate down to 4.7%. Great news for American workers!","http://web.archive.org/*/http://twitter.com/Reince45/status/840201242362167296"
".@POTUS Trump delivers in first #JobsReport. 235,000 new jobs and unemployment rate down to 4.7%. Great news for American workers!","http://web.archive.org/*/https://twitter.com/Reince45/status/840201242362167296"
"RT @POTUS: Weekly Address - 11:00 A.M. at the @WhiteHouse! #MAGAüá∫üá∏
‚û°Ô∏èhttps://t.co/EMAjO07GuJ https://t.co/RjOook4k0I","http://web.archive.org/*/http://twitter.com/Reince45/status/840226680966926337"
"RT @POTUS: Weekly Address - 11:00 A.M. at the @WhiteHouse! #MAGAüá∫üá∏
‚û°Ô∏èhttps://t.co/EMAjO07GuJ https://t.co/RjOook4k0I","http://web.archive.org/*/https://twitter.com/Reince45/status/840226680966926337"
"RT @WhiteHouse: .@POTUS Trump's First 50 Days of Action: Achieving Results for the American People https://t.co/Xw15oqp712 https://t.co/HMD‚Ä¶","http://web.archive.org/*/http://twitter.com/Reince45/status/841054511837896705"
"RT @WhiteHouse: .@POTUS Trump's First 50 Days of Action: Achieving Results for the American People https://t.co/Xw15oqp712 https://t.co/HMD‚Ä¶","http://web.archive.org/*/https://twitter.com/Reince45/status/841054511837896705"
"It's truly an honor to be a part of this great team @POTUS has assembled to move his agenda forward and make life b‚Ä¶ https://t.co/UdbLT1ueIP","http://web.archive.org/*/http://twitter.com/Reince45/status/841385231714267136"
"It's truly an honor to be a part of this great team @POTUS has assembled to move his agenda forward and make life b‚Ä¶ https://t.co/UdbLT1ueIP","http://web.archive.org/*/https://twitter.com/Reince45/status/841385231714267136"
"New @POTUS EO begins overdue process of reviewing &amp; reorganizing the federal government to be more efficient &amp; effe‚Ä¶ https://t.co/cNeKFJcR01","http://web.archive.org/*/http://twitter.com/Reince45/status/841436103412482048"
"New @POTUS EO begins overdue process of reviewing &amp; reorganizing the federal government to be more efficient &amp; effe‚Ä¶ https://t.co/cNeKFJcR01","http://web.archive.org/*/https://twitter.com/Reince45/status/841436103412482048"
"Today, @VP Pence swore in another great leader to help fix our broken healthcare system. Congratulations Seema! https://t.co/iRnl1MiI97","http://web.archive.org/*/http://twitter.com/Reince45/status/841754710092722177"
"Today, @VP Pence swore in another great leader to help fix our broken healthcare system. Congratulations Seema! https://t.co/iRnl1MiI97","http://web.archive.org/*/https://twitter.com/Reince45/status/841754710092722177"
"RT @WhiteHouse: Stories like Mr. Summers' are why @POTUS is fighting to #RepealAndReplace #Obamacare. Share your story here: https://t.co/d‚Ä¶","http://web.archive.org/*/http://twitter.com/Reince45/status/841809292940455937"
"RT @WhiteHouse: Stories like Mr. Summers' are why @POTUS is fighting to #RepealAndReplace #Obamacare. Share your story here: https://t.co/d‚Ä¶","http://web.archive.org/*/https://twitter.com/Reince45/status/841809292940455937"
".@POTUS delivering on his promise to put American workers first. Great visit with auto workers in Detroit today.‚Ä¶ https://t.co/InKQTQqI55","http://web.archive.org/*/http://twitter.com/Reince45/status/842110019168428032"
".@POTUS delivering on his promise to put American workers first. Great visit with auto workers in Detroit today.‚Ä¶ https://t.co/InKQTQqI55","http://web.archive.org/*/https://twitter.com/Reince45/status/842110019168428032"
"RT @POTUS: A budget that puts #AmericaFirst must make safety its no. 1 priority‚Äîwithout safety there can be no prosperity: https://t.co/A0t‚Ä¶","http://web.archive.org/*/http://twitter.com/Reince45/status/842405698302558210"
"RT @POTUS: A budget that puts #AmericaFirst must make safety its no. 1 priority‚Äîwithout safety there can be no prosperity: https://t.co/A0t‚Ä¶","http://web.archive.org/*/https://twitter.com/Reince45/status/842405698302558210"
"Joined the @USHCC meeting at the @WhiteHouse to talk about @POTUS work to #RepealAndReplace, cut job-killing regula‚Ä¶ https://t.co/kNvo6Zi1t0","http://web.archive.org/*/http://twitter.com/Reince45/status/842423575294431232"
"Joined the @USHCC meeting at the @WhiteHouse to talk about @POTUS work to #RepealAndReplace, cut job-killing regula‚Ä¶ https://t.co/kNvo6Zi1t0","http://web.archive.org/*/https://twitter.com/Reince45/status/842423575294431232"
"RT @realDonaldTrump: Happy L√° Fheile Phadraig to all of my great Irish friends!","http://web.archive.org/*/http://twitter.com/Reince45/status/842710583732518912"
"RT @realDonaldTrump: Happy L√° Fheile Phadraig to all of my great Irish friends!","http://web.archive.org/*/https://twitter.com/Reince45/status/842710583732518912"
"Busy day as we welcome Chancellor #Merkel to @WhiteHouse. Had a productive bilateral meeting &amp; roundtable on vocational training for jobs.","http://web.archive.org/*/http://twitter.com/Reince45/status/842795816582615040"
"Busy day as we welcome Chancellor #Merkel to @WhiteHouse. Had a productive bilateral meeting &amp; roundtable on vocational training for jobs.","http://web.archive.org/*/https://twitter.com/Reince45/status/842795816582615040"
".@POTUS continues to work with Congress to #RepealAndReplace. Happy to see these great Republican leaders support t‚Ä¶ https://t.co/xKfbZjmeGF","http://web.archive.org/*/http://twitter.com/Reince45/status/842850656385875968"
".@POTUS continues to work with Congress to #RepealAndReplace. Happy to see these great Republican leaders support t‚Ä¶ https://t.co/xKfbZjmeGF","http://web.archive.org/*/https://twitter.com/Reince45/status/842850656385875968"
"ICYMI - @POTUS Weekly Address. https://t.co/2ZAtbBFAK0","http://web.archive.org/*/http://twitter.com/Reince45/status/843139006539976707"
"ICYMI - @POTUS Weekly Address. https://t.co/2ZAtbBFAK0","http://web.archive.org/*/https://twitter.com/Reince45/status/843139006539976707"
"Pleasure to host Iraqi Prime Minister Haider al-Abadi at @WhiteHouse today. Had a productive &amp; engaging discussion‚Ä¶ https://t.co/rTVAen3OCu","http://web.archive.org/*/http://twitter.com/Reince45/status/843926483181719552"
"Pleasure to host Iraqi Prime Minister Haider al-Abadi at @WhiteHouse today. Had a productive &amp; engaging discussion‚Ä¶ https://t.co/rTVAen3OCu","http://web.archive.org/*/https://twitter.com/Reince45/status/843926483181719552"
"RT @POTUS: Judge Gorsuch is the kind of judge we need on #SCOTUS - someone with a brilliant legal mind &amp; a commitment to constitutional pri‚Ä¶","http://web.archive.org/*/http://twitter.com/Reince45/status/844199725947588612"
"RT @POTUS: Judge Gorsuch is the kind of judge we need on #SCOTUS - someone with a brilliant legal mind &amp; a commitment to constitutional pri‚Ä¶","http://web.archive.org/*/https://twitter.com/Reince45/status/844199725947588612"
"RT @GorsuchFacts: Former Solicitor General of the Obama Administration: ""This is a first rate intellect and fair and decent man."" #ConfirmG‚Ä¶","http://web.archive.org/*/http://twitter.com/Reince45/status/844204677365469184"
"RT @GorsuchFacts: Former Solicitor General of the Obama Administration: ""This is a first rate intellect and fair and decent man."" #ConfirmG‚Ä¶","http://web.archive.org/*/https://twitter.com/Reince45/status/844204677365469184"
"We at the @WhiteHouse send our thoughts and prayers to the people of the UK after today's terror attack in London. https://t.co/8yjcxClQQy","http://web.archive.org/*/http://twitter.com/Reince45/status/844683268230393856"
"We at the @WhiteHouse send our thoughts and prayers to the people of the UK after today's terror attack in London. https://t.co/8yjcxClQQy","http://web.archive.org/*/https://twitter.com/Reince45/status/844683268230393856"
"After 2 terms of obstruction, @POTUS approved #KeystoneXL in 2 months. Will create thousands of good American jobs. Another promise kept.","http://web.archive.org/*/http://twitter.com/Reince45/status/845337724408205312"
"After 2 terms of obstruction, @POTUS approved #KeystoneXL in 2 months. Will create thousands of good American jobs. Another promise kept.","http://web.archive.org/*/https://twitter.com/Reince45/status/845337724408205312"
"Another win for American workers! @POTUS today announced Charter Communications plans to invest $25B in USA &amp; add 20,000 jobs over 4 years.","http://web.archive.org/*/http://twitter.com/Reince45/status/845403748193198081"
"Another win for American workers! @POTUS today announced Charter Communications plans to invest $25B in USA &amp; add 20,000 jobs over 4 years.","http://web.archive.org/*/https://twitter.com/Reince45/status/845403748193198081"
"Nice to join Chris Wallace on @FoxNewsSunday this morning to discuss @POTUS Trump's agenda to deliver for the Ameri‚Ä¶ https://t.co/9FRENydReM","http://web.archive.org/*/http://twitter.com/Reince45/status/845993386951786498"
"Nice to join Chris Wallace on @FoxNewsSunday this morning to discuss @POTUS Trump's agenda to deliver for the Ameri‚Ä¶ https://t.co/9FRENydReM","http://web.archive.org/*/https://twitter.com/Reince45/status/845993386951786498"
"#ICYMI: My message on celebrating the 196th Anniversary of Greek Independence...
https://t.co/0GJBIRRIFR","http://web.archive.org/*/http://twitter.com/Reince45/status/846046663345160192"
"#ICYMI: My message on celebrating the 196th Anniversary of Greek Independence...
https://t.co/0GJBIRRIFR","http://web.archive.org/*/https://twitter.com/Reince45/status/846046663345160192"
"RT @StateDept: U.S. condemns detention of 100s of peaceful protesters in #Russia today. Detaining peaceful protesters is an affront to demo‚Ä¶","http://web.archive.org/*/http://twitter.com/Reince45/status/846183930978013185"
"RT @StateDept: U.S. condemns detention of 100s of peaceful protesters in #Russia today. Detaining peaceful protesters is an affront to demo‚Ä¶","http://web.archive.org/*/https://twitter.com/Reince45/status/846183930978013185"
"Today, @POTUS took additional steps to get Washington out of the way: 4 bills &amp; 1 executive order reversing onerous Obama Admin regulations.","http://web.archive.org/*/http://twitter.com/Reince45/status/846492803089739776"
"Today, @POTUS took additional steps to get Washington out of the way: 4 bills &amp; 1 executive order reversing onerous Obama Admin regulations.","http://web.archive.org/*/https://twitter.com/Reince45/status/846492803089739776"
"RT @realDonaldTrump: It was an honor to welcome @GLFOP to the @WhiteHouse today with @VP Pence &amp; Attorney General Sessions. THANK YOU for a‚Ä¶","http://web.archive.org/*/http://twitter.com/Reince45/status/846845986446233600"
"RT @realDonaldTrump: It was an honor to welcome @GLFOP to the @WhiteHouse today with @VP Pence &amp; Attorney General Sessions. THANK YOU for a‚Ä¶","http://web.archive.org/*/https://twitter.com/Reince45/status/846845986446233600"
"RT @POTUS: My action today is the latest in a series of steps to create American jobs and to grow American wealth! #MAGA ‚û°Ô∏èhttps://t.co/TEJ‚Ä¶","http://web.archive.org/*/http://twitter.com/Reince45/status/846916331920392192"
"RT @POTUS: My action today is the latest in a series of steps to create American jobs and to grow American wealth! #MAGA ‚û°Ô∏èhttps://t.co/TEJ‚Ä¶","http://web.archive.org/*/https://twitter.com/Reince45/status/846916331920392192"
".@POTUS will work every day to make sure our economy is a place where women can work and succeed like never before.‚Ä¶ https://t.co/vV2glOsx2e","http://web.archive.org/*/http://twitter.com/Reince45/status/847205434033364993"
".@POTUS will work every day to make sure our economy is a place where women can work and succeed like never before.‚Ä¶ https://t.co/vV2glOsx2e","http://web.archive.org/*/https://twitter.com/Reince45/status/847205434033364993"
"American manufacturers are feeling optimistic &amp; there's confidence in the economy again thanks to @POTUS pro-growth‚Ä¶ https://t.co/JdAA9WdTsi","http://web.archive.org/*/http://twitter.com/Reince45/status/847866087475736580"
"American manufacturers are feeling optimistic &amp; there's confidence in the economy again thanks to @POTUS pro-growth‚Ä¶ https://t.co/JdAA9WdTsi","http://web.archive.org/*/https://twitter.com/Reince45/status/847866087475736580"
"Big week at @WhiteHouse
-5 pieces of legislation signed
-Energy Independence EO
-Women's Empowerment Panel
-Hosted Opioid Abuse Panel
(1/2)","http://web.archive.org/*/http://twitter.com/Reince45/status/847938663577268225"
"Big week at @WhiteHouse
-5 pieces of legislation signed
-Energy Independence EO
-Women's Empowerment Panel
-Hosted Opioid Abuse Panel
(1/2)","http://web.archive.org/*/https://twitter.com/Reince45/status/847938663577268225"
"-Hosted Denmark PM
-Signed 2 pro-US worker EOs on trade
-Announced manufacturer optimism at 20 year high
-Est. WH Office of Innovation
(2/2)","http://web.archive.org/*/http://twitter.com/Reince45/status/847938939134541824"
"-Hosted Denmark PM
-Signed 2 pro-US worker EOs on trade
-Announced manufacturer optimism at 20 year high
-Est. WH Office of Innovation
(2/2)","http://web.archive.org/*/https://twitter.com/Reince45/status/847938939134541824"
"RT @realDonaldTrump: Melania and I are honored to light up the @WhiteHouse this evening, for 
#WorldAutismAwarenessDay. Join us &amp; #LIUB. ht‚Ä¶","http://web.archive.org/*/http://twitter.com/Reince45/status/848701739381534721"
"RT @realDonaldTrump: Melania and I are honored to light up the @WhiteHouse this evening, for 
#WorldAutismAwarenessDay. Join us &amp; #LIUB. ht‚Ä¶","http://web.archive.org/*/https://twitter.com/Reince45/status/848701739381534721"
"RT @POTUS: It was an honor to welcome President Al Sisi of Egypt to the @WhiteHouse as we renew the historic partnership between the U.S. a‚Ä¶","http://web.archive.org/*/http://twitter.com/Reince45/status/849042042093268992"
"RT @POTUS: It was an honor to welcome President Al Sisi of Egypt to the @WhiteHouse as we renew the historic partnership between the U.S. a‚Ä¶","http://web.archive.org/*/https://twitter.com/Reince45/status/849042042093268992"
"Beautiful day for @POTUS 1st Rose Garden press conf w/ our friend @KingAbdullahII. It was an honor to host great US‚Ä¶ https://t.co/W4Ksv3hrTs","http://web.archive.org/*/http://twitter.com/Reince45/status/849713582451433474"
"Beautiful day for @POTUS 1st Rose Garden press conf w/ our friend @KingAbdullahII. It was an honor to host great US‚Ä¶ https://t.co/W4Ksv3hrTs","http://web.archive.org/*/https://twitter.com/Reince45/status/849713582451433474"
"Congratulations to Neil Gorsuch on becoming the newest Associate Justice of #SCOTUS - an excellent addition to our‚Ä¶ https://t.co/oUBG8NGbIN","http://web.archive.org/*/http://twitter.com/Reince45/status/850417364718018560"
"Congratulations to Neil Gorsuch on becoming the newest Associate Justice of #SCOTUS - an excellent addition to our‚Ä¶ https://t.co/oUBG8NGbIN","http://web.archive.org/*/https://twitter.com/Reince45/status/850417364718018560"
"#ICYMI @POTUS Trump Weekly Address following another productive &amp; busy week at the @WhiteHouse. https://t.co/K18JCpr63B","http://web.archive.org/*/http://twitter.com/Reince45/status/850749887239028737"
"#ICYMI @POTUS Trump Weekly Address following another productive &amp; busy week at the @WhiteHouse. https://t.co/K18JCpr63B","http://web.archive.org/*/https://twitter.com/Reince45/status/850749887239028737"
"RT @realDonaldTrump: Thank you @USNavy! #USA https://t.co/oD7L8vPgjq","http://web.archive.org/*/http://twitter.com/Reince45/status/851266067393425408"
"RT @realDonaldTrump: Thank you @USNavy! #USA https://t.co/oD7L8vPgjq","http://web.archive.org/*/https://twitter.com/Reince45/status/851266067393425408"
"Congratulations to Associate Justice Gorsuch. Yet another major promise kept by @POTUS as this exceptional man is s‚Ä¶ https://t.co/OwN5tznIoq","http://web.archive.org/*/http://twitter.com/Reince45/status/851483846818353157"
"Congratulations to Associate Justice Gorsuch. Yet another major promise kept by @POTUS as this exceptional man is s‚Ä¶ https://t.co/OwN5tznIoq","http://web.archive.org/*/https://twitter.com/Reince45/status/851483846818353157"
".@POTUS hosted NATO chief @jensstoltenberg earlier today. Great meeting on ways we can achieve safety, security, an‚Ä¶ https://t.co/KAQF6EJzIN","http://web.archive.org/*/http://twitter.com/Reince45/status/852324787351416832"
".@POTUS hosted NATO chief @jensstoltenberg earlier today. Great meeting on ways we can achieve safety, security, an‚Ä¶ https://t.co/KAQF6EJzIN","http://web.archive.org/*/https://twitter.com/Reince45/status/852324787351416832"
"Be sure to check out @POTUS Weekly Address as we cap off another productive week at the @WhiteHouse. https://t.co/jGpQXMOEPj","http://web.archive.org/*/http://twitter.com/Reince45/status/852918811703554048"
"Be sure to check out @POTUS Weekly Address as we cap off another productive week at the @WhiteHouse. https://t.co/jGpQXMOEPj","http://web.archive.org/*/https://twitter.com/Reince45/status/852918811703554048"
"Another successful week:
‚úîÔ∏èJustice Gorsuch sworn in
‚úîÔ∏èRecognized ATL 1st responders
‚úîÔ∏èReaffirmed commitment to NATO alliance
‚úîÔ∏è2 laws signed","http://web.archive.org/*/http://twitter.com/Reince45/status/852927855730327552"
"Another successful week:
‚úîÔ∏èJustice Gorsuch sworn in
‚úîÔ∏èRecognized ATL 1st responders
‚úîÔ∏èReaffirmed commitment to NATO alliance
‚úîÔ∏è2 laws signed","http://web.archive.org/*/https://twitter.com/Reince45/status/852927855730327552"
"RT @WhiteHouse: LIVE coverage from the South Lawn at the #EasterEggRoll: https://t.co/Q6DgXsmV4T https://t.co/EeKzzto6LC","http://web.archive.org/*/http://twitter.com/Reince45/status/853955825651593216"
"RT @WhiteHouse: LIVE coverage from the South Lawn at the #EasterEggRoll: https://t.co/Q6DgXsmV4T https://t.co/EeKzzto6LC","http://web.archive.org/*/https://twitter.com/Reince45/status/853955825651593216"
"Honored to join @POTUS in my hometown of Kenosha, WI as he continues to keep promises &amp; put American workers first.‚Ä¶ https://t.co/1B5CyHCGmr","http://web.archive.org/*/http://twitter.com/Reince45/status/854490969831616512"
"Honored to join @POTUS in my hometown of Kenosha, WI as he continues to keep promises &amp; put American workers first.‚Ä¶ https://t.co/1B5CyHCGmr","http://web.archive.org/*/https://twitter.com/Reince45/status/854490969831616512"
".@POTUS: ""In America, we honor work. We honor grit. We honor craftsmanship.""
Special thanks to @Snapon_Tools. https://t.co/IAryAGd5oh","http://web.archive.org/*/http://twitter.com/Reince45/status/854782767107854337"
".@POTUS: ""In America, we honor work. We honor grit. We honor craftsmanship.""
Special thanks to @Snapon_Tools. https://t.co/IAryAGd5oh","http://web.archive.org/*/https://twitter.com/Reince45/status/854782767107854337"
"It was wonderful welcoming Italy's PM @PaoloGentiloni to @WhiteHouse today for an engaging bilateral meeting &amp; pres‚Ä¶ https://t.co/2PUAxpzSjD","http://web.archive.org/*/http://twitter.com/Reince45/status/855180758121672705"
"It was wonderful welcoming Italy's PM @PaoloGentiloni to @WhiteHouse today for an engaging bilateral meeting &amp; pres‚Ä¶ https://t.co/2PUAxpzSjD","http://web.archive.org/*/https://twitter.com/Reince45/status/855180758121672705"
"Week 13...
‚úîÔ∏è5 presidential actions
‚úîÔ∏è #BuyAmericanHireAmerican EO
‚úîÔ∏èLegislation to help improve vets access to healthcare
‚úîÔ∏èHosted Italy PM","http://web.archive.org/*/http://twitter.com/Reince45/status/855569791410724865"
"Week 13...
‚úîÔ∏è5 presidential actions
‚úîÔ∏è #BuyAmericanHireAmerican EO
‚úîÔ∏èLegislation to help improve vets access to healthcare
‚úîÔ∏èHosted Italy PM","http://web.archive.org/*/https://twitter.com/Reince45/status/855569791410724865"
"Started Sunday off on @MeetThePress with @chucktodd to talk about @POTUS Trump's remarkable progress for the Americ‚Ä¶ https://t.co/NzZPGQ3lPp","http://web.archive.org/*/http://twitter.com/Reince45/status/856150649003757568"
"Started Sunday off on @MeetThePress with @chucktodd to talk about @POTUS Trump's remarkable progress for the Americ‚Ä¶ https://t.co/NzZPGQ3lPp","http://web.archive.org/*/https://twitter.com/Reince45/status/856150649003757568"
"RT @WhiteHouse: In his first #100Days, @POTUS has renewed prosperity, safety and security, and government accountability. See more: https:/‚Ä¶","http://web.archive.org/*/http://twitter.com/Reince45/status/856964695357624323"
"RT @WhiteHouse: In his first #100Days, @POTUS has renewed prosperity, safety and security, and government accountability. See more: https:/‚Ä¶","http://web.archive.org/*/https://twitter.com/Reince45/status/856964695357624323"
"""Today we mourn. We remember. We pray. And we pledge: Never again.""   -@POTUS  #DaysofRemembrance https://t.co/89w0Ecu0tG","http://web.archive.org/*/http://twitter.com/Reince45/status/857031178645385216"
"""Today we mourn. We remember. We pray. And we pledge: Never again.""   -@POTUS  #DaysofRemembrance https://t.co/89w0Ecu0tG","http://web.archive.org/*/https://twitter.com/Reince45/status/857031178645385216"
"RT @WhiteHouse: During his first #100Days, @POTUS is making government accountable to the people: https://t.co/UamYZsu4gF https://t.co/lGkc‚Ä¶","http://web.archive.org/*/http://twitter.com/Reince45/status/857746715813842946"
"RT @WhiteHouse: During his first #100Days, @POTUS is making government accountable to the people: https://t.co/UamYZsu4gF https://t.co/lGkc‚Ä¶","http://web.archive.org/*/https://twitter.com/Reince45/status/857746715813842946"
"""The eight-year assault on your Second Amendment freedoms has come to a crashing end."" -@POTUS
Greet speech today at @NRA Leadership Forum.","http://web.archive.org/*/http://twitter.com/Reince45/status/858096542372253700"
"""The eight-year assault on your Second Amendment freedoms has come to a crashing end."" -@POTUS
Greet speech today at @NRA Leadership Forum.","http://web.archive.org/*/https://twitter.com/Reince45/status/858096542372253700"
"In #100days @POTUS has fulfilled promises and been an unwavering advocate for prosperity &amp; safety for all Americans.
https://t.co/r1BzXLmvES","http://web.archive.org/*/http://twitter.com/Reince45/status/858398713793916933"
"In #100days @POTUS has fulfilled promises and been an unwavering advocate for prosperity &amp; safety for all Americans.
https://t.co/r1BzXLmvES","http://web.archive.org/*/https://twitter.com/Reince45/status/858398713793916933"
"Enjoyed a great visit to The Ames Companies with @POTUS &amp; @VP today. This @WhiteHouse will never stop fighting for‚Ä¶ https://t.co/l7nk8kO5Vy","http://web.archive.org/*/http://twitter.com/Reince45/status/858467232027901953"
"Enjoyed a great visit to The Ames Companies with @POTUS &amp; @VP today. This @WhiteHouse will never stop fighting for‚Ä¶ https://t.co/l7nk8kO5Vy","http://web.archive.org/*/https://twitter.com/Reince45/status/858467232027901953"
"Excited to be joining @jonkarl on @ThisWeekABC this morning to talk about @POTUS Trump's first #100days.","http://web.archive.org/*/http://twitter.com/Reince45/status/858665618303840256"
"Excited to be joining @jonkarl on @ThisWeekABC this morning to talk about @POTUS Trump's first #100days.","http://web.archive.org/*/https://twitter.com/Reince45/status/858665618303840256"
"Nice to stop by @ThisWeekABC to discuss the many successes of @POTUS Trump's Admin so far. We are only just getting‚Ä¶ https://t.co/q7iiCiV71V","http://web.archive.org/*/http://twitter.com/Reince45/status/858697803060662272"
"Nice to stop by @ThisWeekABC to discuss the many successes of @POTUS Trump's Admin so far. We are only just getting‚Ä¶ https://t.co/q7iiCiV71V","http://web.archive.org/*/https://twitter.com/Reince45/status/858697803060662272"
".@POTUS held true to his priorities &amp; brought lawmakers together to deliver a major victory for the American people in this new budget bill.","http://web.archive.org/*/http://twitter.com/Reince45/status/859496574296227842"
".@POTUS held true to his priorities &amp; brought lawmakers together to deliver a major victory for the American people in this new budget bill.","http://web.archive.org/*/https://twitter.com/Reince45/status/859496574296227842"
"$21B defense spending increase a big step to rebuild military readiness. Done w/o mandating equal increase in non-defense spending. Big win.","http://web.archive.org/*/http://twitter.com/Reince45/status/859498411174899713"
"$21B defense spending increase a big step to rebuild military readiness. Done w/o mandating equal increase in non-defense spending. Big win.","http://web.archive.org/*/https://twitter.com/Reince45/status/859498411174899713"
"The safety of our country is of paramount importance to @POTUS. This bill also achieves the largest increase in border security in 10 yrs.","http://web.archive.org/*/http://twitter.com/Reince45/status/859499908268793858"
"The safety of our country is of paramount importance to @POTUS. This bill also achieves the largest increase in border security in 10 yrs.","http://web.archive.org/*/https://twitter.com/Reince45/status/859499908268793858"
"Let us take time today on #nationaldayofprayer to remember that we are all salt and light in the world, and to thank God for His blessings.","http://web.archive.org/*/http://twitter.com/Reince45/status/860107457850466304"
"Let us take time today on #nationaldayofprayer to remember that we are all salt and light in the world, and to thank God for His blessings.","http://web.archive.org/*/https://twitter.com/Reince45/status/860107457850466304"
"RT @VP: Every President has issued a proclamation in honor of this day - but not every President has done so at the @WhiteHouse #nationalda‚Ä¶","http://web.archive.org/*/http://twitter.com/Reince45/status/860164504310730753"
"RT @VP: Every President has issued a proclamation in honor of this day - but not every President has done so at the @WhiteHouse #nationalda‚Ä¶","http://web.archive.org/*/https://twitter.com/Reince45/status/860164504310730753"
"Today's healthcare vote is a big win for Americans. #Obamacare is collapsing. #AHCA will bring down costs &amp; expand access. Onto the Senate!","http://web.archive.org/*/http://twitter.com/Reince45/status/860199218719404033"
"Today's healthcare vote is a big win for Americans. #Obamacare is collapsing. #AHCA will bring down costs &amp; expand access. Onto the Senate!","http://web.archive.org/*/https://twitter.com/Reince45/status/860199218719404033"
"Great conversation with Hispanic leaders from across the country today on ways we can work together to strengthen o‚Ä¶ https://t.co/3KBEXLKR6c","http://web.archive.org/*/http://twitter.com/Reince45/status/860616796415692800"
"Great conversation with Hispanic leaders from across the country today on ways we can work together to strengthen o‚Ä¶ https://t.co/3KBEXLKR6c","http://web.archive.org/*/https://twitter.com/Reince45/status/860616796415692800"
".@POTUS Trump is fully committed to restoring prosperity to every corner of this country. This is great news for th‚Ä¶ https://t.co/GKmaPSkovH","http://web.archive.org/*/http://twitter.com/Reince45/status/860623122021613568"
".@POTUS Trump is fully committed to restoring prosperity to every corner of this country. This is great news for th‚Ä¶ https://t.co/GKmaPSkovH","http://web.archive.org/*/https://twitter.com/Reince45/status/860623122021613568"
"Joining Chris Wallace on @FoxNewsSunday this morning following another busy and successful week at the @WhiteHouse.","http://web.archive.org/*/http://twitter.com/Reince45/status/861202661881806849"
"Joining Chris Wallace on @FoxNewsSunday this morning following another busy and successful week at the @WhiteHouse.","http://web.archive.org/*/https://twitter.com/Reince45/status/861202661881806849"
"Talked #AHCA, new budget bill, and further advancing @POTUS Trump's agenda this morning on @FoxNewsSunday. https://t.co/cZepV3Gp6Z","http://web.archive.org/*/http://twitter.com/Reince45/status/861228916597559296"
"Talked #AHCA, new budget bill, and further advancing @POTUS Trump's agenda this morning on @FoxNewsSunday. https://t.co/cZepV3Gp6Z","http://web.archive.org/*/https://twitter.com/Reince45/status/861228916597559296"
"RT @VP: The American people are grateful for those who serve in uniform and just as grateful for the families who stand by their side. http‚Ä¶","http://web.archive.org/*/http://twitter.com/Reince45/status/862297704386449410"
"RT @VP: The American people are grateful for those who serve in uniform and just as grateful for the families who stand by their side. http‚Ä¶","http://web.archive.org/*/https://twitter.com/Reince45/status/862297704386449410"
"Today @POTUS made good on promise to bolster US cybersecurity. Signed EO to secure federal networks, modernize govt‚Ä¶ https://t.co/vq2ksGtDzn","http://web.archive.org/*/http://twitter.com/Reince45/status/862829834317201408"
"Today @POTUS made good on promise to bolster US cybersecurity. Signed EO to secure federal networks, modernize govt‚Ä¶ https://t.co/vq2ksGtDzn","http://web.archive.org/*/https://twitter.com/Reince45/status/862829834317201408"
"RT @realDonaldTrump: Today, @FLOTUS hosted a Military Mother's Day Event in the East Room of the WH. It was an honor to stop by, say hello,‚Ä¶","http://web.archive.org/*/http://twitter.com/Reince45/status/863169820837240832"
"RT @realDonaldTrump: Today, @FLOTUS hosted a Military Mother's Day Event in the East Room of the WH. It was an honor to stop by, say hello,‚Ä¶","http://web.archive.org/*/https://twitter.com/Reince45/status/863169820837240832"
"RT @realDonaldTrump: Wishing @FLOTUS Melania and all of the great mothers out there a wonderful day ahead with family and friends! 

Happy‚Ä¶","http://web.archive.org/*/http://twitter.com/Reince45/status/863820401327177728"
"RT @realDonaldTrump: Wishing @FLOTUS Melania and all of the great mothers out there a wonderful day ahead with family and friends! 

Happy‚Ä¶","http://web.archive.org/*/https://twitter.com/Reince45/status/863820401327177728"
"With Robert Lighthizer sworn in as @USTradeRep, @POTUS has full @Cabinet in place. He has chosen an outstanding gro‚Ä¶ https://t.co/pvYK5WM5ax","http://web.archive.org/*/http://twitter.com/Reince45/status/864289429841752065"
"With Robert Lighthizer sworn in as @USTradeRep, @POTUS has full @Cabinet in place. He has chosen an outstanding gro‚Ä¶ https://t.co/pvYK5WM5ax","http://web.archive.org/*/https://twitter.com/Reince45/status/864289429841752065"
"The @WhiteHouse is lit blue tonight as @POTUS &amp; @FLOTUS honor #PeaceOfficersMemorialDay &amp; #PoliceWeek. Thank you fo‚Ä¶ https://t.co/Bh55vRQzkO","http://web.archive.org/*/http://twitter.com/Reince45/status/864299219670237184"
"The @WhiteHouse is lit blue tonight as @POTUS &amp; @FLOTUS honor #PeaceOfficersMemorialDay &amp; #PoliceWeek. Thank you fo‚Ä¶ https://t.co/Bh55vRQzkO","http://web.archive.org/*/https://twitter.com/Reince45/status/864299219670237184"
"In response to abuses by Maduro gov't, Trump Admin sanctions Venezuelan Supreme Court Justices. 
https://t.co/fjDu4EsvRY via @USTreasury","http://web.archive.org/*/http://twitter.com/Reince45/status/865342894055600132"
"In response to abuses by Maduro gov't, Trump Admin sanctions Venezuelan Supreme Court Justices. 
https://t.co/fjDu4EsvRY via @USTreasury","http://web.archive.org/*/https://twitter.com/Reince45/status/865342894055600132"
"Colombia is one of our strongest allies. Great meeting w/ @POTUS &amp; @JuanManSantos discussing trade, drug trafficking &amp; crisis in Venezuela.","http://web.archive.org/*/http://twitter.com/Reince45/status/865346412657160192"
"Colombia is one of our strongest allies. Great meeting w/ @POTUS &amp; @JuanManSantos discussing trade, drug trafficking &amp; crisis in Venezuela.","http://web.archive.org/*/https://twitter.com/Reince45/status/865346412657160192"
"Today, @POTUS leaves for 1st foreign trip of his presidency. He will work to foster peace, enhance security and protect US interests abroad.","http://web.archive.org/*/http://twitter.com/Reince45/status/865584207120261120"
"Today, @POTUS leaves for 1st foreign trip of his presidency. He will work to foster peace, enhance security and protect US interests abroad.","http://web.archive.org/*/https://twitter.com/Reince45/status/865584207120261120"
"RT @realDonaldTrump: Prime Minister @Netanyahu and @PresidentRuvi- on behalf of @FLOTUS Melania and myself, thank you for the invitation‚Ä¶ ","http://web.archive.org/*/http://twitter.com/Reince45/status/866765591574712322"
"RT @realDonaldTrump: Prime Minister @Netanyahu and @PresidentRuvi- on behalf of @FLOTUS Melania and myself, thank you for the invitation‚Ä¶ ","http://web.archive.org/*/https://twitter.com/Reince45/status/866765591574712322"
"RT @realDonaldTrump: Prime Minister @Netanyahu and @PresidentRuvi- on behalf of @FLOTUS Melania and myself, thank you for the invitation‚Ä¶ ","http://web.archive.org/*/https://twitter.com/Reince45/status/866765591574712322"
".@POTUS budget respects taxpayers by forcing DC to live w/ in its means. Rebuilds our military &amp; jumpstarts growth.‚Ä¶ https://t.co/6ek4WlvJhi","http://web.archive.org/*/http://twitter.com/Reince45/status/867151891960135680"
".@POTUS budget respects taxpayers by forcing DC to live w/ in its means. Rebuilds our military &amp; jumpstarts growth.‚Ä¶ https://t.co/6ek4WlvJhi","http://web.archive.org/*/https://twitter.com/Reince45/status/867151891960135680"
".@POTUS budget respects taxpayers by forcing DC to live w/ in its means. Rebuilds our military &amp; jumpstarts growth.‚Ä¶ https://t.co/6ek4WlvJhi","http://web.archive.org/*/http://twitter.com/Reince45/status/867151891960135680"
".@POTUS budget respects taxpayers by forcing DC to live w/ in its means. Rebuilds our military &amp; jumpstarts growth.‚Ä¶ https://t.co/6ek4WlvJhi","http://web.archive.org/*/https://twitter.com/Reince45/status/867151891960135680"
"RT @FLOTUS: Today's visit with His Holiness Pope Francis @Pontifex is one I'll never forget. I was humbled by the honor. Blessi‚Ä¶ ","http://web.archive.org/*/http://twitter.com/Reince45/status/867504832436981761"
"RT @FLOTUS: Today's visit with His Holiness Pope Francis @Pontifex is one I'll never forget. I was humbled by the honor. Blessi‚Ä¶ ","http://web.archive.org/*/http://twitter.com/Reince45/status/867504832436981761"
"RT @FLOTUS: Today's visit with His Holiness Pope Francis @Pontifex is one I'll never forget. I was humbled by the honor. Blessi‚Ä¶ ","http://web.archive.org/*/https://twitter.com/Reince45/status/867504832436981761"
"RT @FLOTUS: Today's visit with His Holiness Pope Francis @Pontifex is one I'll never forget. I was humbled by the honor. Blessi‚Ä¶ ","http://web.archive.org/*/https://twitter.com/Reince45/status/867504832436981761"
".@POTUS making history on this trip as he unites leaders of many nations &amp; faiths in the fight against terrorism. Great @NATO speech today.","http://web.archive.org/*/http://twitter.com/Reince45/status/867844573686624261"
".@POTUS making history on this trip as he unites leaders of many nations &amp; faiths in the fight against terrorism. Great @NATO speech today.","http://web.archive.org/*/http://twitter.com/Reince45/status/867844573686624261"
".@POTUS making history on this trip as he unites leaders of many nations &amp; faiths in the fight against terrorism. Great @NATO speech today.","http://web.archive.org/*/https://twitter.com/Reince45/status/867844573686624261"
".@POTUS making history on this trip as he unites leaders of many nations &amp; faiths in the fight against terrorism. Great @NATO speech today.","http://web.archive.org/*/https://twitter.com/Reince45/status/867844573686624261"
".@POTUS continues to get things done on 1st foreign trip as @NATO leaders committed today to pay their fair share for defense &amp; fight ISIS.","http://web.archive.org/*/http://twitter.com/Reince45/status/867847559099928576"
".@POTUS continues to get things done on 1st foreign trip as @NATO leaders committed today to pay their fair share for defense &amp; fight ISIS.","http://web.archive.org/*/http://twitter.com/Reince45/status/867847559099928576"
".@POTUS continues to get things done on 1st foreign trip as @NATO leaders committed today to pay their fair share for defense &amp; fight ISIS.","http://web.archive.org/*/https://twitter.com/Reince45/status/867847559099928576"
".@POTUS continues to get things done on 1st foreign trip as @NATO leaders committed today to pay their fair share for defense &amp; fight ISIS.","http://web.archive.org/*/https://twitter.com/Reince45/status/867847559099928576"
"This morning, @POTUS will visit @ArlingtonNatl to pay respects to the brave men &amp; women who gave their lives for our freedoms. #MemorialDay","http://web.archive.org/*/http://twitter.com/Reince45/status/869197927016800258"
"This morning, @POTUS will visit @ArlingtonNatl to pay respects to the brave men &amp; women who gave their lives for our freedoms. #MemorialDay","http://web.archive.org/*/https://twitter.com/Reince45/status/869197927016800258"
"This morning, @POTUS will visit @ArlingtonNatl to pay respects to the brave men &amp; women who gave their lives for our freedoms. #MemorialDay","http://web.archive.org/*/http://twitter.com/Reince45/status/869197927016800258"
"This morning, @POTUS will visit @ArlingtonNatl to pay respects to the brave men &amp; women who gave their lives for our freedoms. #MemorialDay","http://web.archive.org/*/https://twitter.com/Reince45/status/869197927016800258"
"RT @realDonaldTrump: We traveled the world to strengthen long-standing alliances, and to form new partnerships. See more at:‚Ä¶ ","http://web.archive.org/*/http://twitter.com/Reince45/status/870013692322205697"
"RT @realDonaldTrump: We traveled the world to strengthen long-standing alliances, and to form new partnerships. See more at:‚Ä¶ ","http://web.archive.org/*/https://twitter.com/Reince45/status/870013692322205697"
"RT @realDonaldTrump: We traveled the world to strengthen long-standing alliances, and to form new partnerships. See more at:‚Ä¶ ","http://web.archive.org/*/http://twitter.com/Reince45/status/870013692322205697"
"RT @realDonaldTrump: We traveled the world to strengthen long-standing alliances, and to form new partnerships. See more at:‚Ä¶ ","http://web.archive.org/*/https://twitter.com/Reince45/status/870013692322205697"
"Promise kept. @POTUS exits flawed #ParisAccord to seek better deal for U.S. workers &amp; economy. This WH will always put #AmericaFirst.","http://web.archive.org/*/http://twitter.com/Reince45/status/870378637899558913"
"Promise kept. @POTUS exits flawed #ParisAccord to seek better deal for U.S. workers &amp; economy. This WH will always put #AmericaFirst.","http://web.archive.org/*/https://twitter.com/Reince45/status/870378637899558913"
"Promise kept. @POTUS exits flawed #ParisAccord to seek better deal for U.S. workers &amp; economy. This WH will always put #AmericaFirst.","http://web.archive.org/*/http://twitter.com/Reince45/status/870378637899558913"
"Promise kept. @POTUS exits flawed #ParisAccord to seek better deal for U.S. workers &amp; economy. This WH will always put #AmericaFirst.","http://web.archive.org/*/https://twitter.com/Reince45/status/870378637899558913"
"RT @VP: Our thoughts &amp; prayers are w/ the victims, courageous first responders &amp; all the people of London. As President Trump said: WE ARE‚Ä¶","http://web.archive.org/*/http://twitter.com/Reince45/status/871410531147632640"
"RT @VP: Our thoughts &amp; prayers are w/ the victims, courageous first responders &amp; all the people of London. As President Trump said: WE ARE‚Ä¶","http://web.archive.org/*/https://twitter.com/Reince45/status/871410531147632640"
"RT @VP: Our thoughts &amp; prayers are w/ the victims, courageous first responders &amp; all the people of London. As President Trump said: WE ARE‚Ä¶","http://web.archive.org/*/http://twitter.com/Reince45/status/871410531147632640"
"RT @VP: Our thoughts &amp; prayers are w/ the victims, courageous first responders &amp; all the people of London. As President Trump said: WE ARE‚Ä¶","http://web.archive.org/*/https://twitter.com/Reince45/status/871410531147632640"
"Thanks to @POTUS &amp; @SecShulkin for working to modernize these systems &amp; ensuring Vets receive access to care they n‚Ä¶ https://t.co/8wjyzmKd58","http://web.archive.org/*/http://twitter.com/Reince45/status/871885768150712320"
"Thanks to @POTUS &amp; @SecShulkin for working to modernize these systems &amp; ensuring Vets receive access to care they n‚Ä¶ https://t.co/8wjyzmKd58","http://web.archive.org/*/https://twitter.com/Reince45/status/871885768150712320"
"RT @POTUS: Today we remember the courage and bravery of our troops that stormed the beaches of Normandy 73 years ago. #DDay https://t.co/7c‚Ä¶","http://web.archive.org/*/http://twitter.com/Reince45/status/872149445953163264"
"RT @POTUS: Today we remember the courage and bravery of our troops that stormed the beaches of Normandy 73 years ago. #DDay https://t.co/7c‚Ä¶","http://web.archive.org/*/https://twitter.com/Reince45/status/872149445953163264"
"Got to visit with our new class of @WhiteHouse interns yesterday. I'm excited to welcome such a talented group of y‚Ä¶ https://t.co/rMbfZvllvW","http://web.archive.org/*/http://twitter.com/Reince45/status/872193296860368897"
"Got to visit with our new class of @WhiteHouse interns yesterday. I'm excited to welcome such a talented group of y‚Ä¶ https://t.co/rMbfZvllvW","http://web.archive.org/*/https://twitter.com/Reince45/status/872193296860368897"
"Extremely productive @Cabinet meeting today. With this exceptional team, @POTUS will deliver results for the Americ‚Ä¶ https://t.co/0A1xjZsTrt","http://web.archive.org/*/http://twitter.com/Reince45/status/874424631163322369"
"Extremely productive @Cabinet meeting today. With this exceptional team, @POTUS will deliver results for the Americ‚Ä¶ https://t.co/0A1xjZsTrt","http://web.archive.org/*/https://twitter.com/Reince45/status/874424631163322369"
"Excited to travel to WI with @POTUS as he creates opportunity for the American worker through technical education &amp;‚Ä¶ https://t.co/v8HYeVY958","http://web.archive.org/*/http://twitter.com/Reince45/status/874691979229229056"
"Excited to travel to WI with @POTUS as he creates opportunity for the American worker through technical education &amp;‚Ä¶ https://t.co/v8HYeVY958","http://web.archive.org/*/https://twitter.com/Reince45/status/874691979229229056"
"RT @POTUS: In Miami, @VP @StateDept @DHSgov have represented U.S. well, working with leaders to spur hemispheric security &amp; prosperity. #Ce‚Ä¶","http://web.archive.org/*/http://twitter.com/Reince45/status/875785119491125248"
"RT @POTUS: In Miami, @VP @StateDept @DHSgov have represented U.S. well, working with leaders to spur hemispheric security &amp; prosperity. #Ce‚Ä¶","http://web.archive.org/*/https://twitter.com/Reince45/status/875785119491125248"
"RT @WhiteHouse: Happy Father's Day! https://t.co/32tFoVa4Ov","http://web.archive.org/*/http://twitter.com/Reince45/status/876558888732065793"
"RT @WhiteHouse: Happy Father's Day! https://t.co/32tFoVa4Ov","http://web.archive.org/*/https://twitter.com/Reince45/status/876558888732065793"
"RT @POTUS: With #Obamacare Americans are stuck with higher costs, more taxes, and fewer choices. Americans need relief now. #RepealAndRepla‚Ä¶","http://web.archive.org/*/http://twitter.com/Reince45/status/877317372918599680"
"RT @POTUS: With #Obamacare Americans are stuck with higher costs, more taxes, and fewer choices. Americans need relief now. #RepealAndRepla‚Ä¶","http://web.archive.org/*/https://twitter.com/Reince45/status/877317372918599680"
"Just today another insurer withdrew from an #Obamacare marketplace - this time in WI. #RepealAndReplace https://t.co/GB5THbHYuU","http://web.archive.org/*/http://twitter.com/Reince45/status/877579113959174144"
"Just today another insurer withdrew from an #Obamacare marketplace - this time in WI. #RepealAndReplace https://t.co/GB5THbHYuU","http://web.archive.org/*/https://twitter.com/Reince45/status/877579113959174144"
"It was a pleasure seeing so many great friends in Congress &amp; their families at @POTUS &amp; @FLOTUS 1st Congressional P‚Ä¶ https://t.co/aguj1yB4Sd","http://web.archive.org/*/http://twitter.com/Reince45/status/878057030585593856"
"It was a pleasure seeing so many great friends in Congress &amp; their families at @POTUS &amp; @FLOTUS 1st Congressional P‚Ä¶ https://t.co/aguj1yB4Sd","http://web.archive.org/*/https://twitter.com/Reince45/status/878057030585593856"
"Today @POTUS signed law that will restore accountability &amp; reduce red tape at VA hospitals
‚úîÔ∏èAnother promise kept‚Ä¶ https://t.co/KFrPdvsyR2","http://web.archive.org/*/http://twitter.com/Reince45/status/878292094548414464"
"Today @POTUS signed law that will restore accountability &amp; reduce red tape at VA hospitals
‚úîÔ∏èAnother promise kept‚Ä¶ https://t.co/KFrPdvsyR2","http://web.archive.org/*/https://twitter.com/Reince45/status/878292094548414464"
"It was my honor to thank the outstanding men &amp; women of our @WhiteHouse Military Office for their unwavering dedica‚Ä¶ https://t.co/GbOl3AMY0y","http://web.archive.org/*/http://twitter.com/Reince45/status/879375081578913792"
"It was my honor to thank the outstanding men &amp; women of our @WhiteHouse Military Office for their unwavering dedica‚Ä¶ https://t.co/GbOl3AMY0y","http://web.archive.org/*/https://twitter.com/Reince45/status/879375081578913792"
"RT @realDonaldTrump: Statement on House Passage of Kate‚Äôs Law and No Sanctuary for Criminals Act. https://t.co/uPRy9XgK5A","http://web.archive.org/*/http://twitter.com/Reince45/status/880560476043792385"
"RT @realDonaldTrump: Statement on House Passage of Kate‚Äôs Law and No Sanctuary for Criminals Act. https://t.co/uPRy9XgK5A","http://web.archive.org/*/https://twitter.com/Reince45/status/880560476043792385"
"RT @WhiteHouse: Happy Fourth of July! https://t.co/T3MuJrDGUj","http://web.archive.org/*/http://twitter.com/Reince45/status/882243518521126912"
"RT @WhiteHouse: Happy Fourth of July! https://t.co/T3MuJrDGUj","http://web.archive.org/*/https://twitter.com/Reince45/status/882243518521126912"
"On 2nd foreign trip @POTUS will continue to prioritize the safety &amp; prosperity of Americans while bolstering ties w/ US allies like Poland.","http://web.archive.org/*/http://twitter.com/Reince45/status/882723500221485056"
"On 2nd foreign trip @POTUS will continue to prioritize the safety &amp; prosperity of Americans while bolstering ties w/ US allies like Poland.","http://web.archive.org/*/https://twitter.com/Reince45/status/882723500221485056"
"Powerful speech by @POTUS in front of an amazing crowd at Krasinski Square in Warsaw. The United States stands with‚Ä¶ https://t.co/V6ceGJkv7R","http://web.archive.org/*/http://twitter.com/Reince45/status/882980244763947008"
"Powerful speech by @POTUS in front of an amazing crowd at Krasinski Square in Warsaw. The United States stands with‚Ä¶ https://t.co/V6ceGJkv7R","http://web.archive.org/*/https://twitter.com/Reince45/status/882980244763947008"
"RT @realDonaldTrump: The #G20Summit was a wonderful success and carried out beautifully by Chancellor Angela Merkel. Thank you!","http://web.archive.org/*/http://twitter.com/Reince45/status/883753120504958980"
"RT @realDonaldTrump: The #G20Summit was a wonderful success and carried out beautifully by Chancellor Angela Merkel. Thank you!","http://web.archive.org/*/http://twitter.com/Reince45/status/883753120504958980"
"RT @realDonaldTrump: The #G20Summit was a wonderful success and carried out beautifully by Chancellor Angela Merkel. Thank you!","http://web.archive.org/*/https://twitter.com/Reince45/status/883753120504958980"
"RT @realDonaldTrump: The #G20Summit was a wonderful success and carried out beautifully by Chancellor Angela Merkel. Thank you!","http://web.archive.org/*/https://twitter.com/Reince45/status/883753120504958980"
