"It is an honor to rejoin the extraordinary people of @USDOT and begin working to rebuild America's infrastructure. https://t.co/9mPHgQd3UU","http://web.archive.org/*/http://twitter.com/SecElaineChao/status/826558662206423044"
"It is an honor to rejoin the extraordinary people of @USDOT and begin working to rebuild America's infrastructure. https://t.co/9mPHgQd3UU","http://web.archive.org/*/https://twitter.com/SecElaineChao/status/826558662206423044"
"Congratulations to @SpaceX, @NASA and  @FAANews team on the successful launch of Falcon 9 &amp; Dragon to… https://t.co/B6Ez6UPp9x","http://web.archive.org/*/http://twitter.com/SecElaineChao/status/833361318199570433"
"Congratulations to @SpaceX, @NASA and  @FAANews team on the successful launch of Falcon 9 &amp; Dragon to… https://t.co/B6Ez6UPp9x","http://web.archive.org/*/https://twitter.com/SecElaineChao/status/833361318199570433"
"Looking forward to working with @POTUS &amp; Congress to implement @RealDonaldTrump's dynamic infrastructure agenda. #JointAddress","http://web.archive.org/*/http://twitter.com/SecElaineChao/status/836768225035681792"
"Looking forward to working with @POTUS &amp; Congress to implement @RealDonaldTrump's dynamic infrastructure agenda. #JointAddress","http://web.archive.org/*/https://twitter.com/SecElaineChao/status/836768225035681792"
"The President’s infrastructure agenda will create good paying jobs for America’s working families. #JointAddress","http://web.archive.org/*/http://twitter.com/SecElaineChao/status/836773137131913217"
"The President’s infrastructure agenda will create good paying jobs for America’s working families. #JointAddress","http://web.archive.org/*/https://twitter.com/SecElaineChao/status/836773137131913217"
"Great speech. Now let’s get to work implementing @realDonaldTrump’s infrastructure agenda! #JointAddress","http://web.archive.org/*/http://twitter.com/SecElaineChao/status/836779333712809985"
"Great speech. Now let’s get to work implementing @realDonaldTrump’s infrastructure agenda! #JointAddress","http://web.archive.org/*/https://twitter.com/SecElaineChao/status/836779333712809985"
"RT @EPAScottPruitt: Secretary Chao and I are ready to travel with President Trump to Michigan today to deliver good news to American worker…","http://web.archive.org/*/http://twitter.com/SecElaineChao/status/842032234634833920"
"RT @EPAScottPruitt: Secretary Chao and I are ready to travel with President Trump to Michigan today to deliver good news to American worker…","http://web.archive.org/*/https://twitter.com/SecElaineChao/status/842032234634833920"
"Texans are 'can do' people full of grit, courage and determination. The @USDOT will be there for them until the end… https://t.co/DSPV29xKIX","http://web.archive.org/*/http://twitter.com/SecElaineChao/status/903694300306923521"
"Texans are 'can do' people full of grit, courage and determination. The @USDOT will be there for them until the end… https://t.co/DSPV29xKIX","http://web.archive.org/*/https://twitter.com/SecElaineChao/status/903694300306923521"
"RT @USDOT: .@SecElaineChao announces nearly $1 billion for #airport #infrastructure improvement projects across the nation from LaGuardia A…","http://web.archive.org/*/http://twitter.com/SecElaineChao/status/1177606292615172097"
"RT @USDOT: .@SecElaineChao announces nearly $1 billion for #airport #infrastructure improvement projects across the nation from LaGuardia A…","http://web.archive.org/*/https://twitter.com/SecElaineChao/status/1177606292615172097"
"#ICYMI: My op-ed in @detroitnews on the 60th Anniversary of the @SeawayUSDOT, its contributions to our nation's… https://t.co/DMcA58EtBC","http://web.archive.org/*/http://twitter.com/SecElaineChao/status/1178702902665367553"
"#ICYMI: My op-ed in @detroitnews on the 60th Anniversary of the @SeawayUSDOT, its contributions to our nation's… https://t.co/DMcA58EtBC","http://web.archive.org/*/https://twitter.com/SecElaineChao/status/1178702902665367553"
"RT @USAmbJapan: Welcome to Tokyo, @SecElaineChao!  Secretary Chao is leading the Presidential Delegation to the Ceremony of the Enthronemen…","http://web.archive.org/*/http://twitter.com/SecElaineChao/status/1186636227405111297"
"RT @USAmbJapan: Welcome to Tokyo, @SecElaineChao!  Secretary Chao is leading the Presidential Delegation to the Ceremony of the Enthronemen…","http://web.archive.org/*/https://twitter.com/SecElaineChao/status/1186636227405111297"
"RT @NHTSAgov: Just Released: 2.4% Decline in Traffic Deaths in 2018

@NHTSA.gov’s FARS data shows highway fatalities decreased last year wi…","http://web.archive.org/*/http://twitter.com/SecElaineChao/status/1186749664428736512"
"RT @NHTSAgov: Just Released: 2.4% Decline in Traffic Deaths in 2018

@NHTSA.gov’s FARS data shows highway fatalities decreased last year wi…","http://web.archive.org/*/https://twitter.com/SecElaineChao/status/1186749664428736512"
"RT @USDOT: @SecElaineChao @GovRonDeSantis @MyFDOT .@SecElaineChao, “Also, a new trade agreement between the United States, Canada and Mexic…","http://web.archive.org/*/http://twitter.com/SecElaineChao/status/1195382655015116802"
"RT @USDOT: @SecElaineChao @GovRonDeSantis @MyFDOT .@SecElaineChao, “Also, a new trade agreement between the United States, Canada and Mexic…","http://web.archive.org/*/https://twitter.com/SecElaineChao/status/1195382655015116802"
"In fact, the United States-Mexico-Canada Agreement (#USMCA) does more than any prior agreement to eliminate non-tar… https://t.co/ttpgpeadIz","http://web.archive.org/*/http://twitter.com/SecElaineChao/status/1204424070521077760"
"In fact, the United States-Mexico-Canada Agreement (#USMCA) does more than any prior agreement to eliminate non-tar… https://t.co/ttpgpeadIz","http://web.archive.org/*/https://twitter.com/SecElaineChao/status/1204424070521077760"
"RT @USDOT: .@SecElaineChao will join @kilmeade on @foxnewsradio for the #TheBrianKilmeadeShow. Tune in live at 9:50 a.m. ET -&gt; https://t.co…","http://web.archive.org/*/http://twitter.com/SecElaineChao/status/1207308709795373056"
"RT @USDOT: .@SecElaineChao will join @kilmeade on @foxnewsradio for the #TheBrianKilmeadeShow. Tune in live at 9:50 a.m. ET -&gt; https://t.co…","http://web.archive.org/*/https://twitter.com/SecElaineChao/status/1207308709795373056"
"RT @USDOT: #ICYMI: Yesterday @CES, @SecElaineChao discussed the current state of #innovation and recent USDOT initiatives to support the sa…","http://web.archive.org/*/http://twitter.com/SecElaineChao/status/1215317977358311429"
"RT @USDOT: #ICYMI: Yesterday @CES, @SecElaineChao discussed the current state of #innovation and recent USDOT initiatives to support the sa…","http://web.archive.org/*/https://twitter.com/SecElaineChao/status/1215317977358311429"
"RT @USDOT: The Trump Administration is taking another important step to advance the safe and innovative development of AVs with the release…","http://web.archive.org/*/http://twitter.com/SecElaineChao/status/1215318014087790593"
"RT @USDOT: The Trump Administration is taking another important step to advance the safe and innovative development of AVs with the release…","http://web.archive.org/*/https://twitter.com/SecElaineChao/status/1215318014087790593"
"RT @USDOT: .@SecElaineChao joined @Automotive_News to discuss #innovation and the recent AV 4.0 announcement made @CES last week. Listen he…","http://web.archive.org/*/http://twitter.com/SecElaineChao/status/1217466367252803586"
"RT @USDOT: .@SecElaineChao joined @Automotive_News to discuss #innovation and the recent AV 4.0 announcement made @CES last week. Listen he…","http://web.archive.org/*/https://twitter.com/SecElaineChao/status/1217466367252803586"
"RT @USDOT: You can view @SecElaineChao's remarks from #TRBAM here: https://t.co/BGQhewSFfK https://t.co/XQN20u8vg6","http://web.archive.org/*/http://twitter.com/SecElaineChao/status/1217543164912898049"
"RT @USDOT: You can view @SecElaineChao's remarks from #TRBAM here: https://t.co/BGQhewSFfK https://t.co/XQN20u8vg6","http://web.archive.org/*/https://twitter.com/SecElaineChao/status/1217543164912898049"
"RT @theNASEM: At #TRBAM, @SecElaineChao announced “AV 4.0,” a new DOT-White House initiative created to unify AV efforts, as well as a pilo…","http://web.archive.org/*/http://twitter.com/SecElaineChao/status/1217841836783476737"
"RT @theNASEM: At #TRBAM, @SecElaineChao announced “AV 4.0,” a new DOT-White House initiative created to unify AV efforts, as well as a pilo…","http://web.archive.org/*/https://twitter.com/SecElaineChao/status/1217841836783476737"
"As Dr. King said, “Everybody can be great because anybody can serve.”  #MLKDay","http://web.archive.org/*/http://twitter.com/SecElaineChao/status/1219286767548993537"
"As Dr. King said, “Everybody can be great because anybody can serve.”  #MLKDay","http://web.archive.org/*/https://twitter.com/SecElaineChao/status/1219286767548993537"
"RT @USDOT: Today @SecElaineChao delivered remarks at the @wef Annual Meeting in #Davos regarding the #transportation needs of rural communi…","http://web.archive.org/*/http://twitter.com/SecElaineChao/status/1219697842387849218"
"RT @USDOT: Today @SecElaineChao delivered remarks at the @wef Annual Meeting in #Davos regarding the #transportation needs of rural communi…","http://web.archive.org/*/https://twitter.com/SecElaineChao/status/1219697842387849218"
"RT @USDOT: At the @wef in #Davos, @SecElaineChao met with industry leaders and government officials to discuss some of the best practices b…","http://web.archive.org/*/http://twitter.com/SecElaineChao/status/1220342528337235973"
"RT @USDOT: At the @wef in #Davos, @SecElaineChao met with industry leaders and government officials to discuss some of the best practices b…","http://web.archive.org/*/https://twitter.com/SecElaineChao/status/1220342528337235973"
"Today in Davos at the World Economic Forum (@wef) I delivered remarks on the future of urban and rural air mobility… https://t.co/pHiG8PIyqo","http://web.archive.org/*/http://twitter.com/SecElaineChao/status/1220378167304650753"
"Today in Davos at the World Economic Forum (@wef) I delivered remarks on the future of urban and rural air mobility… https://t.co/pHiG8PIyqo","http://web.archive.org/*/https://twitter.com/SecElaineChao/status/1220378167304650753"
"RT @USDOT: @SecElaineChao @FAANews Sec. Chao:“To be fully deployed, UAM technology must first win the public’s trust and acceptance. UAM sy…","http://web.archive.org/*/http://twitter.com/SecElaineChao/status/1220384885329801216"
"RT @USDOT: @SecElaineChao @FAANews Sec. Chao:“To be fully deployed, UAM technology must first win the public’s trust and acceptance. UAM sy…","http://web.archive.org/*/https://twitter.com/SecElaineChao/status/1220384885329801216"
"Kobe Bryant RIP. I was Secretary of Labor heading the Presidential Delegation to the closing ceremonies of the Beij… https://t.co/y6RSGX8c0i","http://web.archive.org/*/http://twitter.com/SecElaineChao/status/1221817114408968194"
"Kobe Bryant RIP. I was Secretary of Labor heading the Presidential Delegation to the closing ceremonies of the Beij… https://t.co/y6RSGX8c0i","http://web.archive.org/*/https://twitter.com/SecElaineChao/status/1221817114408968194"
"Congratulations to our new @WhiteHouseAAPI Commissioners who were just sworn in by @VP Mike Pence today in the Sout… https://t.co/aeeeHnZEHV","http://web.archive.org/*/http://twitter.com/SecElaineChao/status/1221880689903226880"
"Congratulations to our new @WhiteHouseAAPI Commissioners who were just sworn in by @VP Mike Pence today in the Sout… https://t.co/aeeeHnZEHV","http://web.archive.org/*/https://twitter.com/SecElaineChao/status/1221880689903226880"
"As Co-Chair of the @WhiteHouseAAPI Initiative, looking forward to working with our new Commissioners on empowering… https://t.co/qSmtMXGzst","http://web.archive.org/*/http://twitter.com/SecElaineChao/status/1221914018887163906"
"As Co-Chair of the @WhiteHouseAAPI Initiative, looking forward to working with our new Commissioners on empowering… https://t.co/qSmtMXGzst","http://web.archive.org/*/https://twitter.com/SecElaineChao/status/1221914018887163906"
"Important day today! @USDOT holding summit of transportation stakeholders pledging to fight human trafficking! We h… https://t.co/ii7VEV9myY","http://web.archive.org/*/http://twitter.com/SecElaineChao/status/1222154822624989184"
"Important day today! @USDOT holding summit of transportation stakeholders pledging to fight human trafficking! We h… https://t.co/ii7VEV9myY","http://web.archive.org/*/https://twitter.com/SecElaineChao/status/1222154822624989184"
"@USDOT When I was @PeaceCorps director and in Sri Lanka, one of my site visits was with a group of trafficked femal… https://t.co/jXQg2XtKMP","http://web.archive.org/*/http://twitter.com/SecElaineChao/status/1222207621815504899"
"@USDOT When I was @PeaceCorps director and in Sri Lanka, one of my site visits was with a group of trafficked femal… https://t.co/jXQg2XtKMP","http://web.archive.org/*/https://twitter.com/SecElaineChao/status/1222207621815504899"
"Good day! @USDOT signed up over 250 companies who pledged to train and educate over 1,000,000 employees to increase… https://t.co/GYLVHoszPG","http://web.archive.org/*/http://twitter.com/SecElaineChao/status/1222256890970767360"
"Good day! @USDOT signed up over 250 companies who pledged to train and educate over 1,000,000 employees to increase… https://t.co/GYLVHoszPG","http://web.archive.org/*/https://twitter.com/SecElaineChao/status/1222256890970767360"
"Glad to be at signing of #USMCA - historic moment after a lot of work.  Agreement marks a great win for farmers, ra… https://t.co/vra3dtmHLO","http://web.archive.org/*/http://twitter.com/SecElaineChao/status/1222549237487013888"
"Glad to be at signing of #USMCA - historic moment after a lot of work.  Agreement marks a great win for farmers, ra… https://t.co/vra3dtmHLO","http://web.archive.org/*/https://twitter.com/SecElaineChao/status/1222549237487013888"
"America is again #1 in commercial space transportation.  Since 2017, U.S. had 95 licensed commercial space launches… https://t.co/bOW1TdALmY","http://web.archive.org/*/http://twitter.com/SecElaineChao/status/1222597559207809025"
"America is again #1 in commercial space transportation.  Since 2017, U.S. had 95 licensed commercial space launches… https://t.co/bOW1TdALmY","http://web.archive.org/*/https://twitter.com/SecElaineChao/status/1222597559207809025"
"RT @FAANews: LIVE at #CST2020: #FAA Administrator Steve Dickson outlines priorities for #CommercialSpace. https://t.co/oRCtX0RKki","http://web.archive.org/*/http://twitter.com/SecElaineChao/status/1222994509258272786"
"RT @FAANews: LIVE at #CST2020: #FAA Administrator Steve Dickson outlines priorities for #CommercialSpace. https://t.co/oRCtX0RKki","http://web.archive.org/*/https://twitter.com/SecElaineChao/status/1222994509258272786"
"Congratulations to the @MaritimeCollege Winter 2020 class. Was proud to deliver the commencement speech to this gro… https://t.co/87chfDgOue","http://web.archive.org/*/http://twitter.com/SecElaineChao/status/1223346062645170177"
"Congratulations to the @MaritimeCollege Winter 2020 class. Was proud to deliver the commencement speech to this gro… https://t.co/87chfDgOue","http://web.archive.org/*/https://twitter.com/SecElaineChao/status/1223346062645170177"
"I just met with experts on the impact of sleep on transportation safety. Fatigue and drowsiness is a factor in over… https://t.co/NT8zg9dp6x","http://web.archive.org/*/http://twitter.com/SecElaineChao/status/1224419656494133249"
"I just met with experts on the impact of sleep on transportation safety. Fatigue and drowsiness is a factor in over… https://t.co/NT8zg9dp6x","http://web.archive.org/*/https://twitter.com/SecElaineChao/status/1224419656494133249"
"Getting ready for #SOTU tomorrow night. @POTUS will address the Nation. It's always awe inspiring to see all three… https://t.co/BWb3gnvb6a","http://web.archive.org/*/http://twitter.com/SecElaineChao/status/1224467199865376773"
"Getting ready for #SOTU tomorrow night. @POTUS will address the Nation. It's always awe inspiring to see all three… https://t.co/BWb3gnvb6a","http://web.archive.org/*/https://twitter.com/SecElaineChao/status/1224467199865376773"
"Work with us! We're working on getting 100 pledges to #endhumantrafficking in 100 days. Join the cause. Sign the pl… https://t.co/KzH6je1YYY","http://web.archive.org/*/http://twitter.com/SecElaineChao/status/1224685280852172800"
"Work with us! We're working on getting 100 pledges to #endhumantrafficking in 100 days. Join the cause. Sign the pl… https://t.co/KzH6je1YYY","http://web.archive.org/*/https://twitter.com/SecElaineChao/status/1224685280852172800"
"The economy is strong! Previously left behind Americans are seeing the fastest gains, with low income workers seein… https://t.co/qCCunTc3A1","http://web.archive.org/*/http://twitter.com/SecElaineChao/status/1224878854088658949"
"The economy is strong! Previously left behind Americans are seeing the fastest gains, with low income workers seein… https://t.co/qCCunTc3A1","http://web.archive.org/*/https://twitter.com/SecElaineChao/status/1224878854088658949"
"Highest ever recorded median household income, unemployment at a 50 year low and 7 million new jobs! Just a few of… https://t.co/6H8S05izED","http://web.archive.org/*/http://twitter.com/SecElaineChao/status/1224879192803880961"
"Highest ever recorded median household income, unemployment at a 50 year low and 7 million new jobs! Just a few of… https://t.co/6H8S05izED","http://web.archive.org/*/https://twitter.com/SecElaineChao/status/1224879192803880961"
"@USDOT is much more than planes, trains, and automobiles. We’re also @PHMSA_DOT, advancing the safe transport of en… https://t.co/LvDzTaS7xb","http://web.archive.org/*/http://twitter.com/SecElaineChao/status/1225420573808963585"
"@USDOT is much more than planes, trains, and automobiles. We’re also @PHMSA_DOT, advancing the safe transport of en… https://t.co/LvDzTaS7xb","http://web.archive.org/*/https://twitter.com/SecElaineChao/status/1225420573808963585"
"Congratulations to this years recipients from the @PHMSA_DOT awards ceremony and thank you for your hard work.","http://web.archive.org/*/http://twitter.com/SecElaineChao/status/1225549233941614592"
"Congratulations to this years recipients from the @PHMSA_DOT awards ceremony and thank you for your hard work.","http://web.archive.org/*/https://twitter.com/SecElaineChao/status/1225549233941614592"
"Congratulations to this year's recipients from the @PHMSA_DOT awards ceremony and thank you for your hard work.","http://web.archive.org/*/http://twitter.com/SecElaineChao/status/1225549426892189698"
"Congratulations to this year's recipients from the @PHMSA_DOT awards ceremony and thank you for your hard work.","http://web.archive.org/*/https://twitter.com/SecElaineChao/status/1225549426892189698"
"This, first-of-its-kind, approval is another step towards the future.  Safety is always #1 but with no passengers o… https://t.co/gBDBIc2Hno","http://web.archive.org/*/http://twitter.com/SecElaineChao/status/1225778222618628096"
"This, first-of-its-kind, approval is another step towards the future.  Safety is always #1 but with no passengers o… https://t.co/gBDBIc2Hno","http://web.archive.org/*/https://twitter.com/SecElaineChao/status/1225778222618628096"
"@USDOT ROUTES Initiative addresses the disparities in rural transportation infrastructure and the unique challenges… https://t.co/T6kSUBU4L8","http://web.archive.org/*/http://twitter.com/SecElaineChao/status/1226879720740073472"
"@USDOT ROUTES Initiative addresses the disparities in rural transportation infrastructure and the unique challenges… https://t.co/T6kSUBU4L8","http://web.archive.org/*/https://twitter.com/SecElaineChao/status/1226879720740073472"
"The @USDOT ROUTES Initiative addresses the disparities in rural transportation infrastructure and the unique challe… https://t.co/2XEYhflxJq","http://web.archive.org/*/http://twitter.com/SecElaineChao/status/1226880163830521856"
"The @USDOT ROUTES Initiative addresses the disparities in rural transportation infrastructure and the unique challe… https://t.co/2XEYhflxJq","http://web.archive.org/*/https://twitter.com/SecElaineChao/status/1226880163830521856"
"RT @USDOT: Today @NCAI1944's Executive Council Winter Session, @SecElaineChao announced $8.9 million in grants to American Indian Tribes to…","http://web.archive.org/*/http://twitter.com/SecElaineChao/status/1227338940895629313"
"RT @USDOT: Today @NCAI1944's Executive Council Winter Session, @SecElaineChao announced $8.9 million in grants to American Indian Tribes to…","http://web.archive.org/*/https://twitter.com/SecElaineChao/status/1227338940895629313"
"At this year’s @NCAI1944 Council, I announced that @USDOT is awarding $8.9 Million to 80 Tribes for 91 recommended… https://t.co/Q5j8cVgmL2","http://web.archive.org/*/http://twitter.com/SecElaineChao/status/1227339304755658757"
"At this year’s @NCAI1944 Council, I announced that @USDOT is awarding $8.9 Million to 80 Tribes for 91 recommended… https://t.co/Q5j8cVgmL2","http://web.archive.org/*/https://twitter.com/SecElaineChao/status/1227339304755658757"
"Pleased to announce $280 Million in funding to 15 cities across 11 states for Port Infrastructure Development Grant… https://t.co/jhhwFaGucW","http://web.archive.org/*/http://twitter.com/SecElaineChao/status/1228408663506812928"
"Happy to have him and @GovRonDeSantis  join the event; $43.9 million won by PortMiami and $14.1 million to Port Can… https://t.co/rmmjBTy2uT","http://web.archive.org/*/http://twitter.com/SecElaineChao/status/1228408664576450562"
"Pleased to announce $280 Million in funding to 15 cities across 11 states for Port Infrastructure Development Grant… https://t.co/jhhwFaGucW","http://web.archive.org/*/https://twitter.com/SecElaineChao/status/1228408663506812928"
"Happy to have him and @GovRonDeSantis  join the event; $43.9 million won by PortMiami and $14.1 million to Port Can… https://t.co/rmmjBTy2uT","http://web.archive.org/*/https://twitter.com/SecElaineChao/status/1228408664576450562"
"ICYMI: Great @miamiherald story about our recent announcement at @portmiami https://t.co/lOn95N7b27","http://web.archive.org/*/http://twitter.com/SecElaineChao/status/1230137207421313027"
"ICYMI: Great @miamiherald story about our recent announcement at @portmiami https://t.co/lOn95N7b27","http://web.archive.org/*/https://twitter.com/SecElaineChao/status/1230137207421313027"
"Included in this is not only a $600,000 grant to @MitchellAirport, but also a $15.5 Million in State Block Grant to… https://t.co/CUIhefqeZk","http://web.archive.org/*/http://twitter.com/SecElaineChao/status/1230238049851891712"
"I'm pleased to announce $520.5 million in Airport Improvement Grants to 287 airports in 40 states across the countr… https://t.co/HPtqIs2Ptc","http://web.archive.org/*/http://twitter.com/SecElaineChao/status/1230238048912396289"
"Included in this is not only a $600,000 grant to @MitchellAirport, but also a $15.5 Million in State Block Grant to… https://t.co/CUIhefqeZk","http://web.archive.org/*/https://twitter.com/SecElaineChao/status/1230238049851891712"
"I'm pleased to announce $520.5 million in Airport Improvement Grants to 287 airports in 40 states across the countr… https://t.co/HPtqIs2Ptc","http://web.archive.org/*/https://twitter.com/SecElaineChao/status/1230238048912396289"
"After addressing a some of the top legal minds in the aviation industry at the @IATA Legal Symposium, had a good me… https://t.co/gB46JZFkFd","http://web.archive.org/*/http://twitter.com/SecElaineChao/status/1230608155102633995"
"After addressing a some of the top legal minds in the aviation industry at the @IATA Legal Symposium, had a good me… https://t.co/gB46JZFkFd","http://web.archive.org/*/https://twitter.com/SecElaineChao/status/1230608155102633995"
"RT @swtanation: Not on My Bus. Not on My Train. Not in My Community! 

Transportation Leaders Against Human Trafficking Pledge was presente…","http://web.archive.org/*/http://twitter.com/SecElaineChao/status/1232102386774290432"
"RT @swtanation: Not on My Bus. Not on My Train. Not in My Community! 

Transportation Leaders Against Human Trafficking Pledge was presente…","http://web.archive.org/*/https://twitter.com/SecElaineChao/status/1232102386774290432"
"“Not on My Bus. Not on My Train. Not in My Community!” #fta #EndHumanTrafficking","http://web.archive.org/*/http://twitter.com/SecElaineChao/status/1232102653922041857"
"“Not on My Bus. Not on My Train. Not in My Community!” #fta #EndHumanTrafficking","http://web.archive.org/*/https://twitter.com/SecElaineChao/status/1232102653922041857"
"When I met with the Colgan Flight 3407 families, they emphasized how important this rule on pilot training was in e… https://t.co/ocJJbK3Ct7","http://web.archive.org/*/http://twitter.com/SecElaineChao/status/1232441104638722049"
"When I met with the Colgan Flight 3407 families, they emphasized how important this rule on pilot training was in e… https://t.co/ocJJbK3Ct7","http://web.archive.org/*/https://twitter.com/SecElaineChao/status/1232441104638722049"
"At our Transportation Leaders Against Human Trafficking Event last month we committed to getting 100 more pledges s… https://t.co/o4bsbJMH3J","http://web.archive.org/*/http://twitter.com/SecElaineChao/status/1232732117349457920"
"We are not letting up! Multiple initiatives are underway to increase awareness of human trafficking and equip trans… https://t.co/WPeyNrpHt6","http://web.archive.org/*/http://twitter.com/SecElaineChao/status/1232732118318551042"
"At our Transportation Leaders Against Human Trafficking Event last month we committed to getting 100 more pledges s… https://t.co/o4bsbJMH3J","http://web.archive.org/*/https://twitter.com/SecElaineChao/status/1232732117349457920"
"We are not letting up! Multiple initiatives are underway to increase awareness of human trafficking and equip trans… https://t.co/WPeyNrpHt6","http://web.archive.org/*/https://twitter.com/SecElaineChao/status/1232732118318551042"
"RT @aashtospeaks: ""I know we are all working every day to make our transportation network is better and more accessible to everyone."" @SecE…","http://web.archive.org/*/http://twitter.com/SecElaineChao/status/1232733858824671233"
"RT @aashtospeaks: ""I know we are all working every day to make our transportation network is better and more accessible to everyone."" @SecE…","http://web.archive.org/*/https://twitter.com/SecElaineChao/status/1232733858824671233"
"Thank you to @ScottTurner45 and RADM Erica Schwartz for participating in our celebration of African American Histor… https://t.co/abhUpMZ6wo","http://web.archive.org/*/http://twitter.com/SecElaineChao/status/1233155195338661893"
"Thank you to @ScottTurner45 and RADM Erica Schwartz for participating in our celebration of African American Histor… https://t.co/abhUpMZ6wo","http://web.archive.org/*/https://twitter.com/SecElaineChao/status/1233155195338661893"
"We're also looking forward to working with @RBHSMonarchs to ensure these students and this community to have the to… https://t.co/wKOvOMH6Oy","http://web.archive.org/*/http://twitter.com/SecElaineChao/status/1233155244995026950"
"We're also looking forward to working with @RBHSMonarchs to ensure these students and this community to have the to… https://t.co/wKOvOMH6Oy","http://web.archive.org/*/https://twitter.com/SecElaineChao/status/1233155244995026950"
"Our priorities are clear: Safety, Infrastructure, and Innovation and through these lenses we have accomplished much… https://t.co/u4uzgiqYM3","http://web.archive.org/*/http://twitter.com/SecElaineChao/status/1234531455566516224"
"Our priorities are clear: Safety, Infrastructure, and Innovation and through these lenses we have accomplished much… https://t.co/u4uzgiqYM3","http://web.archive.org/*/https://twitter.com/SecElaineChao/status/1234531455566516224"
"As always, #safety is our first priority here at @USDOT. As new and emerging technologies develop, such as drones,… https://t.co/Iehid8Co0k","http://web.archive.org/*/http://twitter.com/SecElaineChao/status/1235342585193000962"
"As always, #safety is our first priority here at @USDOT. As new and emerging technologies develop, such as drones,… https://t.co/Iehid8Co0k","http://web.archive.org/*/https://twitter.com/SecElaineChao/status/1235342585193000962"
"As we close out this year's Combined Federal Campaign, I'm reminded of my time as Director of the Peace Corps and a… https://t.co/ufq0p0Vcln","http://web.archive.org/*/http://twitter.com/SecElaineChao/status/1235690729743110146"
"As we close out this year's Combined Federal Campaign, I'm reminded of my time as Director of the Peace Corps and a… https://t.co/ufq0p0Vcln","http://web.archive.org/*/https://twitter.com/SecElaineChao/status/1235690729743110146"
"As we close out this year's Combined Federal Campaign, I'm reminded of my time as Director of the Peace Corps and a… https://t.co/vvbWUEEQku","http://web.archive.org/*/http://twitter.com/SecElaineChao/status/1235691076578664451"
"As we close out this year's Combined Federal Campaign, I'm reminded of my time as Director of the Peace Corps and a… https://t.co/vvbWUEEQku","http://web.archive.org/*/https://twitter.com/SecElaineChao/status/1235691076578664451"
"@POTUS launched the Women’s Global Development and Prosperity Initiative, the first whole-of-government effort to a… https://t.co/tBY3lkm305","http://web.archive.org/*/http://twitter.com/SecElaineChao/status/1237075637967491073"
"@POTUS launched the Women’s Global Development and Prosperity Initiative, the first whole-of-government effort to a… https://t.co/tBY3lkm305","http://web.archive.org/*/https://twitter.com/SecElaineChao/status/1237075637967491073"
"Big shoutout to @IvankaTrump and @USAID for their leadership on this initiative which focuses on:  1) workforce, 2)… https://t.co/iDGNW6RNr6","http://web.archive.org/*/http://twitter.com/SecElaineChao/status/1237075661786841089"
"Big shoutout to @IvankaTrump and @USAID for their leadership on this initiative which focuses on:  1) workforce, 2)… https://t.co/iDGNW6RNr6","http://web.archive.org/*/https://twitter.com/SecElaineChao/status/1237075661786841089"
"The Consolidated Rail Infrastructure and Safety Improvements Program will fund projects in 27 states with an invest… https://t.co/CLZodPaEtG","http://web.archive.org/*/http://twitter.com/SecElaineChao/status/1238468219423338496"
"The Consolidated Rail Infrastructure and Safety Improvements Program will fund projects in 27 states with an invest… https://t.co/CLZodPaEtG","http://web.archive.org/*/https://twitter.com/SecElaineChao/status/1238468219423338496"
"RT @USDOT: As @POTUS stated today, if someone in your household tests positive for #COVID19, keep your entire household at home. Do not go…","http://web.archive.org/*/http://twitter.com/SecElaineChao/status/1239663002540019714"
"RT @USDOT: As @POTUS stated today, if someone in your household tests positive for #COVID19, keep your entire household at home. Do not go…","http://web.archive.org/*/https://twitter.com/SecElaineChao/status/1239663002540019714"
"RT @USDOT: There is a large amount of misleading information regarding #COVID19. @fema has set up a coronavirus myth/fact page so that you…","http://web.archive.org/*/http://twitter.com/SecElaineChao/status/1242522220087447553"
"RT @USDOT: There is a large amount of misleading information regarding #COVID19. @fema has set up a coronavirus myth/fact page so that you…","http://web.archive.org/*/https://twitter.com/SecElaineChao/status/1242522220087447553"
"Our dedicated IT and Network team have their plates full with over 30,000 concurrent users connected to our network… https://t.co/rlk5RCgnYS","http://web.archive.org/*/http://twitter.com/SecElaineChao/status/1242887718805344256"
"Our dedicated IT and Network team have their plates full with over 30,000 concurrent users connected to our network… https://t.co/rlk5RCgnYS","http://web.archive.org/*/https://twitter.com/SecElaineChao/status/1242887718805344256"
"And another big “Thank you” to everyone at FMCSA for helping to keep our supply chain strong - a big “thank you” to… https://t.co/Ljenkpys2w","http://web.archive.org/*/http://twitter.com/SecElaineChao/status/1242893505095229440"
"And another big “Thank you” to everyone at FMCSA for helping to keep our supply chain strong - a big “thank you” to… https://t.co/Ljenkpys2w","http://web.archive.org/*/https://twitter.com/SecElaineChao/status/1242893505095229440"
"Just had a conference call with our @FTA_DOT  stakeholders. Transit workers are critical to helping first responder… https://t.co/TNyBOTgtMi","http://web.archive.org/*/http://twitter.com/SecElaineChao/status/1243269816535912449"
"Just had a conference call with our @FTA_DOT  stakeholders. Transit workers are critical to helping first responder… https://t.co/TNyBOTgtMi","http://web.archive.org/*/https://twitter.com/SecElaineChao/status/1243269816535912449"
"Our team at @FTA_DOT  has been hard at work! A big “Thank you” to the FTA Emergency Relief Team for making sure our… https://t.co/kW6XLUr10q","http://web.archive.org/*/http://twitter.com/SecElaineChao/status/1243269949004615685"
"Our team at @FTA_DOT  has been hard at work! A big “Thank you” to the FTA Emergency Relief Team for making sure our… https://t.co/kW6XLUr10q","http://web.archive.org/*/https://twitter.com/SecElaineChao/status/1243269949004615685"
"We have some amazing people at @USDOT!   A big “Thank you” to the Safety and Emergency Response Teams who’ve been k… https://t.co/07DgpZiQWU","http://web.archive.org/*/http://twitter.com/SecElaineChao/status/1243536542330740738"
"We have some amazing people at @USDOT!   A big “Thank you” to the Safety and Emergency Response Teams who’ve been k… https://t.co/07DgpZiQWU","http://web.archive.org/*/https://twitter.com/SecElaineChao/status/1243536542330740738"
"RT @realDonaldTrump: We are marshalling the full power of government and society to achieve victory over the virus. Together, we will endur…","http://web.archive.org/*/http://twitter.com/SecElaineChao/status/1243654066892406785"
"RT @realDonaldTrump: We are marshalling the full power of government and society to achieve victory over the virus. Together, we will endur…","http://web.archive.org/*/https://twitter.com/SecElaineChao/status/1243654066892406785"
"Today’s signing of the #CARESact represents @USDOT and the Whole-of-Government response to the needs of the Nation! https://t.co/SkkDtJkbbh","http://web.archive.org/*/http://twitter.com/SecElaineChao/status/1243670675140853760"
"Today’s signing of the #CARESact represents @USDOT and the Whole-of-Government response to the needs of the Nation! https://t.co/SkkDtJkbbh","http://web.archive.org/*/https://twitter.com/SecElaineChao/status/1243670675140853760"
"RT @USDOT: As #WomensHistoryMonth comes to a close, @SecElaineChao notes the contributions that women have made—and continue to make—to tra…","http://web.archive.org/*/http://twitter.com/SecElaineChao/status/1244637550326747137"
"RT @USDOT: As #WomensHistoryMonth comes to a close, @SecElaineChao notes the contributions that women have made—and continue to make—to tra…","http://web.archive.org/*/https://twitter.com/SecElaineChao/status/1244637550326747137"
"A huge shout to all our traffic controllers, technicians and professionals who maintain the national airspace. Carg… https://t.co/tSjwwTh4ga","http://web.archive.org/*/http://twitter.com/SecElaineChao/status/1244637632216412162"
"A huge shout to all our traffic controllers, technicians and professionals who maintain the national airspace. Carg… https://t.co/tSjwwTh4ga","http://web.archive.org/*/https://twitter.com/SecElaineChao/status/1244637632216412162"
"RT @FMCSA: “I just want to thank our American heroes -- the truck drivers -- and let them know how much we appreciate them.” – U.S. Secreta…","http://web.archive.org/*/http://twitter.com/SecElaineChao/status/1245719947080273920"
"RT @FMCSA: “I just want to thank our American heroes -- the truck drivers -- and let them know how much we appreciate them.” – U.S. Secreta…","http://web.archive.org/*/https://twitter.com/SecElaineChao/status/1245719947080273920"
"RT @USDOT: To all of our Nation's transit workers, we thank you! https://t.co/2jraImSaV7","http://web.archive.org/*/http://twitter.com/SecElaineChao/status/1245825632703066113"
"RT @USDOT: To all of our Nation's transit workers, we thank you! https://t.co/2jraImSaV7","http://web.archive.org/*/https://twitter.com/SecElaineChao/status/1245825632703066113"
"I was glad to have the opportunity to speak with several radio stations around the country to share the great news… https://t.co/twjbPyDqih","http://web.archive.org/*/http://twitter.com/SecElaineChao/status/1245826066968690689"
"I was glad to have the opportunity to speak with several radio stations around the country to share the great news… https://t.co/twjbPyDqih","http://web.archive.org/*/https://twitter.com/SecElaineChao/status/1245826066968690689"
"@620WTMJ @JohnMercure
@WFLANews @ryanegorman
@KDKARadio 
@WWJ950 @jpaigewwj @jasonscottWWJ @KYWNewsradio @ianthebush","http://web.archive.org/*/http://twitter.com/SecElaineChao/status/1245826068860284928"
"@620WTMJ @JohnMercure
@WFLANews @ryanegorman
@KDKARadio 
@WWJ950 @jpaigewwj @jasonscottWWJ @KYWNewsradio @ianthebush","http://web.archive.org/*/https://twitter.com/SecElaineChao/status/1245826068860284928"
"@USDOT will still enforce protections for airline passengers who have their flights cancelled or changed. Our enfor… https://t.co/4imoPVrsce","http://web.archive.org/*/http://twitter.com/SecElaineChao/status/1246203811619799041"
"@USDOT will still enforce protections for airline passengers who have their flights cancelled or changed. Our enfor… https://t.co/4imoPVrsce","http://web.archive.org/*/https://twitter.com/SecElaineChao/status/1246203811619799041"
".@FAANews issued guidance to help protect flight attendants from contracting COVID-19. It can be found here:… https://t.co/1917phGEk5","http://web.archive.org/*/http://twitter.com/SecElaineChao/status/1248242543915159552"
".@FAANews issued guidance to help protect flight attendants from contracting COVID-19. It can be found here:… https://t.co/1917phGEk5","http://web.archive.org/*/https://twitter.com/SecElaineChao/status/1248242543915159552"
".@FMCSA issued guidance to allow CDL test examiners to temporarily administer knowledge tests as well. You can find… https://t.co/LiC2E9hj3U","http://web.archive.org/*/http://twitter.com/SecElaineChao/status/1248582935390945280"
".@FMCSA issued guidance to allow CDL test examiners to temporarily administer knowledge tests as well. You can find… https://t.co/LiC2E9hj3U","http://web.archive.org/*/https://twitter.com/SecElaineChao/status/1248582935390945280"
".@PHMSA_DOT issued guidance: Existing Options Related to Hazardous Materials Shipping Papers and Social Distancing.… https://t.co/kQatJvoFto","http://web.archive.org/*/http://twitter.com/SecElaineChao/status/1249661251829010432"
".@PHMSA_DOT issued guidance: Existing Options Related to Hazardous Materials Shipping Papers and Social Distancing.… https://t.co/kQatJvoFto","http://web.archive.org/*/https://twitter.com/SecElaineChao/status/1249661251829010432"
"The Office of Small and Disadvantaged Business Utilization at @USDOT released valuable information and resources fo… https://t.co/4R3Tmr8r3v","http://web.archive.org/*/http://twitter.com/SecElaineChao/status/1250091190671769600"
"The Office of Small and Disadvantaged Business Utilization at @USDOT released valuable information and resources fo… https://t.co/4R3Tmr8r3v","http://web.archive.org/*/https://twitter.com/SecElaineChao/status/1250091190671769600"
"Pleased to announce $10 billion in emergency resources as part of the #CARESAct Airport Grant Program which will he… https://t.co/yKXOPtmvEm","http://web.archive.org/*/http://twitter.com/SecElaineChao/status/1250545311908614146"
"Pleased to announce $10 billion in emergency resources as part of the #CARESAct Airport Grant Program which will he… https://t.co/yKXOPtmvEm","http://web.archive.org/*/https://twitter.com/SecElaineChao/status/1250545311908614146"
"RT @USDOT: #ICYMI: @SecElaineChao announced approximately $10 billion in relief for airports across the country. An interactive map of reci…","http://web.archive.org/*/http://twitter.com/SecElaineChao/status/1250545425196765185"
"RT @USDOT: #ICYMI: @SecElaineChao announced approximately $10 billion in relief for airports across the country. An interactive map of reci…","http://web.archive.org/*/https://twitter.com/SecElaineChao/status/1250545425196765185"
"Today at The White House we celebrated the heroism of America's 3.5 million truck drivers as they use their skills… https://t.co/wml93x1idg","http://web.archive.org/*/http://twitter.com/SecElaineChao/status/1250930308972757004"
"Today at The White House we celebrated the heroism of America's 3.5 million truck drivers as they use their skills… https://t.co/wml93x1idg","http://web.archive.org/*/https://twitter.com/SecElaineChao/status/1250930308972757004"
"RT @FLOTUS: Greetings to our American seniors. The changes in our everyday lives will not last forever &amp; we will be able to visit with our…","http://web.archive.org/*/http://twitter.com/SecElaineChao/status/1253653189892726784"
"RT @FLOTUS: Greetings to our American seniors. The changes in our everyday lives will not last forever &amp; we will be able to visit with our…","http://web.archive.org/*/https://twitter.com/SecElaineChao/status/1253653189892726784"
"RT @USDOT: The Department is actively working to help our nation recover from the effects of #COVID19. Take a look at our latest efforts an…","http://web.archive.org/*/http://twitter.com/SecElaineChao/status/1255240590587039754"
"RT @USDOT: The Department is actively working to help our nation recover from the effects of #COVID19. Take a look at our latest efforts an…","http://web.archive.org/*/https://twitter.com/SecElaineChao/status/1255240590587039754"
"RT @NHTSAgov: Because many families are home, remind children it’s dangerous to play in, around, and behind vehicles.

Drivers should alway…","http://web.archive.org/*/http://twitter.com/SecElaineChao/status/1255240700964241409"
"RT @NHTSAgov: Because many families are home, remind children it’s dangerous to play in, around, and behind vehicles.

Drivers should alway…","http://web.archive.org/*/https://twitter.com/SecElaineChao/status/1255240700964241409"
"I want to extend our sincerest gratitude to America's Truckers! @USDOT just distributed 1 Million face masks to tru… https://t.co/WB0rEk7r1I","http://web.archive.org/*/http://twitter.com/SecElaineChao/status/1255876792059146241"
"I want to extend our sincerest gratitude to America's Truckers! @USDOT just distributed 1 Million face masks to tru… https://t.co/WB0rEk7r1I","http://web.archive.org/*/https://twitter.com/SecElaineChao/status/1255876792059146241"
"Today I joined @VP in Kokomo Indiana to see innovation and ingenuity at work to save lives as auto manufacturers sw… https://t.co/znXWWyv8qm","http://web.archive.org/*/http://twitter.com/SecElaineChao/status/1256020812785729538"
"Today I joined @VP in Kokomo Indiana to see innovation and ingenuity at work to save lives as auto manufacturers sw… https://t.co/znXWWyv8qm","http://web.archive.org/*/https://twitter.com/SecElaineChao/status/1256020812785729538"
"May is officially recognized as Asian American and Pacific Islander Heritage Month. Asian American &amp; Pacific Island… https://t.co/pS7Qt3kgGo","http://web.archive.org/*/http://twitter.com/SecElaineChao/status/1256312366280486912"
"May is officially recognized as Asian American and Pacific Islander Heritage Month. Asian American &amp; Pacific Island… https://t.co/pS7Qt3kgGo","http://web.archive.org/*/https://twitter.com/SecElaineChao/status/1256312366280486912"
"May is officially recognized as Asian American and Pacific Islander Heritage Month. Asian American &amp; Pacific Island… https://t.co/qk4h92yuAc","http://web.archive.org/*/http://twitter.com/SecElaineChao/status/1256312991445901313"
"May is officially recognized as Asian American and Pacific Islander Heritage Month. Asian American &amp; Pacific Island… https://t.co/qk4h92yuAc","http://web.archive.org/*/https://twitter.com/SecElaineChao/status/1256312991445901313"
"To all of America's Transit Workers, thank you for all that you do for all of us. #AmericaWorksTogether https://t.co/AYAyEko4FI","http://web.archive.org/*/http://twitter.com/SecElaineChao/status/1257445263456821249"
"To all of America's Transit Workers, thank you for all that you do for all of us. #AmericaWorksTogether https://t.co/AYAyEko4FI","http://web.archive.org/*/https://twitter.com/SecElaineChao/status/1257445263456821249"
"To all of America's transit workers: Thank you for all that you do for all of us https://t.co/AYAyEko4FI","http://web.archive.org/*/http://twitter.com/SecElaineChao/status/1257445750545539074"
"To all of America's transit workers: Thank you for all that you do for all of us https://t.co/AYAyEko4FI","http://web.archive.org/*/https://twitter.com/SecElaineChao/status/1257445750545539074"
"RT @USDOT: America's railroad workers play a critical role in keeping our supply chains moving during this challenging time. To all of the…","http://web.archive.org/*/http://twitter.com/SecElaineChao/status/1257791609078415367"
"RT @USDOT: America's railroad workers play a critical role in keeping our supply chains moving during this challenging time. To all of the…","http://web.archive.org/*/https://twitter.com/SecElaineChao/status/1257791609078415367"
"Congratulations to @FLOTUS and to the #BeBest Initiative’s 2nd anniversary! This initiative has been an inspiration… https://t.co/FymN07LmRQ","http://web.archive.org/*/http://twitter.com/SecElaineChao/status/1258494263916212225"
"Congratulations to @FLOTUS and to the #BeBest Initiative’s 2nd anniversary! This initiative has been an inspiration… https://t.co/FymN07LmRQ","http://web.archive.org/*/https://twitter.com/SecElaineChao/status/1258494263916212225"
"RT @USDOT: The safety of our transportation networks is vital to maintaining economic durability and the free flow of essential supplies, f…","http://web.archive.org/*/http://twitter.com/SecElaineChao/status/1260634814488678402"
"RT @USDOT: The safety of our transportation networks is vital to maintaining economic durability and the free flow of essential supplies, f…","http://web.archive.org/*/https://twitter.com/SecElaineChao/status/1260634814488678402"
".@USDOT published this morning a final update to the hours-of-service rules for commercial truck drivers. This rule… https://t.co/ck9bnpUsUP","http://web.archive.org/*/http://twitter.com/SecElaineChao/status/1260982192869687296"
".@USDOT published this morning a final update to the hours-of-service rules for commercial truck drivers. This rule… https://t.co/ck9bnpUsUP","http://web.archive.org/*/https://twitter.com/SecElaineChao/status/1260982192869687296"
"During this pandemic, Americans have seen the tremendous contributions of America’s truck drivers. Truckers are wor… https://t.co/cky8Y7WAxp","http://web.archive.org/*/http://twitter.com/SecElaineChao/status/1260983503098974208"
"During this pandemic, Americans have seen the tremendous contributions of America’s truck drivers. Truckers are wor… https://t.co/cky8Y7WAxp","http://web.archive.org/*/https://twitter.com/SecElaineChao/status/1260983503098974208"
"This Administration supports America's Truckers by helping them do their jobs to help all of us. @POTUS and all of… https://t.co/PyNU1T8D7S","http://web.archive.org/*/http://twitter.com/SecElaineChao/status/1261027873760129047"
"This Administration supports America's Truckers by helping them do their jobs to help all of us. @POTUS and all of… https://t.co/PyNU1T8D7S","http://web.archive.org/*/https://twitter.com/SecElaineChao/status/1261027873760129047"
"These new rules update existing hours-of-service regs —including adjustments to the short-haul exception, the 30-mi… https://t.co/2ei5WMwOJT","http://web.archive.org/*/http://twitter.com/SecElaineChao/status/1261028061438455817"
"These new rules update existing hours-of-service regs —including adjustments to the short-haul exception, the 30-mi… https://t.co/2ei5WMwOJT","http://web.archive.org/*/https://twitter.com/SecElaineChao/status/1261028061438455817"
"RT @GLFOP: Thank you, @SecElaineChao, for offering a special video message in honor of our fallen law enforcement officers. #NationalPolice…","http://web.archive.org/*/http://twitter.com/SecElaineChao/status/1261613448024162306"
"RT @GLFOP: Thank you, @SecElaineChao, for offering a special video message in honor of our fallen law enforcement officers. #NationalPolice…","http://web.archive.org/*/https://twitter.com/SecElaineChao/status/1261613448024162306"
"RT @realDonaldTrump: I am proud to announce that @NJTransit will receive $1.4B in CARES Act funding to assist in their continued operations…","http://web.archive.org/*/http://twitter.com/SecElaineChao/status/1261613513233051648"
"RT @realDonaldTrump: I am proud to announce that @NJTransit will receive $1.4B in CARES Act funding to assist in their continued operations…","http://web.archive.org/*/https://twitter.com/SecElaineChao/status/1261613513233051648"
"RT @USDOTFHWA: May is #NationalBikeMonth. FHWA is committed to bicycle and #PedestrianSafety:
https://t.co/PsxcGQP7Wi 

Today’s safety tip:…","http://web.archive.org/*/http://twitter.com/SecElaineChao/status/1261614533753409544"
"RT @USDOTFHWA: May is #NationalBikeMonth. FHWA is committed to bicycle and #PedestrianSafety:
https://t.co/PsxcGQP7Wi 

Today’s safety tip:…","http://web.archive.org/*/https://twitter.com/SecElaineChao/status/1261614533753409544"
"Today is National Maritime Day, established by Congress in 1933. The U.S. Flagged Fleet is an integral part of our… https://t.co/QgkHAq3FtW","http://web.archive.org/*/http://twitter.com/SecElaineChao/status/1263879343710916610"
"Today is National Maritime Day, established by Congress in 1933. The U.S. Flagged Fleet is an integral part of our… https://t.co/QgkHAq3FtW","http://web.archive.org/*/https://twitter.com/SecElaineChao/status/1263879343710916610"
"Thank you to our Mariners who ensure people, supplies, and equipment get to where they need to be during times of p… https://t.co/RlGKqjttMN","http://web.archive.org/*/http://twitter.com/SecElaineChao/status/1263879463189778438"
"Thank you to our Mariners who ensure people, supplies, and equipment get to where they need to be during times of p… https://t.co/RlGKqjttMN","http://web.archive.org/*/https://twitter.com/SecElaineChao/status/1263879463189778438"
"Today is National Maritime Day, established by Congress in 1933. The U.S. Flagged Fleet is an integral part of our… https://t.co/YvytmTYwio","http://web.archive.org/*/http://twitter.com/SecElaineChao/status/1263897591877636096"
"Today is National Maritime Day, established by Congress in 1933. The U.S. Flagged Fleet is an integral part of our… https://t.co/YvytmTYwio","http://web.archive.org/*/https://twitter.com/SecElaineChao/status/1263897591877636096"
"When I immigrated to this country at 8 years old, I could never have imagined the opportunities America would hold… https://t.co/EW5grEpFif","http://web.archive.org/*/http://twitter.com/SecElaineChao/status/1265636644968898560"
"When I immigrated to this country at 8 years old, I could never have imagined the opportunities America would hold… https://t.co/EW5grEpFif","http://web.archive.org/*/https://twitter.com/SecElaineChao/status/1265636644968898560"
"America is making history and ushering in a new era of space exploration.  The first American-built spacecraft carr… https://t.co/JmPURYU7SI","http://web.archive.org/*/http://twitter.com/SecElaineChao/status/1265719237739413510"
"America is making history and ushering in a new era of space exploration.  The first American-built spacecraft carr… https://t.co/JmPURYU7SI","http://web.archive.org/*/https://twitter.com/SecElaineChao/status/1265719237739413510"
"This launch will display the growing capabilities of America’s commercial space exploration industry.… https://t.co/tYtVOYJPEy","http://web.archive.org/*/http://twitter.com/SecElaineChao/status/1265719376017268736"
"This launch will display the growing capabilities of America’s commercial space exploration industry.… https://t.co/tYtVOYJPEy","http://web.archive.org/*/https://twitter.com/SecElaineChao/status/1265719376017268736"
"RT @USDOT: Today the Department is announcing that it will distribute over 15 million cloth facial coverings to the Nation's transportation…","http://web.archive.org/*/http://twitter.com/SecElaineChao/status/1267239144952156162"
"RT @USDOT: Today the Department is announcing that it will distribute over 15 million cloth facial coverings to the Nation's transportation…","http://web.archive.org/*/https://twitter.com/SecElaineChao/status/1267239144952156162"
"RT @NHTSAgov: Remind children it’s dangerous to play in, around, and behind vehicles.

Drivers should always check mirrors and walk around…","http://web.archive.org/*/http://twitter.com/SecElaineChao/status/1271544627892494342"
"RT @NHTSAgov: Remind children it’s dangerous to play in, around, and behind vehicles.

Drivers should always check mirrors and walk around…","http://web.archive.org/*/https://twitter.com/SecElaineChao/status/1271544627892494342"
"June is National Safety Month! Let's move forward together, safely! https://t.co/kaQKqSBRO2","http://web.archive.org/*/http://twitter.com/SecElaineChao/status/1271550616259592192"
"June is National Safety Month! Let's move forward together, safely! https://t.co/kaQKqSBRO2","http://web.archive.org/*/https://twitter.com/SecElaineChao/status/1271550616259592192"
"Happy to announce this Administration is delivering nearly 100 Million face masks.","http://web.archive.org/*/http://twitter.com/SecElaineChao/status/1272517447535427584"
"Happy to announce this Administration is delivering nearly 100 Million face masks.","http://web.archive.org/*/https://twitter.com/SecElaineChao/status/1272517447535427584"
"We are committed to protecting the public and reopening the economy; distributing facial coverings will help boost… https://t.co/N692lQhEWK","http://web.archive.org/*/http://twitter.com/SecElaineChao/status/1272517528292646914"
"We are committed to protecting the public and reopening the economy; distributing facial coverings will help boost… https://t.co/N692lQhEWK","http://web.archive.org/*/https://twitter.com/SecElaineChao/status/1272517528292646914"
"Safe cars, save lives! @USDOT @NHTSAgov","http://web.archive.org/*/http://twitter.com/SecElaineChao/status/1272960874723115008"
"Safe cars, save lives! @USDOT @NHTSAgov","http://web.archive.org/*/https://twitter.com/SecElaineChao/status/1272960874723115008"
"RT @realDonaldTrump: https://t.co/Xdf1LYKu2i","http://web.archive.org/*/http://twitter.com/SecElaineChao/status/1272991069601443844"
"RT @realDonaldTrump: https://t.co/Xdf1LYKu2i","http://web.archive.org/*/https://twitter.com/SecElaineChao/status/1272991069601443844"
"RT @USDOT: Today @SecElaineChao is announcing $906 million to revitalize America’s infrastructure through the Infrastructure for Rebuilding…","http://web.archive.org/*/http://twitter.com/SecElaineChao/status/1273724245948891144"
"RT @USDOT: Today @SecElaineChao is announcing $906 million to revitalize America’s infrastructure through the Infrastructure for Rebuilding…","http://web.archive.org/*/https://twitter.com/SecElaineChao/status/1273724245948891144"
"Continuing this Administration’s commitment to revitalizing America's infrastructure, the Department is pleased to… https://t.co/5GAlcaCFPk","http://web.archive.org/*/http://twitter.com/SecElaineChao/status/1273757081770876928"
"Continuing this Administration’s commitment to revitalizing America's infrastructure, the Department is pleased to… https://t.co/5GAlcaCFPk","http://web.archive.org/*/https://twitter.com/SecElaineChao/status/1273757081770876928"
"RT @WhiteHouse: ""We commit, as one Nation, to live true to our highest ideals and to build always toward a freer, stronger country that val…","http://web.archive.org/*/http://twitter.com/SecElaineChao/status/1273994249026113536"
"RT @WhiteHouse: ""We commit, as one Nation, to live true to our highest ideals and to build always toward a freer, stronger country that val…","http://web.archive.org/*/https://twitter.com/SecElaineChao/status/1273994249026113536"
"Congratulations to the @UsmmaO  Class of 2020!  What a great virtual ceremony!  #ActaNonVerba 
https://t.co/jBjbyQT3n3","http://web.archive.org/*/http://twitter.com/SecElaineChao/status/1274459213327147008"
"Congratulations to the @UsmmaO  Class of 2020!  What a great virtual ceremony!  #ActaNonVerba 
https://t.co/jBjbyQT3n3","http://web.archive.org/*/https://twitter.com/SecElaineChao/status/1274459213327147008"
"#HurricaneSeason2020 is upon us. @USDOT @USDOTFHWA encourages you to be prepared. If a severe weather event affects… https://t.co/oFePhHpUBw","http://web.archive.org/*/http://twitter.com/SecElaineChao/status/1275153762131292163"
"#HurricaneSeason2020 is upon us. @USDOT @USDOTFHWA encourages you to be prepared. If a severe weather event affects… https://t.co/oFePhHpUBw","http://web.archive.org/*/https://twitter.com/SecElaineChao/status/1275153762131292163"
"RT @USDOT: In January, @SecElaineChao delivered a commencement address to 104 cadets graduating from @MaritimeCollege. Today, they've joine…","http://web.archive.org/*/http://twitter.com/SecElaineChao/status/1275485320847527936"
"RT @USDOT: In January, @SecElaineChao delivered a commencement address to 104 cadets graduating from @MaritimeCollege. Today, they've joine…","http://web.archive.org/*/https://twitter.com/SecElaineChao/status/1275485320847527936"
"RT @USDOT: To increase flexibility for America’s truckers, @SecElaineChao championed new rules to modernize existing ""hours-of-service"" reg…","http://web.archive.org/*/http://twitter.com/SecElaineChao/status/1278049690005770240"
"RT @USDOT: To increase flexibility for America’s truckers, @SecElaineChao championed new rules to modernize existing ""hours-of-service"" reg…","http://web.archive.org/*/https://twitter.com/SecElaineChao/status/1278049690005770240"
"The U.S. Mexico Canada Agreement (#USMCA) will give American employers greater freedom to sell their goods and serv… https://t.co/Z78LhhcAIg","http://web.archive.org/*/http://twitter.com/SecElaineChao/status/1278342601158975488"
"The U.S. Mexico Canada Agreement (#USMCA) will give American employers greater freedom to sell their goods and serv… https://t.co/Z78LhhcAIg","http://web.archive.org/*/https://twitter.com/SecElaineChao/status/1278342601158975488"
"A safe, secure, efficient and resilient air transportation system that addresses the threat of COVID-19 is critical… https://t.co/UsbT2sKDvQ","http://web.archive.org/*/http://twitter.com/SecElaineChao/status/1279059724022013953"
"A safe, secure, efficient and resilient air transportation system that addresses the threat of COVID-19 is critical… https://t.co/UsbT2sKDvQ","http://web.archive.org/*/https://twitter.com/SecElaineChao/status/1279059724022013953"
"The Runway to Recovery was developed by @USDOT , @HHSGov, and @DHSgov. It provides clear guidance to airlines and a… https://t.co/g7labPFEZK","http://web.archive.org/*/http://twitter.com/SecElaineChao/status/1279060124473180161"
"The Runway to Recovery was developed by @USDOT , @HHSGov, and @DHSgov. It provides clear guidance to airlines and a… https://t.co/g7labPFEZK","http://web.archive.org/*/https://twitter.com/SecElaineChao/status/1279060124473180161"
"Today marks 244 years since the U.S. Declaration of Independence was ratified by the Second Continental Congress on July 4, 1776.","http://web.archive.org/*/http://twitter.com/SecElaineChao/status/1279379617984512006"
"Today marks 244 years since the U.S. Declaration of Independence was ratified by the Second Continental Congress on July 4, 1776.","http://web.archive.org/*/https://twitter.com/SecElaineChao/status/1279379617984512006"
"Best wishes to you and your loved ones for a happy — and safe — 4th of July holiday weekend!","http://web.archive.org/*/http://twitter.com/SecElaineChao/status/1279379706144587776"
"Best wishes to you and your loved ones for a happy — and safe — 4th of July holiday weekend!","http://web.archive.org/*/https://twitter.com/SecElaineChao/status/1279379706144587776"
"Today is Air Traffic Control Day. Take a look at my latest blog post for some more reflections on the great work th… https://t.co/c4UPUiSDZc","http://web.archive.org/*/http://twitter.com/SecElaineChao/status/1280240127726542849"
"Today is Air Traffic Control Day. Take a look at my latest blog post for some more reflections on the great work th… https://t.co/c4UPUiSDZc","http://web.archive.org/*/https://twitter.com/SecElaineChao/status/1280240127726542849"
"RT @USDOT: Today is #NationalAirTrafficControlDay! Our nation's air traffic controllers and technicians go above and beyond to keep America…","http://web.archive.org/*/http://twitter.com/SecElaineChao/status/1280240358836842496"
"RT @USDOT: Today is #NationalAirTrafficControlDay! Our nation's air traffic controllers and technicians go above and beyond to keep America…","http://web.archive.org/*/https://twitter.com/SecElaineChao/status/1280240358836842496"
"Air Traffic Control Day gives a grateful nation an opportunity to thank the men and women who do so much to keep Am… https://t.co/GhBEX9fYhQ","http://web.archive.org/*/http://twitter.com/SecElaineChao/status/1280246610128232455"
"Air Traffic Control Day gives a grateful nation an opportunity to thank the men and women who do so much to keep Am… https://t.co/GhBEX9fYhQ","http://web.archive.org/*/https://twitter.com/SecElaineChao/status/1280246610128232455"
"RT @FMCSA: On behalf of Secretary Elaine L. Chao and the U.S. Department of Transportation, thank you to America’s commercial bus and motor…","http://web.archive.org/*/http://twitter.com/SecElaineChao/status/1280853547077324800"
"RT @FMCSA: On behalf of Secretary Elaine L. Chao and the U.S. Department of Transportation, thank you to America’s commercial bus and motor…","http://web.archive.org/*/https://twitter.com/SecElaineChao/status/1280853547077324800"
"Thank you to America’s commercial bus and motorcoach industry—the work you do each day connects people and communit… https://t.co/8eU4t8y9R1","http://web.archive.org/*/http://twitter.com/SecElaineChao/status/1280854212805525511"
"Thank you to America’s commercial bus and motorcoach industry—the work you do each day connects people and communit… https://t.co/8eU4t8y9R1","http://web.archive.org/*/https://twitter.com/SecElaineChao/status/1280854212805525511"
".@USDOT is proud to partner with Tribal Nations to improve transportation infrastructure delivery in Indian Country… https://t.co/1atzGG7ODa","http://web.archive.org/*/http://twitter.com/SecElaineChao/status/1280920592456331266"
".@USDOT is proud to partner with Tribal Nations to improve transportation infrastructure delivery in Indian Country… https://t.co/1atzGG7ODa","http://web.archive.org/*/https://twitter.com/SecElaineChao/status/1280920592456331266"
"RT @WhiteHouseAAPI: Get ready for #AAPI Young Leaders Summit week! Starting today at 4PM EDT.

Be sure to tune daily at 4PM EDT. Hear from…","http://web.archive.org/*/http://twitter.com/SecElaineChao/status/1285264376786833410"
"RT @WhiteHouseAAPI: Get ready for #AAPI Young Leaders Summit week! Starting today at 4PM EDT.

Be sure to tune daily at 4PM EDT. Hear from…","http://web.archive.org/*/https://twitter.com/SecElaineChao/status/1285264376786833410"
"RT @USDOT: Read @SecElaineChao’s op-ed in the @detroitnews, “Trump administration is cutting red tape, unleashing growth,” on the Departmen…","http://web.archive.org/*/http://twitter.com/SecElaineChao/status/1285576386984517632"
"RT @USDOT: Read @SecElaineChao’s op-ed in the @detroitnews, “Trump administration is cutting red tape, unleashing growth,” on the Departmen…","http://web.archive.org/*/https://twitter.com/SecElaineChao/status/1285576386984517632"
".@USDOT releasing ROUTES Applicant Toolkit which will help rural communities better identify and navigate grant fun… https://t.co/VoIF6xZlei","http://web.archive.org/*/http://twitter.com/SecElaineChao/status/1287798569546780672"
".@USDOT releasing ROUTES Applicant Toolkit which will help rural communities better identify and navigate grant fun… https://t.co/VoIF6xZlei","http://web.archive.org/*/https://twitter.com/SecElaineChao/status/1287798569546780672"
"This #infrastructure investment in the St. Petersburg region will provide better access to residents from downtown… https://t.co/7SAd1diOKj","http://web.archive.org/*/http://twitter.com/SecElaineChao/status/1288154508443488257"
"This #infrastructure investment in the St. Petersburg region will provide better access to residents from downtown… https://t.co/7SAd1diOKj","http://web.archive.org/*/https://twitter.com/SecElaineChao/status/1288154508443488257"
"On this World Day Against #HumanTrafficking, @USDOT is leading initiatives to equip transportation employees with t… https://t.co/vNalyHCEj4","http://web.archive.org/*/http://twitter.com/SecElaineChao/status/1288557336311795712"
"On this World Day Against #HumanTrafficking, @USDOT is leading initiatives to equip transportation employees with t… https://t.co/vNalyHCEj4","http://web.archive.org/*/https://twitter.com/SecElaineChao/status/1288557336311795712"
"ICYMI @USDOT celebrated the 30th anniversary of the Americans with Disabilities Act. The Department continues to pr… https://t.co/1NXHYh1f3e","http://web.archive.org/*/http://twitter.com/SecElaineChao/status/1289262038561087490"
"ICYMI @USDOT celebrated the 30th anniversary of the Americans with Disabilities Act. The Department continues to pr… https://t.co/1NXHYh1f3e","http://web.archive.org/*/https://twitter.com/SecElaineChao/status/1289262038561087490"
"RT @NHTSAgov: Fifty years ago, the Highway Safety Act of 1970 established the National Highway Traffic Safety Administration (NHTSA), to ca…","http://web.archive.org/*/http://twitter.com/SecElaineChao/status/1292836583994007553"
"RT @NHTSAgov: Fifty years ago, the Highway Safety Act of 1970 established the National Highway Traffic Safety Administration (NHTSA), to ca…","http://web.archive.org/*/https://twitter.com/SecElaineChao/status/1292836583994007553"
"RT @NHTSAgov: Fifty years ago, the Highway Safety Act of 1970 established the National Highway Traffic Safety Administration (NHTSA), to ca…","http://web.archive.org/*/http://twitter.com/SecElaineChao/status/1292836583994007553"
"RT @NHTSAgov: Fifty years ago, the Highway Safety Act of 1970 established the National Highway Traffic Safety Administration (NHTSA), to ca…","http://web.archive.org/*/https://twitter.com/SecElaineChao/status/1292836583994007553"
"RT @NHTSAgov: Fifty years ago, the Highway Safety Act of 1970 established the National Highway Traffic Safety Administration (NHTSA), to ca…","http://web.archive.org/*/http://twitter.com/SecElaineChao/status/1292836583994007553"
"RT @NHTSAgov: Fifty years ago, the Highway Safety Act of 1970 established the National Highway Traffic Safety Administration (NHTSA), to ca…","http://web.archive.org/*/https://twitter.com/SecElaineChao/status/1292836583994007553"
"RT @USDOT: Today @SecElaineChao is announcing $464 million in transit infrastructure grants nationwide to improve the safety and reliabilit…","http://web.archive.org/*/http://twitter.com/SecElaineChao/status/1293187517563510790"
"RT @USDOT: Today @SecElaineChao is announcing $464 million in transit infrastructure grants nationwide to improve the safety and reliabilit…","http://web.archive.org/*/https://twitter.com/SecElaineChao/status/1293187517563510790"
"Celebrating the 100th anniversary of the 19th Amendment. The first woman voter in my family was my mother, Mrs. Rut… https://t.co/u2JgNDjXa7","http://web.archive.org/*/http://twitter.com/SecElaineChao/status/1294332648563847168"
"Celebrating the 100th anniversary of the 19th Amendment. The first woman voter in my family was my mother, Mrs. Rut… https://t.co/u2JgNDjXa7","http://web.archive.org/*/https://twitter.com/SecElaineChao/status/1294332648563847168"
"RT @USDOT: .@SecElaineChao recently caught up with @WomenInTrucking’s Redefining the Road Magazine to discuss her career journey, her advic…","http://web.archive.org/*/http://twitter.com/SecElaineChao/status/1295763622719827969"
"RT @USDOT: .@SecElaineChao recently caught up with @WomenInTrucking’s Redefining the Road Magazine to discuss her career journey, her advic…","http://web.archive.org/*/https://twitter.com/SecElaineChao/status/1295763622719827969"
"RT @USDOT: Now more than ever, America's leaning on our transportation system to serve as a lifeline for the nation. @SecElaineChao spoke w…","http://web.archive.org/*/http://twitter.com/SecElaineChao/status/1296157259555385346"
"RT @USDOT: Now more than ever, America's leaning on our transportation system to serve as a lifeline for the nation. @SecElaineChao spoke w…","http://web.archive.org/*/https://twitter.com/SecElaineChao/status/1296157259555385346"
"RT @WomensVote100: U.S. Transportation Sec. Elaine Chao on #OurStory100 in @UnionStationDC_ “This mosaic, marking the historic centennial o…","http://web.archive.org/*/http://twitter.com/SecElaineChao/status/1297888276305645576"
"RT @WomensVote100: U.S. Transportation Sec. Elaine Chao on #OurStory100 in @UnionStationDC_ “This mosaic, marking the historic centennial o…","http://web.archive.org/*/https://twitter.com/SecElaineChao/status/1297888276305645576"
"This year, @USDOT has committed more than $1.6 billion in Opportunity Zones with more to come! These funds are for… https://t.co/jPONq4d2Ga","http://web.archive.org/*/http://twitter.com/SecElaineChao/status/1297929097788760064"
"This year, @USDOT has committed more than $1.6 billion in Opportunity Zones with more to come! These funds are for… https://t.co/jPONq4d2Ga","http://web.archive.org/*/https://twitter.com/SecElaineChao/status/1297929097788760064"
"It was great to be with @FLOTUS at the White House for the unveiling of the “Building the Movement” art exhibit. Th… https://t.co/6kaoGLhTQE","http://web.archive.org/*/http://twitter.com/SecElaineChao/status/1298017953473007617"
"It was great to be with @FLOTUS at the White House for the unveiling of the “Building the Movement” art exhibit. Th… https://t.co/6kaoGLhTQE","http://web.archive.org/*/https://twitter.com/SecElaineChao/status/1298017953473007617"
"RT @FTA_DOT: Just announced: $400M in funding allocations to 4 #transit #infrastructure projects advancing toward construction grant agreem…","http://web.archive.org/*/http://twitter.com/SecElaineChao/status/1298626143508144130"
"RT @FTA_DOT: Just announced: $400M in funding allocations to 4 #transit #infrastructure projects advancing toward construction grant agreem…","http://web.archive.org/*/https://twitter.com/SecElaineChao/status/1298626143508144130"
"RT @USDOT: Last week, @SecElaineChao caught up with @RoadDogTrucking to discuss hours-of-service reforms and critical regulatory relief the…","http://web.archive.org/*/http://twitter.com/SecElaineChao/status/1300545436932091905"
"RT @USDOT: Last week, @SecElaineChao caught up with @RoadDogTrucking to discuss hours-of-service reforms and critical regulatory relief the…","http://web.archive.org/*/https://twitter.com/SecElaineChao/status/1300545436932091905"
"RT @IvankaTrump: This week we opened the 6th Operation Lady Justice office in Anchorage, Alaska to investigate cold cases involving missing…","http://web.archive.org/*/http://twitter.com/SecElaineChao/status/1300566565419708419"
"RT @IvankaTrump: This week we opened the 6th Operation Lady Justice office in Anchorage, Alaska to investigate cold cases involving missing…","http://web.archive.org/*/https://twitter.com/SecElaineChao/status/1300566565419708419"
"Good news for America’s airports! Announcing today $1.2 billion in federal funds to 405 airports in 50 states and 6… https://t.co/jowcaWcEgA","http://web.archive.org/*/http://twitter.com/SecElaineChao/status/1300801920303595520"
"Good news for America’s airports! Announcing today $1.2 billion in federal funds to 405 airports in 50 states and 6… https://t.co/jowcaWcEgA","http://web.archive.org/*/https://twitter.com/SecElaineChao/status/1300801920303595520"
".@USDOT is launching an online tool that gives the public unprecedented levels of transparency on on-road testing o… https://t.co/8u05NJWPfT","http://web.archive.org/*/http://twitter.com/SecElaineChao/status/1301184736359055361"
".@USDOT is launching an online tool that gives the public unprecedented levels of transparency on on-road testing o… https://t.co/8u05NJWPfT","http://web.archive.org/*/https://twitter.com/SecElaineChao/status/1301184736359055361"
"The efficient movement of freight across our country fuels our economy; today @USDOT is unveiling the first-ever mu… https://t.co/GrSGUjqiIc","http://web.archive.org/*/http://twitter.com/SecElaineChao/status/1301569333286645760"
"The efficient movement of freight across our country fuels our economy; today @USDOT is unveiling the first-ever mu… https://t.co/GrSGUjqiIc","http://web.archive.org/*/https://twitter.com/SecElaineChao/status/1301569333286645760"
"RT @USDOTFHWA: U.S. Department of Transportation awards Louisiana $5 million in “Quick Release” #EmergencyRelief funding to help begin repa…","http://web.archive.org/*/http://twitter.com/SecElaineChao/status/1301872095790534663"
"RT @USDOTFHWA: U.S. Department of Transportation awards Louisiana $5 million in “Quick Release” #EmergencyRelief funding to help begin repa…","http://web.archive.org/*/https://twitter.com/SecElaineChao/status/1301872095790534663"
"#LaborDay weekend is here, please remember to buckle up and drive sober. The worst mistake a driver can make is get… https://t.co/gGsAi2Fy4r","http://web.archive.org/*/http://twitter.com/SecElaineChao/status/1301914112155410433"
"#LaborDay weekend is here, please remember to buckle up and drive sober. The worst mistake a driver can make is get… https://t.co/gGsAi2Fy4r","http://web.archive.org/*/https://twitter.com/SecElaineChao/status/1301914112155410433"
"From all of us @USDOT, Happy Labor Day!  A big thank you to the hardworking men and women who work every day to kee… https://t.co/ATyulZykJ9","http://web.archive.org/*/http://twitter.com/SecElaineChao/status/1302954564539371523"
"From all of us @USDOT, Happy Labor Day!  A big thank you to the hardworking men and women who work every day to kee… https://t.co/ATyulZykJ9","http://web.archive.org/*/https://twitter.com/SecElaineChao/status/1302954564539371523"
"Thank you to @MADDOnline for 40 years of working to end drunk and impaired driving! Your work improves safety on th… https://t.co/JzOkdcvC4A","http://web.archive.org/*/http://twitter.com/SecElaineChao/status/1304044519474724865"
"Thank you to @MADDOnline for 40 years of working to end drunk and impaired driving! Your work improves safety on th… https://t.co/JzOkdcvC4A","http://web.archive.org/*/https://twitter.com/SecElaineChao/status/1304044519474724865"
"On AF1 with @POTUS and @FLOTUS on the way to Shanksville, PA, to attend the memorial service in remembrance of the… https://t.co/reyaEQCj6O","http://web.archive.org/*/http://twitter.com/SecElaineChao/status/1304400812827869190"
"We will never forget those who were lost during the 9/11 attacks on our country. We are grateful to Air Traffic Con… https://t.co/33x9Sgj1lo","http://web.archive.org/*/http://twitter.com/SecElaineChao/status/1304400813868175360"
"On AF1 with @POTUS and @FLOTUS on the way to Shanksville, PA, to attend the memorial service in remembrance of the… https://t.co/reyaEQCj6O","http://web.archive.org/*/https://twitter.com/SecElaineChao/status/1304400812827869190"
"Modes across @USDOT assisted with the reopening of roads, tunnels, bridges, harbors and railroads throughout the co… https://t.co/YAknOjf816","http://web.archive.org/*/http://twitter.com/SecElaineChao/status/1304400814870540288"
"We will never forget those who were lost during the 9/11 attacks on our country. We are grateful to Air Traffic Con… https://t.co/33x9Sgj1lo","http://web.archive.org/*/https://twitter.com/SecElaineChao/status/1304400813868175360"
"Modes across @USDOT assisted with the reopening of roads, tunnels, bridges, harbors and railroads throughout the co… https://t.co/YAknOjf816","http://web.archive.org/*/https://twitter.com/SecElaineChao/status/1304400814870540288"
"Today at 10 AM, please join @USDOT as we remember those lost during the 9/11 attacks on our country and the heroes… https://t.co/rWBJhgdqYQ","http://web.archive.org/*/http://twitter.com/SecElaineChao/status/1304411877074640897"
"Today at 10 AM, please join @USDOT as we remember those lost during the 9/11 attacks on our country and the heroes… https://t.co/rWBJhgdqYQ","http://web.archive.org/*/https://twitter.com/SecElaineChao/status/1304411877074640897"
"This week is National Truck Driver Appreciation Week! America’s truck drivers are true heroes! @USDOT is proud to s… https://t.co/EUJ9qC9UWN","http://web.archive.org/*/http://twitter.com/SecElaineChao/status/1305582265636978689"
"This week is National Truck Driver Appreciation Week! America’s truck drivers are true heroes! @USDOT is proud to s… https://t.co/EUJ9qC9UWN","http://web.archive.org/*/https://twitter.com/SecElaineChao/status/1305582265636978689"
"RT @WhiteHouse: Today is a HISTORIC day at the White House!

President @realDonaldTrump welcomes the Prime Minister of Israel and the Forei…","http://web.archive.org/*/http://twitter.com/SecElaineChao/status/1305900842076307456"
"RT @WhiteHouse: Today is a HISTORIC day at the White House!

President @realDonaldTrump welcomes the Prime Minister of Israel and the Forei…","http://web.archive.org/*/https://twitter.com/SecElaineChao/status/1305900842076307456"
"RT @WhiteHouse: LIVE: President @realDonaldTrump and @FLOTUS at Abraham Accords signing ceremony https://t.co/PjD12n0PG7","http://web.archive.org/*/http://twitter.com/SecElaineChao/status/1305913917512843272"
"RT @WhiteHouse: LIVE: President @realDonaldTrump and @FLOTUS at Abraham Accords signing ceremony https://t.co/PjD12n0PG7","http://web.archive.org/*/https://twitter.com/SecElaineChao/status/1305913917512843272"
"Big news for America’s infrastructure! @USDOT is announcing $1 billion in BUILD grants that will repair, rebuild, a… https://t.co/Gvt67Fa0qO","http://web.archive.org/*/http://twitter.com/SecElaineChao/status/1306231619481751553"
"Big news for America’s infrastructure! @USDOT is announcing $1 billion in BUILD grants that will repair, rebuild, a… https://t.co/Gvt67Fa0qO","http://web.archive.org/*/https://twitter.com/SecElaineChao/status/1306231619481751553"
"This Administration has awarded nearly $4 billion in BUILD grants to infrastructure projects that have increased sa… https://t.co/bBL7kgNYxy","http://web.archive.org/*/http://twitter.com/SecElaineChao/status/1306291765784334337"
"This Administration has awarded nearly $4 billion in BUILD grants to infrastructure projects that have increased sa… https://t.co/bBL7kgNYxy","http://web.archive.org/*/https://twitter.com/SecElaineChao/status/1306291765784334337"
"Celebrate #NationalHispanicHeritageMonth! The history of transportation is marked by many pioneers and high achieve… https://t.co/ByWqr9QSpC","http://web.archive.org/*/http://twitter.com/SecElaineChao/status/1306578656291160065"
"Celebrate #NationalHispanicHeritageMonth! The history of transportation is marked by many pioneers and high achieve… https://t.co/ByWqr9QSpC","http://web.archive.org/*/https://twitter.com/SecElaineChao/status/1306578656291160065"
"Marking 50 years of @NHTSAgov’s contributions and accomplishments to safety! Thanks to its work, the fatality rate… https://t.co/yDoFBljQb5","http://web.archive.org/*/http://twitter.com/SecElaineChao/status/1306639057980518400"
"Marking 50 years of @NHTSAgov’s contributions and accomplishments to safety! Thanks to its work, the fatality rate… https://t.co/yDoFBljQb5","http://web.archive.org/*/https://twitter.com/SecElaineChao/status/1306639057980518400"
"When you are on the road, please remember to #MoveOver for emergency vehicles. We all have a role to play in keepin… https://t.co/vbMc7BkIw1","http://web.archive.org/*/http://twitter.com/SecElaineChao/status/1306986345127202816"
"When you are on the road, please remember to #MoveOver for emergency vehicles. We all have a role to play in keepin… https://t.co/vbMc7BkIw1","http://web.archive.org/*/https://twitter.com/SecElaineChao/status/1306986345127202816"
"RT @USDOT: .@SecElaineChao recounts her visit to the @Flight93NPS last Friday with @POTUS: https://t.co/X5uq6KPTdu","http://web.archive.org/*/http://twitter.com/SecElaineChao/status/1307054741470445574"
"RT @USDOT: .@SecElaineChao recounts her visit to the @Flight93NPS last Friday with @POTUS: https://t.co/X5uq6KPTdu","http://web.archive.org/*/https://twitter.com/SecElaineChao/status/1307054741470445574"
"It’s #ChildPassengerSafetyWeek! Car seats, booster seats, and seatbelts are the best tools parents and caregivers h… https://t.co/TuEOesXy2b","http://web.archive.org/*/http://twitter.com/SecElaineChao/status/1308031197843460096"
"It’s #ChildPassengerSafetyWeek! Car seats, booster seats, and seatbelts are the best tools parents and caregivers h… https://t.co/TuEOesXy2b","http://web.archive.org/*/https://twitter.com/SecElaineChao/status/1308031197843460096"
"This week is #RailSafetyWeek – an important week to remind everyone to take extra caution at rail crossings. Rememb… https://t.co/I8NkcjWJKG","http://web.archive.org/*/http://twitter.com/SecElaineChao/status/1308392306299502597"
"This week is #RailSafetyWeek – an important week to remind everyone to take extra caution at rail crossings. Rememb… https://t.co/I8NkcjWJKG","http://web.archive.org/*/https://twitter.com/SecElaineChao/status/1308392306299502597"
"$320.6 million in grants from @USDOT is being announced to improve rail infrastructure and enhance rail safety acro… https://t.co/zEGMNZ7B3X","http://web.archive.org/*/http://twitter.com/SecElaineChao/status/1308788601380048896"
"$320.6 million in grants from @USDOT is being announced to improve rail infrastructure and enhance rail safety acro… https://t.co/zEGMNZ7B3X","http://web.archive.org/*/https://twitter.com/SecElaineChao/status/1308788601380048896"
"RT @USDOTFHWA: FHWA today announced the 6th round of its Every Day Counts (EDC-6) collaboration, which @USDOT @SecElaineChao says will prov…","http://web.archive.org/*/http://twitter.com/SecElaineChao/status/1308846561993134080"
"RT @USDOTFHWA: FHWA today announced the 6th round of its Every Day Counts (EDC-6) collaboration, which @USDOT @SecElaineChao says will prov…","http://web.archive.org/*/https://twitter.com/SecElaineChao/status/1308846561993134080"
"Pleased to announce another $335 million in airport infrastructure funding to 80 airports in 25 states! These grant… https://t.co/fuu5W1E1DQ","http://web.archive.org/*/http://twitter.com/SecElaineChao/status/1309130465933049856"
"Pleased to announce another $335 million in airport infrastructure funding to 80 airports in 25 states! These grant… https://t.co/fuu5W1E1DQ","http://web.archive.org/*/https://twitter.com/SecElaineChao/status/1309130465933049856"
"As #ChildPassengerSafetyWeek comes to a close, remember that @NHTSAgov has excellent resources for parents and care… https://t.co/Y3MBLFuFvB","http://web.archive.org/*/http://twitter.com/SecElaineChao/status/1309568352331993088"
"As #ChildPassengerSafetyWeek comes to a close, remember that @NHTSAgov has excellent resources for parents and care… https://t.co/Y3MBLFuFvB","http://web.archive.org/*/https://twitter.com/SecElaineChao/status/1309568352331993088"
"My statement on President Trump's nomination of Judge Amy Coney Barrett to the U.S. Supreme Court: https://t.co/ie0Cb60gHu","http://web.archive.org/*/http://twitter.com/SecElaineChao/status/1309967984627077121"
"My statement on President Trump's nomination of Judge Amy Coney Barrett to the U.S. Supreme Court: https://t.co/ie0Cb60gHu","http://web.archive.org/*/https://twitter.com/SecElaineChao/status/1309967984627077121"
"Congratulations to the winners of @FMCSA’s 2020 Road Safety Student Art Contest! Excellent work by these students s… https://t.co/zwOPKPXiDV","http://web.archive.org/*/http://twitter.com/SecElaineChao/status/1310610220872134659"
"Congratulations to the winners of @FMCSA’s 2020 Road Safety Student Art Contest! Excellent work by these students s… https://t.co/zwOPKPXiDV","http://web.archive.org/*/https://twitter.com/SecElaineChao/status/1310610220872134659"
"Pleased to announce the Department is providing $574 million to help states repair and rebuild roads and bridges da… https://t.co/Lk5A93ZTos","http://web.archive.org/*/http://twitter.com/SecElaineChao/status/1310960418786078727"
"Pleased to announce the Department is providing $574 million to help states repair and rebuild roads and bridges da… https://t.co/Lk5A93ZTos","http://web.archive.org/*/https://twitter.com/SecElaineChao/status/1310960418786078727"
"Tomorrow kicks off @NHTSAgov’s #PedestrianSafetyMonth! The Department has been hard at work on its commitment to ma… https://t.co/SW8FyZCuY1","http://web.archive.org/*/http://twitter.com/SecElaineChao/status/1311304796054466561"
"Tomorrow kicks off @NHTSAgov’s #PedestrianSafetyMonth! The Department has been hard at work on its commitment to ma… https://t.co/SW8FyZCuY1","http://web.archive.org/*/https://twitter.com/SecElaineChao/status/1311304796054466561"
"Announcing today the official beginning of the Tribal Transportation Self-Governance Program (TTSGP)! This rule wil… https://t.co/eZxOejMZpG","http://web.archive.org/*/http://twitter.com/SecElaineChao/status/1311750721239384064"
"Announcing today the official beginning of the Tribal Transportation Self-Governance Program (TTSGP)! This rule wil… https://t.co/eZxOejMZpG","http://web.archive.org/*/https://twitter.com/SecElaineChao/status/1311750721239384064"
"Sending all good wishes to @POTUS &amp; @FLOTUS!","http://web.archive.org/*/http://twitter.com/SecElaineChao/status/1312050064420937728"
"Sending all good wishes to @POTUS &amp; @FLOTUS!","http://web.archive.org/*/https://twitter.com/SecElaineChao/status/1312050064420937728"
"Follow @NHTSAgov through October as they share pedestrian safety resources &amp; tips. Watch out for dangerous driving… https://t.co/KUm5e6Tx9K","http://web.archive.org/*/http://twitter.com/SecElaineChao/status/1313168437703839745"
"Follow @NHTSAgov through October as they share pedestrian safety resources &amp; tips. Watch out for dangerous driving… https://t.co/KUm5e6Tx9K","http://web.archive.org/*/https://twitter.com/SecElaineChao/status/1313168437703839745"
"Stop. Trains Can’t. @USDOT is launching a public safety campaign. Always expect a train when you approach a Rail Cr… https://t.co/thoR8hRE1F","http://web.archive.org/*/http://twitter.com/SecElaineChao/status/1313495328306454529"
"Stop. Trains Can’t. @USDOT is launching a public safety campaign. Always expect a train when you approach a Rail Cr… https://t.co/thoR8hRE1F","http://web.archive.org/*/https://twitter.com/SecElaineChao/status/1313495328306454529"
"Today is #NationalWalkToSchoolDay! Remember to pay attention while driving, especially in and around school zones,… https://t.co/tdd3A13qOM","http://web.archive.org/*/http://twitter.com/SecElaineChao/status/1313814845209313280"
"Today is #NationalWalkToSchoolDay! Remember to pay attention while driving, especially in and around school zones,… https://t.co/tdd3A13qOM","http://web.archive.org/*/https://twitter.com/SecElaineChao/status/1313814845209313280"
"For those of you walking home from school – and all pedestrians – please always remain alert and aware of your surr… https://t.co/uBz8CQG8xF","http://web.archive.org/*/http://twitter.com/SecElaineChao/status/1313901913092562944"
"For those of you walking home from school – and all pedestrians – please always remain alert and aware of your surr… https://t.co/uBz8CQG8xF","http://web.archive.org/*/https://twitter.com/SecElaineChao/status/1313901913092562944"
"This is #NationalDistractedDrivingWeek. Don’t text while driving and never take your eyes off the road. No text or… https://t.co/mtKk5hbXmF","http://web.archive.org/*/http://twitter.com/SecElaineChao/status/1314219749426049025"
"This is #NationalDistractedDrivingWeek. Don’t text while driving and never take your eyes off the road. No text or… https://t.co/mtKk5hbXmF","http://web.archive.org/*/https://twitter.com/SecElaineChao/status/1314219749426049025"
"If you’re in the path of #HurricaneDelta, pay attention, take the necessary precautions and listen to your local au… https://t.co/jNnzjGQOof","http://web.archive.org/*/http://twitter.com/SecElaineChao/status/1314505892876886018"
"If you’re in the path of #HurricaneDelta, pay attention, take the necessary precautions and listen to your local au… https://t.co/jNnzjGQOof","http://web.archive.org/*/https://twitter.com/SecElaineChao/status/1314505892876886018"
".@USDOT awarded $8.5M for projects that will improve transit service &amp; reliability to disadvantaged communities acr… https://t.co/lVCeysw0C0","http://web.archive.org/*/http://twitter.com/SecElaineChao/status/1314596493526011904"
".@USDOT awarded $8.5M for projects that will improve transit service &amp; reliability to disadvantaged communities acr… https://t.co/lVCeysw0C0","http://web.archive.org/*/https://twitter.com/SecElaineChao/status/1314596493526011904"
