"user ID","tweet ID","tweet text","archive URL","time deletion noticed"
"SecretaryPerry","907356809882718219","Received updates from our partners at Electricity Sub-sector Coordinating Council on their field efforts in respons‚Ä¶ https://t.co/i5PxpnxlWx","http://web.archive.org/*/http://twitter.com/SecretaryPerry/status/907356809882718219","2017-09-12 04:47:27.297963"
"SecretaryAcosta","908017157015040000","Thank you to @FIU, @HHSGov #USPHS, and @HealthFla for helping to shelter Miamians in need. Great to see Floridians‚Ä¶ https://t.co/4HW5DU1pLd","http://web.archive.org/*/http://twitter.com/SecretaryAcosta/status/908017157015040000","2017-09-13 12:07:08.938000"
"nikkihaley","908071273900670976","@UN Human Rights Chief on what‚Äôs happening in Rakhine: ""The situation seems like a textbook example of ethnic clean‚Ä¶ https://t.co/ikiFC7YW1t","http://web.archive.org/*/http://twitter.com/nikkihaley/status/908071273900670976","2017-09-13 13:57:39.483407"
"nikkihaley","908074117534044162","Burmese security forces must respect human rights and fundamental freedoms of civilians in Rakhine State.‚Ä¶ https://t.co/XxAB001kow","http://web.archive.org/*/http://twitter.com/nikkihaley/status/908074117534044162","2017-09-13 14:09:31.264210"
"nikkihaley","908075290223628288","Burmese security forces must respect the human rights and fundamental freedoms of civilians in Rakhine State. https://t.co/1lRh6X3Fnq","http://web.archive.org/*/http://twitter.com/nikkihaley/status/908075290223628288","2017-09-13 14:10:02.692531"
"nikkihaley","908080142752378881","We thank Bangladesh for hosting hundreds of thousands of refugees, fleeing violence, with nowhere to go.‚Ä¶ https://t.co/XHUb3XXt9z","http://web.archive.org/*/http://twitter.com/nikkihaley/status/908080142752378881","2017-09-13 14:38:49.409641"
"DanScavino","906086426386853888","RT @realDonaldTrump: I encourage EVERYONE in the path of #HurricaneIrma to heed the advice and orders of local &amp; state officials! https://t‚Ä¶","http://web.archive.org/*/http://twitter.com/DanScavino/status/906086426386853888","2017-09-13 16:31:43.608052"
"DanScavino","904914476364963840","WHAT A GAME! Congratulations Tennessee! #TENNvsGTüèà","http://web.archive.org/*/http://twitter.com/DanScavino/status/904914476364963840","2017-09-13 17:01:55.594012"
"DanScavino","905771637638868992","The House passed an $8 billion #HurricaneHarvey relief package, 419-3 vote. 

@JustinAmashüëévoted against the relief. https://t.co/oTUTkDjAvI","http://web.archive.org/*/http://twitter.com/DanScavino/status/905771637638868992","2017-09-13 17:02:03.509312"
"SecretaryPerry","908352807912210432","#IrmaRecovery would not be possible without our first responders. Thank you to these American Heros. https://t.co/xv1yETuDwU","http://web.archive.org/*/http://twitter.com/SecretaryPerry/status/908352807912210432","2017-09-14 08:33:34.639526"
"AshLeeStrong","908373024554004481","If only @APAndrewTaylor has shown... https://t.co/p4MRxK2qsn","http://web.archive.org/*/http://twitter.com/AshLeeStrong/status/908373024554004481","2017-09-14 09:53:20.255955"
"SecretaryPerry","908761163122511872","First batch of coal ever sent from the United States to Ukraine has arrived! #AmericanEnergyDominance‚Ä¶ https://t.co/UzzeanRWQ2","http://web.archive.org/*/http://twitter.com/SecretaryPerry/status/908761163122511872","2017-09-15 11:35:35.136056"
"SecretaryPerry","908761633337565185","First batch of thermal coal ever sent from the United States to Ukraine has arrived!
https://t.co/iv3T8cZ9a4 https://t.co/36AKEjjDYV","http://web.archive.org/*/http://twitter.com/SecretaryPerry/status/908761633337565185","2017-09-15 11:55:53.079404"
"AshLeeStrong","908801600285790211","@JakeSherman That would be the actual ""best""","http://web.archive.org/*/http://twitter.com/AshLeeStrong/status/908801600285790211","2017-09-15 14:20:54.696097"
"SecretaryPerry","909408704369479681","Wonderful bilateral meeting with our friends from Japan. Looking forward to more @IAEAOrg work later today. https://t.co/nZEpSHEIQM","http://web.archive.org/*/http://twitter.com/SecretaryPerry/status/909408704369479681","2017-09-17 06:32:19.120411"
"SBALinda","909821761423859712","Speaking with #IMPACTO Latino Business &amp; Economy Sumposium, to share with the Latino community all the @SBAgov reso‚Ä¶ https://t.co/Ccf7XLzlai","http://web.archive.org/*/http://twitter.com/SBALinda/status/909821761423859712","2017-09-18 11:15:58.800101"
"SenDanCoats","775781463623163904","RT @bbreenportnoy: @SenDanCoats to @algemeiner: PA‚Äôs use of US tax dollars to fund terrorists ‚Äòmorally repugnant, must be stopped‚Äô https://‚Ä¶","http://web.archive.org/*/http://twitter.com/SenDanCoats/status/775781463623163904","2017-09-19 19:44:57.382019"
"PressSec","910468724796399617","RT @GovMikeHuckabee: On @Delta flight from NY and watching @PressSec on TV when flight announcements don't interrupt her! Why isn't ever‚Ä¶ ","http://web.archive.org/*/http://twitter.com/PressSec/status/910468724796399617","2017-09-20 04:40:53.992671"
"SecretaryCarson","910589143134216195","RT @JoeDeFeliceHUD: Some pics from yesterdays @SecretaryCarson tour of Philly @revjoewatkins @keljerry @VM_Center @HUDMidAtlantic‚Ä¶ ","http://web.archive.org/*/http://twitter.com/SecretaryCarson/status/910589143134216195","2017-09-20 12:39:24.080390"
"stevenmnuchin1","910960114957471744","My statement on @POTUS @realdonaldtrump E.O. strengthening US ability to cut off funding to the North Korean regime‚Ä¶ https://t.co/R8qi2iRx5f","http://web.archive.org/*/http://twitter.com/stevenmnuchin1/status/910960114957471744","2017-09-21 13:13:46.499175"
"SBALinda","910881208342601728","Speaking w/Cincinnati entrepreneurs about challenges they face starting, growing &amp; succeeding in biz.‚Ä¶ https://t.co/r9nYElO4Do","http://web.archive.org/*/http://twitter.com/SBALinda/status/910881208342601728","2017-09-21 14:04:29.018160"
"SecretaryCarson","911277138640240640","Talking with those seeking assistance at the @fema staff at the @Cityofbmt Disaster Recovery Center https://t.co/aJF2OXmgfc","http://web.archive.org/*/http://twitter.com/SecretaryCarson/status/911277138640240640","2017-09-22 10:13:03.321151"
"FLOTUS","912012253968437249","Wishing all competitors at @invicusToronto the best of luck this week! Thank you to all who serve. Go Team USA üá∫üá∏!!! https://t.co/4XLGqmNSqi","http://web.archive.org/*/http://twitter.com/FLOTUS/status/912012253968437249","2017-09-24 11:10:36.836786"
"MickMulvaneyOMB","912315328176250880","State-by-State impact for #GCHJ: https://t.co/qR2wwWMyCK","http://web.archive.org/*/http://twitter.com/MickMulvaneyOMB/status/912315328176250880","2017-09-25 06:59:10.869991"
"SecretaryPerry","912424859233333250","Great event w/ @SecretaryZinke &amp; others today at the Nation Petroleum Council mtg. Together we will achieve‚Ä¶ https://t.co/Cml9HzS8Ks","http://web.archive.org/*/http://twitter.com/SecretaryPerry/status/912424859233333250","2017-09-25 14:14:49.139983"
"SecretaryPerry","912456360515776517","It's a tremendous honor to be here w/ heroes who serve &amp; in remembrance of those who gave ‚Äútheir last measure of de‚Ä¶ https://t.co/W8GjHyuSeS","http://web.archive.org/*/http://twitter.com/SecretaryPerry/status/912456360515776517","2017-09-26 08:08:02.347676"
"SecretaryPerry","912452916342083586","Speaking this evening at the Marine Corps Scholarship Foundation dinner at the esteemed Army Navy Club w/ General M‚Ä¶ https://t.co/Yz0xOK1FLK","http://web.archive.org/*/http://twitter.com/SecretaryPerry/status/912452916342083586","2017-09-26 08:08:34.919847"
"SecretaryPerry","912461936255696897","We must never forget the sacrifice of blood made in the mountains of Afghanistan, the sands of Iraq, the jungles of‚Ä¶ https://t.co/jxRY2kSkHP","http://web.archive.org/*/http://twitter.com/SecretaryPerry/status/912461936255696897","2017-09-26 08:08:53.077688"
"Scaramucci","912687956556738561","RT @DuchessLiberty: The Mooch has shirts! https://t.co/xBwsMrIMTj","http://web.archive.org/*/http://twitter.com/Scaramucci/status/912687956556738561","2017-09-26 14:13:17.439683"
"VP","912789909907353600","Met w/ @RepJennifer &amp; Sen @marcorubio to discuss PR recovery, including additional aid @POTUS made available today:‚Ä¶ https://t.co/EnYUX1V26t","http://web.archive.org/*/http://twitter.com/VP/status/912789909907353600","2017-09-26 14:33:43.112380"
"realDonaldTrump","912860336100904960","Congratulations to Roy Moore on his Republican Primary win in Alabama. Luther Strange started way back &amp; ran a good race. Roy, WIN in Nov!","http://web.archive.org/*/http://twitter.com/realDonaldTrump/status/912860336100904960","2017-09-26 19:17:34.203508"
"realDonaldTrump","912670906828443648","ALABAMA, get out and vote for Luther Strange - he has proven to me that he will never let you down! #MAGA","http://web.archive.org/*/http://twitter.com/realDonaldTrump/status/912670906828443648","2017-09-26 19:20:06.799037"
"mike_pence","912675404841930753","RT @realDonaldTrump: ALABAMA, get out and vote for Luther Strange - he has proven to me that he will never let you down! #MAGA","http://web.archive.org/*/http://twitter.com/mike_pence/status/912675404841930753","2017-09-26 19:20:07.981868"
"realDonaldTrump","912631781098221568","","","2017-09-26 19:20:33.336212"
"realDonaldTrump","912494675206053888","","","2017-09-26 19:20:58.161093"
"AshLeeStrong","691420760708104192","","","2017-09-26 20:14:44.408132"
"Scaramucci","10767953351942145","","","2017-09-26 20:54:39.400149"
"Scaramucci","12906069080678401","","","2017-09-26 20:55:17.161518"
"Scaramucci","13319168275255296","","","2017-09-26 20:55:33.084505"
"Scaramucci","20313551361015808","","","2017-09-26 20:55:49.824335"
"Scaramucci","21980616195055616","","","2017-09-26 20:56:08.681125"
"Scaramucci","7084003475595264","","","2017-09-26 21:02:22.787799"
"Scaramucci","7189512153210880","","","2017-09-26 21:02:38.999320"
"Scaramucci","7202929358409728","","","2017-09-26 21:02:55.219630"
"Scaramucci","6057892641775616","","","2017-09-26 21:04:05.934836"
"Scavino45","912874913018601472","RT @cavsdan: Honored to have @IvankaTrump @amazon @Microsoft @salesforce &amp; others in DET today to announce $300M+ commitment bac‚Ä¶ ","http://web.archive.org/*/http://twitter.com/Scavino45/status/912874913018601472","2017-09-26 21:25:54.366294"
"Scaramucci","431921999288737792","","","2017-09-26 22:11:43.069863"
"SecPriceMD","913033530330025984","@DeptofDefense @DeptVetAffairs So far we‚Äôve coordinated transport for &gt;150 dialysis &amp; &gt;130 critical care patients f‚Ä¶ https://t.co/zeIqRu8PGW","http://web.archive.org/*/http://twitter.com/SecPriceMD/status/913033530330025984","2017-09-27 06:32:35.691236"
"SBALinda","913042627074953216","Here with @ScottforFlorida in #Miami @Camacol_org, hosting a roundtable with #SmallBiz owners to discuss @SBAgov‚Ä¶ https://t.co/E3cmE5Wf9R","http://web.archive.org/*/http://twitter.com/SBALinda/status/913042627074953216","2017-09-27 07:08:51.465569"
"SecShulkin","913043570701082624","","","2017-09-27 07:13:09.729642"
"SecretaryZinke","913051482588680192","Sometimes the most powerful thing you can do is lend support &amp; prayer. Bravo Zulu to @blmnv Law Enforcement &amp; Range‚Ä¶ https://t.co/0jsUTCCC0S","http://web.archive.org/*/http://twitter.com/SecretaryZinke/status/913051482588680192","2017-09-27 07:49:17.898397"
"VP","913072400450899973","Bringing POTUS‚Äô pro-growth, pro-jobs, pro-worker, pro-family, pro-American tax reform message to hard working famil‚Ä¶ https://t.co/xhWyPy15vI","http://web.archive.org/*/http://twitter.com/VP/status/913072400450899973","2017-09-27 09:07:16.644277"
"AshLeeStrong","913087935288889344","RT @RepHartzler: Great to hear VP @mike_pence   endorse our tax reform plan to create MORE jobs, FAIRER taxes, &amp; BIGGER paychecks!‚Ä¶ ","http://web.archive.org/*/http://twitter.com/AshLeeStrong/status/913087935288889344","2017-09-27 10:10:54.273351"
"Scaramucci","913100027429576714","Don't do Kara! Think of the political fallout!!üå™üï∫üèª https://t.co/hh0lcNYkwC","http://web.archive.org/*/http://twitter.com/Scaramucci/status/913100027429576714","2017-09-27 10:56:40.026961"
"Scaramucci","913135423496556544","","","2017-09-27 13:17:06.870940"
"SecretaryPerry","913443416238886913","Talking about how @RepLouBarletta and I hope to work on promoting the regions natural resources to back @POTUS'‚Ä¶ https://t.co/tNvG8WVtPP","http://web.archive.org/*/http://twitter.com/SecretaryPerry/status/913443416238886913","2017-09-28 09:42:31.212352"
"seanspicer","913560821384597505","RT @MarcellusGas: Next, we're proud and very excited to welcome @seanspicer as our #SHALEINSIGHT closing speaker. https://t.co/j1Lsh9JdDh","http://web.archive.org/*/http://twitter.com/seanspicer/status/913560821384597505","2017-09-28 17:27:30.330969"
"SpeakerRyan","913805027206139905","With #TaxReform, family-owned &amp; ‚Äìoperated companies like Penn Machine Works in PA can be more globally competitive. https://t.co/vh6VNgdSV1","http://web.archive.org/*/http://twitter.com/SpeakerRyan/status/913805027206139905","2017-09-29 09:38:27.223022"
"seanspicer","253678600430157825","","","2017-09-29 10:35:02.316708"
"PressSec","913884976797700096","RT @VPPressSec: It's been a great honor serving @POTUS &amp; @VP, alongside @PressSec. Follow @marc_lotter as I continue advocating for‚Ä¶ ","http://web.archive.org/*/http://twitter.com/PressSec/status/913884976797700096","2017-09-29 14:55:48.209159"
"DanScavino","913981848149221376","RT @CBPFlorida: All in
U.S. Customs and Border Protection supporting @femaregion2 to provide life safety and life sustaining resour‚Ä¶ ","http://web.archive.org/*/http://twitter.com/DanScavino/status/913981848149221376","2017-09-29 21:21:11.610714"
"DanScavino","913981739919400960","RT @CustomsBorder: AMO agents conduct search and rescue operations in Puerto Rico and insert law enforcement teams around the island.‚Ä¶ ","http://web.archive.org/*/http://twitter.com/DanScavino/status/913981739919400960","2017-09-29 21:21:13.965115"
"Scavino45","913982361230041089","RT @CBPFlorida: All in
U.S. Customs and Border Protection supporting @femaregion2 to provide life safety and life sustaining resour‚Ä¶ ","http://web.archive.org/*/http://twitter.com/Scavino45/status/913982361230041089","2017-09-30 01:38:23.186342"
"SpeakerRyan","913490160028876800","RT @HouseVetAffairs: A bipartisan bill to extend vital programs that veterans rely on is headed to the President's desk. Read more here:‚Ä¶ ","http://web.archive.org/*/http://twitter.com/SpeakerRyan/status/913490160028876800","2017-09-30 07:08:39.166803"
"DanScavino","914149138983505921","RT @ricardorossello: Briefed @POTUS @realDonaldTrump in #SituationRoom and thanked him for his leadership, quick response &amp; commitment t‚Ä¶ ","http://web.archive.org/*/http://twitter.com/DanScavino/status/914149138983505921","2017-09-30 09:45:58.025244"
"realDonaldTrump","914217321241161728","@ricardorossello ...#Fake News critics are working overtime, but we're getting great marks from the people that truly matter! 
#PRStrongüáµüá∑","http://web.archive.org/*/http://twitter.com/realDonaldTrump/status/914217321241161728","2017-09-30 12:56:33.444058"
"Scaramucci","914224778256502784","RT @ScaramucciPost: Who should be the 131st follow of @ScaramucciPost? @brainpicker @IngrahamAngle @dril @NASCAR","http://web.archive.org/*/http://twitter.com/Scaramucci/status/914224778256502784","2017-09-30 13:27:24.074079"
"SecretaryZinke","914243206094704641","RT @PWForestPark: @SecretaryZinke join Prince William Forest Park staff and over 100 volunteers for National Public Lands Day! #NPLD https:‚Ä¶","http://web.archive.org/*/http://twitter.com/SecretaryZinke/status/914243206094704641","2017-09-30 14:39:05.828882"
"SecretarySonny","914241159190519809","Residents of #PuertoRico receiving @USDANutrition food boxes. Important b/c without electricity, can't store food. https://t.co/QMZsLngUg3","http://web.archive.org/*/http://twitter.com/SecretarySonny/status/914241159190519809","2017-09-30 14:43:11.013021"
"realDonaldTrump","914267744345972737","In analyzing the Alabama Primary race, Fake News always fails to mention that the candidate I endorsed went up MANY points after Election!","http://web.archive.org/*/http://twitter.com/realDonaldTrump/status/914267744345972737","2017-09-30 16:18:38.224798"
"POTUS","914261144415633409","RT @realDonaldTrump: Because of #FakeNews my people are not getting the credit they deserve for doing a great job. As seen here, they ar‚Ä¶ ","http://web.archive.org/*/http://twitter.com/POTUS/status/914261144415633409","2017-09-30 16:39:52.141936"
"Scavino45","914339376041250817","EXCLUSIVE: Fellow Puerto Rico Mayor Rips San Juan Mayor ‚Äî 

‚ÄòShe‚Äôs Not Participating In Any Meetings‚Äô 

https://t.co/JikGmTHwNz","http://web.archive.org/*/http://twitter.com/Scavino45/status/914339376041250817","2017-09-30 21:05:49.812371"
"Scaramucci","914259994786267142","RT @jaydeflix: You should consider hiring a social media manager who knows what they're doing maybe.  https://t.co/pHPZmLPrTn","http://web.archive.org/*/http://twitter.com/Scaramucci/status/914259994786267142","2017-10-01 05:29:42.346276"
"Scaramucci","914223828431245313","RT @ScaramucciPost: We will issue this warning again: Please do not follow our account until our official launch on Monday. We are just in‚Ä¶","http://web.archive.org/*/http://twitter.com/Scaramucci/status/914223828431245313","2017-10-01 05:29:50.689514"
"SecretaryPerry","914113553766010881","Thank you to our @ENERGY @WesternAreaPowr crew for their hard work and dedication to help bring power back to‚Ä¶ https://t.co/zRBChTxjEC","http://web.archive.org/*/http://twitter.com/SecretaryPerry/status/914113553766010881","2017-10-01 06:57:40.246386"
"PressSec","914148122431025153","RT @SecretaryPerry: Thank you to our @ENERGY @WesternAreaPowr crew for their hard work and dedication to help bring power back to‚Ä¶ ","http://web.archive.org/*/http://twitter.com/PressSec/status/914148122431025153","2017-10-01 07:00:21.343203"
"Scaramucci","782200427081244676","RT @CalebMelby: .@MattCampbel's story of Goldman selling derivatives to Qaddafi is impossibly rich &amp; detailed. You have to read it! https:/‚Ä¶","http://web.archive.org/*/https://twitter.com/Scaramucci/status/782200427081244676","2017-10-01 08:34:42.569295"
"Scaramucci","911955438454890496","RT @ScaramucciPost: One follower who retweets this tweet will win a @ScaramucciPost Tee Shirt!!! 
Winner chosen Monday October 2, 2017. @pa‚Ä¶","http://web.archive.org/*/http://twitter.com/Scaramucci/status/911955438454890496","2017-10-01 11:01:22.815333"
"SecretarySonny","914548730531127296","Sunday @forestservice tour of #CherokeeNationalForest. Seeing restoration after last year's fire - truly the start‚Ä¶ https://t.co/LEtNyMe0vw","http://web.archive.org/*/http://twitter.com/SecretarySonny/status/914548730531127296","2017-10-01 11:39:49.774958"
"FLOTUS","914562720598560769","Congratulations to all the competitors at this year's Invictus Games! You've served your country proudly at home &amp;‚Ä¶ https://t.co/LuqUwEINKS","http://web.archive.org/*/http://twitter.com/FLOTUS/status/914562720598560769","2017-10-01 11:52:14.479936"
"StephGrisham45","914563198371602432","RT @FLOTUS: Congratulations to all the competitors at this year's Invictus Games! You've served your country proudly at home &amp;‚Ä¶ ","http://web.archive.org/*/http://twitter.com/StephGrisham45/status/914563198371602432","2017-10-01 11:52:14.665407"
"Scaramucci","914634573497208832","RT @SteveScalise: My interview with ‚è± @60Minutes is coming up momentarily. Tune in on @CBS!","http://web.archive.org/*/http://twitter.com/Scaramucci/status/914634573497208832","2017-10-01 16:52:51.662161"
"Scaramucci","914827506045325312","RT @ScaramucciPost: The @scaramuccipost live With @scaramucci https://t.co/inE2kEpdWB","http://web.archive.org/*/http://twitter.com/Scaramucci/status/914827506045325312","2017-10-02 05:43:57.367627"
"Scaramucci","914833371267764224","RT @ScaramucciPost: The @scaramuccipost live With @scaramucci https://t.co/inE2kEpdWB","http://web.archive.org/*/http://twitter.com/Scaramucci/status/914833371267764224","2017-10-02 06:02:00.582781"
"Scaramucci","914838022218293248","RT @ScaramucciPost: The @scaramuccipost live With @scaramucci https://t.co/inE2kEpdWB","http://web.archive.org/*/http://twitter.com/Scaramucci/status/914838022218293248","2017-10-02 06:20:18.079890"
"Scaramucci","914842485809205249","RT @ScaramucciPost: The @scaramuccipost live With @scaramucci https://t.co/inE2kEpdWB","http://web.archive.org/*/http://twitter.com/Scaramucci/status/914842485809205249","2017-10-02 06:35:29.370674"
"Scaramucci","914853282136428545","RT @ScaramucciPost: Live with @scaramucci and @blrshepherd https://t.co/n6mIokIGCG","http://web.archive.org/*/http://twitter.com/Scaramucci/status/914853282136428545","2017-10-02 07:10:53.145942"
"Scaramucci","914846306778124288","RT @ScaramucciPost: The @scaramuccipost live With @scaramucci https://t.co/inE2kEpdWB","http://web.archive.org/*/http://twitter.com/Scaramucci/status/914846306778124288","2017-10-02 07:10:56.248695"
"Scaramucci","914855285684097028","RT @ScaramucciPost: Live with @scaramucci and @blrshepherd https://t.co/n6mIokIGCG","http://web.archive.org/*/http://twitter.com/Scaramucci/status/914855285684097028","2017-10-02 07:19:54.890670"
"Scaramucci","914857499286806528","RT @ScaramucciPost: Live with @scaramucci and @blrshepherd https://t.co/n6mIokIGCG","http://web.archive.org/*/http://twitter.com/Scaramucci/status/914857499286806528","2017-10-02 07:33:49.661079"
"Scaramucci","914896952210444293","RT @ScaramucciPost: The @scaramuccipost live With @scaramucci @barstoolnewsn @riggsbarstool @tyleroday https://t.co/iDulMTs9E7","http://web.archive.org/*/http://twitter.com/Scaramucci/status/914896952210444293","2017-10-02 10:05:09.523823"
"Scaramucci","914899069381824512","RT @ScaramucciPost: The @scaramuccipost live With @scaramucci @barstoolnewsn @riggsbarstool @tyleroday https://t.co/iDulMTs9E7","http://web.archive.org/*/http://twitter.com/Scaramucci/status/914899069381824512","2017-10-02 10:06:12.208871"
"Scaramucci","914899333685956609","RT @ScaramucciPost: The @scaramuccipost live With @scaramucci @barstoolnewsn @riggsbarstool @tyleroday https://t.co/iDulMTs9E7","http://web.archive.org/*/http://twitter.com/Scaramucci/status/914899333685956609","2017-10-02 10:12:11.002515"
"Scaramucci","914900884747952129","RT @ScaramucciPost: The @scaramuccipost live With @scaramucci @barstoolnewsn @riggsbarstool @tyleroday https://t.co/iDulMTs9E7","http://web.archive.org/*/http://twitter.com/Scaramucci/status/914900884747952129","2017-10-02 10:27:35.585708"
"Scaramucci","914904769298337792","RT @ScaramucciPost: The @scaramuccipost live With @scaramucci @barstoolnewsn @riggsbarstool @tyleroday https://t.co/iDulMTs9E7","http://web.archive.org/*/http://twitter.com/Scaramucci/status/914904769298337792","2017-10-02 10:34:31.783578"
"Scaramucci","914913860951445505","RT @ScaramucciPost: The @scaramuccipost live With @salilstatistics and @scaramucci https://t.co/kBIYuMF3kr","http://web.archive.org/*/http://twitter.com/Scaramucci/status/914913860951445505","2017-10-02 11:51:03.939634"
"Scavino45","914877420456595456","RT @FBILasVegas: @FBILasVegas is asking anyone with videos or photos from the 10/1/17 Las Vegas shooting to please call 1-800-CALLFBI (255-‚Ä¶","http://web.archive.org/*/http://twitter.com/Scavino45/status/914877420456595456","2017-10-02 14:59:23.143110"
"seanspicer","915238423987924992","RT @johnrobertsFox: In apology, fired @CBS attorney writes of her Facebook comments ""Nor do they reflect my actual beliefs"" - leaving me to‚Ä¶","http://web.archive.org/*/http://twitter.com/seanspicer/status/915238423987924992","2017-10-03 08:34:09.723622"
"seanspicer","915238416861757440","RT @johnrobertsFox: 2/2  ....if a person doesn't write about their 'own beliefs' on their OWN Facebook page, WHOSE beliefs ARE they 'reflec‚Ä¶","http://web.archive.org/*/http://twitter.com/seanspicer/status/915238416861757440","2017-10-03 08:34:10.895651"
"Scaramucci","915263741058588673","RT @Ami_Marisol: @Tequila0341 @Scaramucci @ScaramucciPost What you think of him, idc whatever that‚Äôs your deal. The idea, however, i‚Ä¶ ","http://web.archive.org/*/http://twitter.com/Scaramucci/status/915263741058588673","2017-10-03 10:14:22.224614"
"Scaramucci","915430967900360709","RT @ScaramucciPost: This tweet needs another 870 retweets and we will conduct a second  @ScaramucciPost Tee Shirt Contest. https://t.co/ndx‚Ä¶","http://web.archive.org/*/http://twitter.com/Scaramucci/status/915430967900360709","2017-10-03 21:38:56.308647"
"StephGrisham45","915580191942041601","RT @FLOTUS: After speaking w/people affected by #HurricaneMaria yesterday we are reminded of the fighting spirit of Americans.‚Ä¶ ","http://web.archive.org/*/http://twitter.com/StephGrisham45/status/915580191942041601","2017-10-04 07:12:08.069792"
"Scavino45","915589203668426752","NBC news is #FakeNews and more dishonest than even CNN. They are a disgrace to good reporting. No wonder their news ratings are way down!","http://web.archive.org/*/http://twitter.com/Scavino45/status/915589203668426752","2017-10-04 07:47:40.928915"
"JessicaDitto45","915597245503942656","RT @SecretaryPerry: Thank You to gracious hosts @repjenniffer, @ricardorosello &amp; @beatrizrosello yesterday in #PuertoRico. We won't rest un‚Ä¶","http://web.archive.org/*/http://twitter.com/JessicaDitto45/status/915597245503942656","2017-10-04 08:19:41.353102"
"SBALinda","915634365647982593","RT @Scavino45: .@POTUS @realDonaldTrump and @FLOTUS Melania arrive at Las Vegas McCarran International Airport. https://t.co/bS0BuGz2a3","http://web.archive.org/*/http://twitter.com/SBALinda/status/915634365647982593","2017-10-04 10:48:20.593618"
"IvankaTrump","605389924427284480","","","2017-10-04 11:04:57.350297"
"Scaramucci","915641280922898432","RT @JasonStarrBooks: Chicken wings: Yay or Nay? @Scaramucci","http://web.archive.org/*/http://twitter.com/Scaramucci/status/915641280922898432","2017-10-04 11:14:35.851739"
"nikkihaley","915645958951723016","@SenTomCotton has clear understanding of the Iranian regime &amp; flaws in the nuclear deal. His speech is worth reading https://t.co/eAw1Yoya2h","http://web.archive.org/*/http://twitter.com/nikkihaley/status/915645958951723016","2017-10-04 13:08:45.393840"
"nikkihaley","915670206063751173","@SenTomCotton has clear understanding of the Iranian regime &amp; flaws in the nuclear deal.His speech is worth reading https://t.co/eAw1Yoya2h","http://web.archive.org/*/http://twitter.com/nikkihaley/status/915670206063751173","2017-10-04 13:09:49.319593"
"nikkihaley","915669968267759616","@SenTomCotton has clear understanding of the Iranian regime &amp; flaws in the nuclear deal. His speech is worth reading https://t.co/eAw1Yoya2h","http://web.archive.org/*/http://twitter.com/nikkihaley/status/915669968267759616","2017-10-04 13:12:50.695921"
"EPAScottPruitt","915679366893506566","Pleased to appoint Cosmo Servidio as Region 3 Administrator. He'll provide exceptional leadership to PA, NJ, DE, MD, WV, VA &amp; DC.","http://web.archive.org/*/http://twitter.com/EPAScottPruitt/status/915679366893506566","2017-10-04 14:11:21.391291"
"Scaramucci","915685441831145473","RT @knockouttimes: Workout with @HeatherHardyBox and @liam_mcgeary  https://t.co/TYJ5eY0CVW","http://web.archive.org/*/http://twitter.com/Scaramucci/status/915685441831145473","2017-10-04 14:15:20.377947"
"SecretaryPerry","915685853309100034","Wishing a very Happy 141th Birthday to @TAMU and my fellow #Aggies. #GigEmüëç https://t.co/ANWMdhgpEy","http://web.archive.org/*/http://twitter.com/SecretaryPerry/status/915685853309100034","2017-10-04 14:37:56.583130"
"SpeakerRyan","915702570554920960","More help is on the way for the millions of Americans whose lives have been devastated by the recent hurricanes. https://t.co/NlhqSR6Lis","http://web.archive.org/*/http://twitter.com/SpeakerRyan/status/915702570554920960","2017-10-04 15:18:54.938671"
"Scaramucci","915753577322352641","RT @brimcguigan: all i want for my birthday is a birthday tweet from @Scaramucci","http://web.archive.org/*/http://twitter.com/Scaramucci/status/915753577322352641","2017-10-04 18:40:45.310200"
"VP","915925915670122497","Read my @WSJ op-ed here- My message when Nat'l Space Council meets: America will lead in space again-&gt;‚Ä¶ https://t.co/tcemd5Bxuv","http://web.archive.org/*/http://twitter.com/VP/status/915925915670122497","2017-10-05 06:06:15.552672"
"SecretarySonny","915961333539098624","Another correction: @Newsweek reports @USDANutrition DID grant hot food waivers for #PuertoRico after #Maria. https://t.co/3Eysc67dyA","http://web.archive.org/*/http://twitter.com/SecretarySonny/status/915961333539098624","2017-10-05 08:33:09.137276"
"Scaramucci","916118059034824705","It's a Bot on One https://t.co/FrJxpU9lAo","http://web.archive.org/*/http://twitter.com/Scaramucci/status/916118059034824705","2017-10-05 18:49:14.872060"
"Scaramucci","916150667768680448","RT @yung_kropotkin: Mooch's actual account is just a bot that slowly autofollows all of twitter, right?","http://web.archive.org/*/http://twitter.com/Scaramucci/status/916150667768680448","2017-10-05 20:58:38.375052"
"Scaramucci","916378984652443650","RT @samhellohi: Where you at, Mooch? https://t.co/uxu6w5ujVC","http://web.archive.org/*/http://twitter.com/Scaramucci/status/916378984652443650","2017-10-06 12:05:55.368331"
"SecretarySonny","916721561381625856","It's family day at @GAnationalfair!Nobody does it better than Reithoffer Shows. #LoveAFair https://t.co/fpwRVFev66","http://web.archive.org/*/http://twitter.com/SecretarySonny/status/916721561381625856","2017-10-07 10:50:42.566089"
"seanspicer","916864151473065986",".@HuffPost report: At @NBCNews #HarveyWeinstein Scandal Barely Exists 
https://t.co/tx6Vv0rZxc
 Gotta wonder if any NBC reports took his $","http://web.archive.org/*/http://twitter.com/seanspicer/status/916864151473065986","2017-10-07 20:14:13.222456"
"MickMulvaneyOMB","917399440364916737","RT @MeetThePress: ""I've Never Seen the Chaos"" - Budget Director @MickMulvaneyOMB responds to Sen. Bob Corker on Meet the Press https://t.co‚Ä¶","http://web.archive.org/*/http://twitter.com/MickMulvaneyOMB/status/917399440364916737","2017-10-09 12:23:45.890106"
"realDonaldTrump","917578120819068928","We have just begun! https://t.co/x8pSdEB2Ur","http://web.archive.org/*/http://twitter.com/realDonaldTrump/status/917578120819068928","2017-10-09 19:32:43.747375"
"SpeakerRyan","917850115687272448","America's tax code has not kept up with the changing times. As a result, we are falling behind the competition.‚Ä¶ https://t.co/lopKDirD2B","http://web.archive.org/*/http://twitter.com/SpeakerRyan/status/917850115687272448","2017-10-10 15:41:25.203223"
"Scaramucci","917896683568095232","not sure what that means @PageSix not sure what it means but the sentence is impressive! #snarkattack! https://t.co/TNvtplypEB","http://web.archive.org/*/http://twitter.com/Scaramucci/status/917896683568095232","2017-10-10 16:44:27.415851"
"seanspicer","784517047388692480","RT @rcmahoney: Except... GOP has added 213k voters in FL since 2012. Dems have lost 48k https://t.co/Ts9gWE3xkb","http://web.archive.org/*/https://twitter.com/seanspicer/status/784517047388692480","2017-10-10 16:54:05.365776"
"seanspicer","784517010298404864","RT @rcmahoney: Dems have lost -48k voters since 2012 in FL. GOP has gained +213k.  Net gain of about +260k registrations for the GOP https:‚Ä¶","http://web.archive.org/*/https://twitter.com/seanspicer/status/784517010298404864","2017-10-10 17:49:49.627560"
"SecretarySonny","918118433178386432","Great to start the day with #FFA kids at John Browne High School in Flushing, NY. They're showing off their urban f‚Ä¶ https://t.co/rFYhwXwgSc","http://web.archive.org/*/http://twitter.com/SecretarySonny/status/918118433178386432","2017-10-11 07:20:54.179875"
"Scaramucci","918148821355556869","My sons do. Not as familiar with his music https://t.co/U7n7ExaEPr","http://web.archive.org/*/http://twitter.com/Scaramucci/status/918148821355556869","2017-10-11 10:38:03.461776"
"stevenmnuchin1","918193106062856192","Productive meeting with the Canadian delegation and FM @Bill_Morneau. Always happy to welcome them to the‚Ä¶ https://t.co/lI5nQpitlW","http://web.archive.org/*/http://twitter.com/stevenmnuchin1/status/918193106062856192","2017-10-11 12:14:42.304703"
"SBALinda","918205450348367872","RT @SBA_Houston: Great visit to the Houston Business Recovery Center @UHSBDC with @SBALinda to meet #Harvey #disasterrelief folks. https://‚Ä¶","http://web.archive.org/*/http://twitter.com/SBALinda/status/918205450348367872","2017-10-11 13:03:41.719817"
"realDonaldTrump","918269386997321730","RT @realDonaldTrump: I will be interviewed tonight on @FoxNews by @SeanHannity at 9pmE. Enjoy!","http://web.archive.org/*/http://twitter.com/realDonaldTrump/status/918269386997321730","2017-10-11 17:55:18.226270"
"Scaramucci","918310322091577345","RT @GuyAdami: The irony here is something https://t.co/eKUFdkuhcY","http://web.archive.org/*/http://twitter.com/Scaramucci/status/918310322091577345","2017-10-11 20:24:01.869226"
"MickMulvaneyOMB","918233536196481025","We need #TaxReform to help grow our economy.
Tax reform + fiscal restraint = more jobs, bigger paychecks and fewer‚Ä¶ https://t.co/n4N1ET8BRs","http://web.archive.org/*/http://twitter.com/MickMulvaneyOMB/status/918233536196481025","2017-10-11 21:20:07.055264"
"MickMulvaneyOMB","918232757414875137","Time for hard working Americans to stop getting by, &amp; start getting ahead! @POTUS is leading the way w/ #TaxReform. Necessary for more jobs!","http://web.archive.org/*/http://twitter.com/MickMulvaneyOMB/status/918232757414875137","2017-10-11 21:20:37.023459"
"JessicaDitto45","918241804302118913","RT @MickMulvaneyOMB: Time for hard working Americans to stop getting by, &amp; start getting ahead! @POTUS is leading the way w/ #TaxReform. Ne‚Ä¶","http://web.archive.org/*/http://twitter.com/JessicaDitto45/status/918241804302118913","2017-10-11 21:20:37.098882"
"DanScavino","917027283520679936","Americanüá∫üá∏Sports Favorability 
August 2017 vs. September 2017 https://t.co/ZLdlQdybo6","http://web.archive.org/*/http://twitter.com/DanScavino/status/917027283520679936","2017-10-11 22:16:26.310482"
"realDonaldTrump","918202052102279170","RT @realDonaldTrump: Happy to announce we are awarding $1M to Las Vegas - in order to help local law enforcement working OT to respond to l‚Ä¶","http://web.archive.org/*/http://twitter.com/realDonaldTrump/status/918202052102279170","2017-10-11 22:26:02.424972"
"Scavino45","918511204804583424",".@POTUS' @realDonaldTrump, SOS Tillerson &amp; COS General Kelly walking along the West Wing promenade yesterday at‚Ä¶ https://t.co/pfLxSUwMTW","http://web.archive.org/*/http://twitter.com/Scavino45/status/918511204804583424","2017-10-12 09:48:23.073096"
"Scaramucci","918316257132154880","RT @ScaramucciPost: Please remember that at the beginning and end of every day we are all on the same side:

#TheHumanSide.

Carry on a‚Ä¶ ","http://web.archive.org/*/http://twitter.com/Scaramucci/status/918316257132154880","2017-10-12 09:54:06.934035"
"stevenmnuchin1","918546589957918720","Another great meeting w/ @BrunoLeMaire. We focused on critical collaboration between #USA &amp; #France on econ &amp; natio‚Ä¶ https://t.co/3RgJi1vUuW","http://web.archive.org/*/http://twitter.com/stevenmnuchin1/status/918546589957918720","2017-10-12 11:39:19.032763"
"SecretaryPerry","918834196600238080","great event w/ @CHamberPHL discussing reliable resources &amp; finding energy stability in an unpredictable world #amer‚Ä¶ https://t.co/dhJLiTaoED","http://web.archive.org/*/http://twitter.com/SecretaryPerry/status/918834196600238080","2017-10-13 06:42:21.707692"
"SpeakerRyan","918885099265056769","RT @Jenniffer2012: Introducing @SpeakerRyan to Lt. Gen. Jeffrey Buchanan, who leads all military relief efforts in Puerto Rico. https://t.c‚Ä¶","http://web.archive.org/*/http://twitter.com/SpeakerRyan/status/918885099265056769","2017-10-13 11:22:17.653244"
"SpeakerRyan","918881284419739648","RT @Jenniffer2012: Back in PR this time with @SpeakerRyan @cathymcmorris @USRepRodney @NitaLowey &amp; the Admiral of the Coast Gaurd. Let‚Ä¶ ","http://web.archive.org/*/http://twitter.com/SpeakerRyan/status/918881284419739648","2017-10-13 11:22:19.634785"
"SecretarySonny","918822620468072449","Pushing U.S. ag products in U.K. &amp; busting some myths. Example: despite claims, we don't wash chickens in chlorine.‚Ä¶ https://t.co/vCWlGkGnkv","http://web.archive.org/*/http://twitter.com/SecretarySonny/status/918822620468072449","2017-10-13 11:54:59.374531"
"PRyan","918470274596646912","RT @politico: Ryan makes plea for GOP unity on tax reform
https://t.co/IEXW7nmSjd https://t.co/skj33Pr9nn","http://web.archive.org/*/http://twitter.com/PRyan/status/918470274596646912","2017-10-13 14:52:30.277293"
"SpeakerRyan","918971972612231170","RT @RepJenniffer: I must thank @SpeakerRyan for all his attention and his unyielding commitment to Puerto Rico. https://t.co/uezizAg0Ul","http://web.archive.org/*/http://twitter.com/SpeakerRyan/status/918971972612231170","2017-10-13 15:50:24.971246"
"DanScavino","917964963519631361",".@NFLCommish: ""Everyone should stand for the National Anthem"" https://t.co/xh66DsvBx3","http://web.archive.org/*/http://twitter.com/DanScavino/status/917964963519631361","2017-10-13 23:04:32.307833"
"DanScavino","909471516060000257","#Emmys @TRafaelCimino hanging out @TelevisionAcad telling me to, ""Keep smokin' that crack dude."" A sad individual!‚Ä¶ https://t.co/qIiL3C93Si","http://web.archive.org/*/http://twitter.com/DanScavino/status/909471516060000257","2017-10-13 23:05:20.422347"
"DanScavino","909277577151488000",".@NYTimes @GreenHouseNYTü§° https://t.co/2hjycpImPW","http://web.archive.org/*/http://twitter.com/DanScavino/status/909277577151488000","2017-10-13 23:05:28.618532"
"DanScavino","898174164607135744","Publicity seeking @LindseyGrahamSC told @realDonaldTrump to come to South Carolina bc he'd 'beat his brains out' in‚Ä¶ https://t.co/eNmCvooSqS","http://web.archive.org/*/http://twitter.com/DanScavino/status/898174164607135744","2017-10-13 23:06:41.343901"
"DanScavino","889513223287967744",".@sidrosenberg @77WABCradio- spot on re: social media. Great segment.","http://web.archive.org/*/http://twitter.com/DanScavino/status/889513223287967744","2017-10-13 23:08:22.309916"
"DanScavino","886827980143644673","Watching replay of Sun shows. @EvanSiegfriedü§°is a political hack that has absolutely no idea/clue what he is talking about on @FoxNews!","http://web.archive.org/*/http://twitter.com/DanScavino/status/886827980143644673","2017-10-13 23:08:41.826793"
"DanScavino","886411647132327937","LOLüòÇDon't mind my little guys Ethan&amp;Justin - sorry 'Agar.io,' but your game platform is hooked up for them via my P‚Ä¶ https://t.co/Ww9ISChl1k","http://web.archive.org/*/http://twitter.com/DanScavino/status/886411647132327937","2017-10-13 23:09:08.941561"
"SecretaryPerry","919279512206094337","Congratulations to the Swiss team, and thank you to all the participants, sponsors, and volunteers! https://t.co/f0iP1OmQ8J","http://web.archive.org/*/http://twitter.com/SecretaryPerry/status/919279512206094337","2017-10-14 12:15:51.182086"
"SecretaryPerry","919280626045538304","RT @ENERGY: CHAMPS! @Swiss_Living wins #SolarDecathlon 2017! üèÜ ‚òÄüè†
 
ü•à@UMD_SD2017
ü•â@SolarDatUCB 
4Ô∏è‚É£@Missourisandt

üì∞¬†‚Ä¶ ","http://web.archive.org/*/http://twitter.com/SecretaryPerry/status/919280626045538304","2017-10-14 12:15:58.398020"
"seanspicer","609764780161781760","","","2017-10-14 21:31:53.416421"
"Scaramucci","918520202614198272","RT @ScaramucciPost: Before 1am Friday we are going to follow five followers of @ScaramucciPost who retweet this tweet &amp; follow our first sp‚Ä¶","http://web.archive.org/*/http://twitter.com/Scaramucci/status/918520202614198272","2017-10-15 12:46:28.672604"
"Scaramucci","906231265661210624","https://t.co/kGPwsExJ4t","http://web.archive.org/*/http://twitter.com/Scaramucci/status/906231265661210624","2017-10-15 19:50:52.889404"
"Scaramucci","906238519789703168","Bocelli live in the Roman Coloseum https://t.co/MEbwLZcxkd","http://web.archive.org/*/http://twitter.com/Scaramucci/status/906238519789703168","2017-10-15 19:50:58.696075"
"Scaramucci","906240878469152768","https://t.co/D4wjU35NET","http://web.archive.org/*/http://twitter.com/Scaramucci/status/906240878469152768","2017-10-15 19:51:04.697589"
"Scaramucci","906242728245301250","https://t.co/gQSf8IUCY4","http://web.archive.org/*/http://twitter.com/Scaramucci/status/906242728245301250","2017-10-15 19:51:11.738129"
"Scaramucci","906251395036176384","Andrea with his son Mateo Bocelli https://t.co/BXj0MNvuRF","http://web.archive.org/*/http://twitter.com/Scaramucci/status/906251395036176384","2017-10-15 19:51:16.205715"
"Scaramucci","906259868062859264","Elton https://t.co/iOAAEKLRZn","http://web.archive.org/*/http://twitter.com/Scaramucci/status/906259868062859264","2017-10-15 19:51:22.053064"
"Scaramucci","906262994765496320","Philadelphia Freedom https://t.co/2tdAF59u4h","http://web.archive.org/*/http://twitter.com/Scaramucci/status/906262994765496320","2017-10-15 19:51:28.159334"
"Scaramucci","906273592811282432","Steven Tyler https://t.co/akYixnnIwF","http://web.archive.org/*/http://twitter.com/Scaramucci/status/906273592811282432","2017-10-15 19:51:34.186898"
"Scaramucci","906622707399307265","https://t.co/qeNc4sWFWM","http://web.archive.org/*/http://twitter.com/Scaramucci/status/906622707399307265","2017-10-15 19:51:54.279043"
"Scaramucci","906624469019627521","One  https://t.co/BUbPcUK8tj","http://web.archive.org/*/http://twitter.com/Scaramucci/status/906624469019627521","2017-10-15 19:52:00.081749"
"Scaramucci","906629087673843713","Chenoweth https://t.co/qMiRsE8MpR","http://web.archive.org/*/http://twitter.com/Scaramucci/status/906629087673843713","2017-10-15 19:52:06.219966"
"Scaramucci","906629087673843713","Chenoweth https://t.co/qMiRsE8MpR","http://web.archive.org/*/http://twitter.com/Scaramucci/status/906629087673843713","2017-10-15 19:52:09.237775"
"Scaramucci","906648297795751936","https://t.co/6ENtqdmJKg","http://web.archive.org/*/http://twitter.com/Scaramucci/status/906648297795751936","2017-10-15 19:52:11.974513"
"Scaramucci","906649532535934976","Smokey! https://t.co/s2aQQqbRDx","http://web.archive.org/*/http://twitter.com/Scaramucci/status/906649532535934976","2017-10-15 19:52:17.881000"
"Scaramucci","906652116839624704","https://t.co/4IhDwD7Lqi","http://web.archive.org/*/http://twitter.com/Scaramucci/status/906652116839624704","2017-10-15 19:52:23.979317"
"Scaramucci","906653774147547136","Mateo Bocelli https://t.co/qeW1SgAV3m","http://web.archive.org/*/http://twitter.com/Scaramucci/status/906653774147547136","2017-10-15 19:52:29.773425"
"Scaramucci","906993034088165376","https://t.co/4lp4TbQnqk","http://web.archive.org/*/http://twitter.com/Scaramucci/status/906993034088165376","2017-10-15 19:56:47.678265"
"Scaramucci","906995862173130752","Smokey! https://t.co/vHAbGOzmaf","http://web.archive.org/*/http://twitter.com/Scaramucci/status/906995862173130752","2017-10-15 19:56:53.675541"
"Scaramucci","906996955452248064","https://t.co/rYo5hJv2RC","http://web.archive.org/*/http://twitter.com/Scaramucci/status/906996955452248064","2017-10-15 19:56:57.562708"
"Scaramucci","906997739556401152","https://t.co/YMiPIwkVb5","http://web.archive.org/*/http://twitter.com/Scaramucci/status/906997739556401152","2017-10-15 19:57:00.942154"
"Scaramucci","906999129682989056","https://t.co/11E5BHuvUC","http://web.archive.org/*/http://twitter.com/Scaramucci/status/906999129682989056","2017-10-15 19:57:06.417424"
"Scaramucci","907002304053891072","https://t.co/6mttEvSY4o","http://web.archive.org/*/http://twitter.com/Scaramucci/status/907002304053891072","2017-10-15 19:57:11.251843"
"Scaramucci","907003359764283392","https://t.co/9ciUpOceRs","http://web.archive.org/*/http://twitter.com/Scaramucci/status/907003359764283392","2017-10-15 19:57:18.128001"
"Scaramucci","907004679745392642","https://t.co/LCmt9oyRjh","http://web.archive.org/*/http://twitter.com/Scaramucci/status/907004679745392642","2017-10-15 19:57:19.798238"
"Scaramucci","907007266473345026","https://t.co/akaO5cqlxm","http://web.archive.org/*/http://twitter.com/Scaramucci/status/907007266473345026","2017-10-15 19:57:26.599791"
"SecretarySonny","919867718685351936","As I said to @Pontifex Pope Francis, we must remain diligent in pursuit of global food security. We can ‚Äúdo right &amp;‚Ä¶ https://t.co/h3hxKWRU4x","http://web.archive.org/*/http://twitter.com/SecretarySonny/status/919867718685351936","2017-10-16 03:41:46.113709"
"SecretarySonny","919559178980642816","Our @forestservice coming to aid in CA fires not in National Forests. Aircraft, equipment and 4,000 firefighters. https://t.co/vM05j3gXKm","http://web.archive.org/*/http://twitter.com/SecretarySonny/status/919559178980642816","2017-10-16 12:20:48.896764"
"IvankaTrump","554844033449988096","","","2017-10-21 13:59:59.618012"
"seanspicer","301500771818672128","","","2017-10-23 13:56:39.298392"
"MickMulvaneyOMB","922603691382886400","RT @VP: @POTUS We remember our fallen heroes &amp; those they left behind. We have a duty to honor their memory by defeating th‚Ä¶ ","http://web.archive.org/*/http://twitter.com/MickMulvaneyOMB/status/922603691382886400","2017-10-23 16:20:43.599106"
"Scaramucci","922791790238867456","The struggle of or times. Has to be fixed.  https://t.co/GW7kMl5CkW","http://web.archive.org/*/http://twitter.com/Scaramucci/status/922791790238867456","2017-10-24 04:53:41.155952"
"SecretaryPerry","922816134881206273","Delivering my address, ‚ÄúAmerican‚Äôs Energy Bounty: An Instrument of Freedom and Security‚Äù to #AfricaOilWeek particip‚Ä¶ https://t.co/3bD93UJosq","http://web.archive.org/*/http://twitter.com/SecretaryPerry/status/922816134881206273","2017-10-24 06:26:50.450492"
"SecShulkin","922877770044231681","@HouseVetAffairs @VetAffairsDems @DrPhilRoe @RepGusBilirakis @RepMikeCoffman @RepBradWenstrup @RepTimWalz‚Ä¶ https://t.co/2YDkJq4n52","http://web.archive.org/*/http://twitter.com/SecShulkin/status/922877770044231681","2017-10-24 10:56:25.540332"
"SpeakerRyan","923169254203158528","RT @ReutersLive: WATCH LIVE: @SpeakerRyan talks with @Reuters Editor-in-Chief @StephenJAdler about tax reform and more‚Ä¶ ","http://web.archive.org/*/http://twitter.com/SpeakerRyan/status/923169254203158528","2017-10-25 05:48:15.324636"
"Scaramucci","923200094257799168","RT @BrandonMCapps: @Scaramucci what size are you? Where should I send? https://t.co/MBQ5GOO8xN","http://web.archive.org/*/http://twitter.com/Scaramucci/status/923200094257799168","2017-10-25 07:50:35.421057"
"GovernorPerry","458590142274342912","RT @JustinGTill: The ""New"" New York is getting a special visit from @GovernorPerry this week. http://t.co/s2vOCSXP3i","http://web.archive.org/*/http://twitter.com/GovernorPerry/status/458590142274342912","2017-10-25 17:52:18.979634"
"SecretarySonny","923350046531301377","RT @Loganbrooke20: @secretarysonny go Missouri!! #icanwewill #nationalconvention","http://web.archive.org/*/http://twitter.com/SecretarySonny/status/923350046531301377","2017-10-25 18:02:27.957040"
"SecretarySonny","923350564280422402","RT @zemilyx: @secretarysonny michigan","http://web.archive.org/*/http://twitter.com/SecretarySonny/status/923350564280422402","2017-10-25 18:19:56.831025"
"SecretarySonny","923348519792054273","RT @kelseyjonelson: North Summit Utah in the House, @SecretarySonny #icanwewill #nsffa","http://web.archive.org/*/http://twitter.com/SecretarySonny/status/923348519792054273","2017-10-25 20:21:14.684650"
"SecretarySonny","923347504414027776","RT @ochs_claire: I CAN. WE WILL @SecretarySonny Ohio","http://web.archive.org/*/http://twitter.com/SecretarySonny/status/923347504414027776","2017-10-25 20:21:58.813702"
"SecretarySonny","923347454879256581","RT @ochs_claire: @SecretarySonny Ohio https://t.co/raWCAAs6LD","http://web.archive.org/*/http://twitter.com/SecretarySonny/status/923347454879256581","2017-10-25 20:23:07.121701"
"SecretarySonny","923347553474764800","RT @ochs_claire: National convention Ohio @SecretarySonny","http://web.archive.org/*/http://twitter.com/SecretarySonny/status/923347553474764800","2017-10-25 20:23:12.523027"
"Scaramucci","923411494590713857","Better double check that low life. https://t.co/04DuIKRfNt","http://web.archive.org/*/http://twitter.com/Scaramucci/status/923411494590713857","2017-10-25 21:52:35.045345"
"Scavino45","923336343320715269","RT @SenDeanHeller: Shared stories from #NV families during discussion with @IvankaTrump and my colleagues on the child tax credit. https://‚Ä¶","http://web.archive.org/*/http://twitter.com/Scavino45/status/923336343320715269","2017-10-25 22:20:18.831517"
"Scavino45","923336484387786752","RT @SenatorTimScott: You can stream now! #ChildTaxCredit event with @IvankaTrump @marcorubio @SenMikeLee and more! : https://t.co/9QAP4l3Ml‚Ä¶","http://web.archive.org/*/http://twitter.com/Scavino45/status/923336484387786752","2017-10-25 22:20:24.049043"
"Scaramucci","923411967792074752","Better double check that low life. https://t.co/VFYdzm9B9U","http://web.archive.org/*/http://twitter.com/Scaramucci/status/923411967792074752","2017-10-26 03:39:13.906295"
"MickMulvaneyOMB","923573123680784384","RT @OMBPress: Director @MickMulvaneyOMB's statement on the U.S. House of Representatives passing the 2018 Budget Resolution: https://t.co/q‚Ä¶","http://web.archive.org/*/http://twitter.com/MickMulvaneyOMB/status/923573123680784384","2017-10-26 08:33:24.939081"
"IvankaTrump","923578760783331328","Budget passed the House! This is critical step towards delivering substantial tax relief that hardworking Americans deserve. #TaxReform üá∫üá∏","http://web.archive.org/*/http://twitter.com/IvankaTrump/status/923578760783331328","2017-10-26 08:55:20.952540"
"SecretarySonny","923655460007350277","Happy that Greg Ibach confirmed by Senate as @USDA U/S for Marketing &amp; Regulatory Programs. Experience ag leader. https://t.co/Xg4rgx0hxW","http://web.archive.org/*/http://twitter.com/SecretarySonny/status/923655460007350277","2017-10-26 14:27:31.556884"
"SecretarySonny","923349893154070528","RT @KaceyRasnic: ILLINOIS!!! üíôüíõüåæ@SecretarySonny","http://web.archive.org/*/http://twitter.com/SecretarySonny/status/923349893154070528","2017-10-26 17:36:38.804903"
"SecretarySonny","923350492360658944","RT @EIizabethWood: Kansas @SecretarySonny","http://web.archive.org/*/http://twitter.com/SecretarySonny/status/923350492360658944","2017-10-26 19:55:17.133879"
"realDonaldTrump","923873579539861506","Happy birthday to the great @leegreenwood83. You and your beautiful song have made such a difference. MAKE AMERICA GREAT AGAIN!","http://web.archive.org/*/http://twitter.com/realDonaldTrump/status/923873579539861506","2017-10-27 05:50:34.752483"
"SecretarySonny","923349357587582977","RT @kaela_scott: Castleford, Idaho #icanwewill @SecretarySonny","http://web.archive.org/*/http://twitter.com/SecretarySonny/status/923349357587582977","2017-10-27 11:44:57.353981"
"Scaramucci","806613487967502336","RT @seanmdav: Which ""objection"" did you withdraw? The one about Branstad, or about how people in landlocked states are stupid? https://t.co‚Ä¶","http://web.archive.org/*/https://twitter.com/Scaramucci/status/806613487967502336","2017-11-15 05:06:04.458806"
"realDonaldTrump","930655291569524736","","","2017-11-15 06:16:33.197210"
"Scaramucci","930854440772558848","Congrats in Australia. Marriage Equality is legal!","http://web.archive.org/*/http://twitter.com/Scaramucci/status/930854440772558848","2017-11-15 10:46:31.307373"
"SecretaryPerry","930884164617895936","Grateful to be with @VP, @GovAbbott, and @FEMA_Brock discussing continued #HurricaneHarvey recovery efforts. https://t.co/OcvHR9HQ3I","http://web.archive.org/*/http://twitter.com/SecretaryPerry/status/930884164617895936","2017-11-15 12:44:56.507641"
"POTUS","931256328164700161","","","2017-11-16 13:41:17.002961"
"SecretarySonny","931267292649918467","https://t.co/o5WtkJLyhy","http://web.archive.org/*/http://twitter.com/SecretarySonny/status/931267292649918467","2017-11-16 14:07:01.220783"
"Scaramucci","913170445175869445","RT @tpeak10: Hopefully, what has become a fascinating  social experiment, doesn't end on Monday when @ScaramucciPost officially‚Ä¶ ","http://web.archive.org/*/http://twitter.com/Scaramucci/status/913170445175869445","2017-11-16 20:58:50.818046"
"DanScavino","928454785233166336","RT @DanScavino: LIVE on #Periscope: PRESIDENT ELECT DONALD J. TRUMP. #Election2016 https://t.co/CMtiuQUqdu","http://web.archive.org/*/http://twitter.com/DanScavino/status/928454785233166336","2017-11-18 18:08:25.263859"
"DanScavino","928452931342385152","RT @DanScavino: LETS GO #TrumpTrainüöÇüá∫üá∏üá∫üá∏
Lets sweep #SuperTuesday &amp; PUNDITS 
will have a new CEILING 2discuss for @realDonaldTrump! https:/‚Ä¶","http://web.archive.org/*/http://twitter.com/DanScavino/status/928452931342385152","2017-11-18 18:08:30.988675"
"DanScavino","928452247041613825","RT @DanScavino: Pundits are running out of things 2say, as Dec approaches! 5 1/2 months in! @realDonaldTrump is NOT going anywhere! https:/‚Ä¶","http://web.archive.org/*/http://twitter.com/DanScavino/status/928452247041613825","2017-11-18 18:08:33.474725"
"DanScavino","928452065424171008","RT @DanScavino: November 10, 2015

4th # GOPDebate 

Pundits continue to be wrong on their ""expert"" analysis of @realDonaldTrump.

#MakeAme‚Ä¶","http://web.archive.org/*/http://twitter.com/DanScavino/status/928452065424171008","2017-11-18 18:08:41.743184"
"DanScavino","928451596907724800","RT @DanScavino: 112 DAYS since @realDonaldTrump announced his run. (2.6K+HRS, 
160K+MIN &amp; 9M+SEC)

Also, the length of time pundits have be‚Ä¶","http://web.archive.org/*/http://twitter.com/DanScavino/status/928451596907724800","2017-11-18 18:08:44.267524"
"DanScavino","928451275934507008","RT @DanScavino: Donald J. Trump Rally in Dallas, Texas. One word! EPIC!! #HistoryInMaking w/ @realDonaldTrump #Trump2016 http://t.co/ENT3LK‚Ä¶","http://web.archive.org/*/http://twitter.com/DanScavino/status/928451275934507008","2017-11-18 18:08:47.431770"
"DanScavino","928453361472487425","RT @DanScavino: Enjoyed watching pundits &amp; political ""experts"" tonight. You have been completely wrong on @realDonaldTrump for 11+ months.‚Ä¶","http://web.archive.org/*/http://twitter.com/DanScavino/status/928453361472487425","2017-11-18 18:08:50.619063"
"DanScavino","928453396641673217","RT @DanScavino: If the political pundits were betting their money on this election ‚Äì they would all be broke by now! #Trump2016 https://t.c‚Ä¶","http://web.archive.org/*/http://twitter.com/DanScavino/status/928453396641673217","2017-11-18 18:08:52.089585"
"DanScavino","928453516359753728","RT @DanScavino: As I have been saying since June 16, 2015- DO NOT UNDER ESTIMATE DONALD J. TRUMP! Ignore the pundits, as we have - since DA‚Ä¶","http://web.archive.org/*/http://twitter.com/DanScavino/status/928453516359753728","2017-11-18 18:08:56.067073"
"Scaramucci","932265132775833601","RT @SharylAttkisson: From my book: The Smear. David Brock's collection of nonprofits, smear groups, super PACs, LLCs and websites. https://‚Ä¶","http://web.archive.org/*/http://twitter.com/Scaramucci/status/932265132775833601","2017-11-19 08:11:49.041961"
"MickMulvaneyOMB","932291091503689729","RT @CNNSotu: OMB Director Mick Mulvaney says if removing the individual mandate ""becomes an impediment"" to getting the best tax‚Ä¶ ","http://web.archive.org/*/http://twitter.com/MickMulvaneyOMB/status/932291091503689729","2017-11-19 10:29:25.664525"
"DanScavino","931903026918514690","On behalf of the 93‚Äô State Champs, CONGRATULATIONS to the 2017 Yorktown HS football team! Get up to that Carrier Do‚Ä¶ https://t.co/eB57xCx892","http://web.archive.org/*/http://twitter.com/DanScavino/status/931903026918514690","2017-11-19 18:35:59.664334"
"IvankaTrump","932441148655796225","The perfect way to end the day! üêª https://t.co/k2CfvTD7M6","http://web.archive.org/*/http://twitter.com/IvankaTrump/status/932441148655796225","2017-11-19 19:52:06.314470"
"SBALinda","932597228258066432","RT @MSNBCYourBiz: @SBALinda talks about the importance of shopping local within your community this #SmallBusinessSaturday.

See the‚Ä¶ ","http://web.archive.org/*/http://twitter.com/SBALinda/status/932597228258066432","2017-11-20 08:10:59.614756"
"WhiteHouse","932648019731845120","Meet WIshbone! https://t.co/gCOZQ21GuQ","http://web.archive.org/*/http://twitter.com/WhiteHouse/status/932648019731845120","2017-11-20 09:46:29.081956"
"SBALinda","932977227909795842","RT @SBAgov: Mark your calendar! Small Business Saturday is November 25 ‚Üí https://t.co/ENQkhc9A8D #ShopSmall https://t.co/Z2FDigAFZL","http://web.archive.org/*/http://twitter.com/SBALinda/status/932977227909795842","2017-11-21 07:21:35.646832"
"Scavino45","933037869740052480","#TurkeyPardon @WhiteHouse 
https://t.co/cSRtKz3gXL","http://web.archive.org/*/http://twitter.com/Scavino45/status/933037869740052480","2017-11-21 13:15:50.687245"
"StephGrisham45","933038455503892487","RT @Scavino45: #TurkeyPardon @WhiteHouse 
https://t.co/cSRtKz3gXL","http://web.archive.org/*/http://twitter.com/StephGrisham45/status/933038455503892487","2017-11-21 13:16:26.774707"
"Scaramucci","933105528967897088","RT @Duvi_Honig: @Scaramucci @ojchamber Speech link, As I Visited Yad Vashem I was moved to tears, https:/www.israelnationalnews.com‚Ä¶ ","http://web.archive.org/*/http://twitter.com/Scaramucci/status/933105528967897088","2017-11-21 15:51:17.248478"
"WhiteHouse","933105971626434561","RT @realDonaldTrump: Today, we continued a wonderful American Tradition at the White House. Drumstick and Wishbone will live out their d‚Ä¶ ","http://web.archive.org/*/http://twitter.com/WhiteHouse/status/933105971626434561","2017-11-21 15:59:15.959222"
"SecondLady","933170252082491392","Thank you, Helund Trees in Elma, Washington for this gorgeous tree! We can't wait to decorate it for Christmas! https://t.co/aEXAoVSO0E","http://web.archive.org/*/http://twitter.com/SecondLady/status/933170252082491392","2017-11-21 20:13:57.311674"
"POTUS","933039443476451329","RT @realDonaldTrump: President Donald J. Trump and @FLOTUS Melania Participate in the Pardoning of the National Thanksgiving Turkey at t‚Ä¶ ","http://web.archive.org/*/http://twitter.com/POTUS/status/933039443476451329","2017-11-21 20:40:38.435062"
"SpeakerRyan","684889147136413697","","","2017-11-21 23:56:28.286029"
"realDonaldTrump","933291075342540800","Another Crooked Hillary Fan! https://t.co/1LidydhORD","http://web.archive.org/*/http://twitter.com/realDonaldTrump/status/933291075342540800","2017-11-22 04:09:27.990304"
"Scaramucci","933430443596230656","RT @Duvi_Honig: At Iron Dome with @Scaramucci https://t.co/xvQbFbgUrW","http://web.archive.org/*/http://twitter.com/Scaramucci/status/933430443596230656","2017-11-22 13:23:02.228293"
"SecretarySonny","923350817389805568","RT @ElizaLazenby: @secretarysonny
TEXAS","http://web.archive.org/*/http://twitter.com/SecretarySonny/status/923350817389805568","2017-11-22 23:02:02.195367"
"GovPenceIN","501766318375194624","","","2017-11-23 14:46:26.827107"
"DanScavino","933920249543610370","While @NFL ratings continue to plummetüìâ...

Not So Thankful: @Giants @OlivierVernon54 Kneels During the National An‚Ä¶ https://t.co/1ir0bZ9GM2","http://web.archive.org/*/http://twitter.com/DanScavino/status/933920249543610370","2017-11-24 00:21:48.388853"
"MickMulvaneyOMB","934590789518286848","","","2017-11-25 18:13:19.387803"
"DanScavino","933898112753684480","GOOD LUCK in tomorrow's New York State Football Championship, YORKTOWN...

You'll NEVER FORGET this...go make the b‚Ä¶ https://t.co/fIbUch7TvP","http://web.archive.org/*/http://twitter.com/DanScavino/status/933898112753684480","2017-11-25 22:06:13.815523"
"Scavino45","934898077789577216","RT @realDonaldTrump: Since the first day I took office, all you hear is the phony Democrat excuse for losing the election, Russia, Russi‚Ä¶ ","http://web.archive.org/*/http://twitter.com/Scavino45/status/934898077789577216","2017-11-26 14:38:07.789382"
"DanScavino","934902413466701824","Round 7 of shootout.....

@19Vesey scores!!

@NYRangers win 4-3!!!

#NYR https://t.co/XumgqGnGEs","http://web.archive.org/*/http://twitter.com/DanScavino/status/934902413466701824","2017-11-26 19:41:12.417657"
"SecretaryPerry","935238541583507457","Small businesses drive innovation and create jobs. @SBIRGov is an excellent way for #smallbiz &amp; #fedgov to team up‚Ä¶ https://t.co/PThoXx69og","http://web.archive.org/*/http://twitter.com/SecretaryPerry/status/935238541583507457","2017-11-27 13:07:31.396175"
"SecretaryZinke","936370270583083008","Two thumbs up for a beautiful #ChristmasTreeLighting üéÑüëçüèºüëçüèº  #MerryChristmas https://t.co/t5jepd0KUI","http://web.archive.org/*/http://twitter.com/SecretaryZinke/status/936370270583083008","2017-11-30 16:04:21.474370"
"POTUS","936399765742538752","RT @realDonaldTrump: The Christmas Story begins 2,000 years ago with a mother, a father, their baby son and the most extraordinary gift‚Ä¶ ","http://web.archive.org/*/http://twitter.com/POTUS/status/936399765742538752","2017-11-30 20:10:44.868661"
"seanspicer","936448267583410176",".@potus @realDonaldTrump realdonaldTrump donates third-quarter salary to HHS #opioid efforts

https://t.co/WPVIclaydM","http://web.archive.org/*/http://twitter.com/seanspicer/status/936448267583410176","2017-11-30 21:15:59.891544"
"seanspicer","933832825815601154","RT @AriFleischer: If this is accurate, I hope the WP openly addresses it and let's the reporter go.  Neutral papers can not do this. https:‚Ä¶","http://web.archive.org/*/http://twitter.com/seanspicer/status/933832825815601154","2017-12-01 08:26:09.974544"
"Scaramucci","562278983950012417","","","2017-12-01 15:02:02.197310"
"KellyannePolls","579255968401342465","","","2017-12-01 15:02:04.064919"
"AshLeeStrong","585550186077933571","","","2017-12-01 15:02:04.779080"
"Scaramucci","704630100566941696","","","2017-12-01 15:02:35.985962"
"Scaramucci","676583464519393280","","","2017-12-01 15:02:36.176522"
"KellyannePolls","714999601661657088","","","2017-12-01 15:02:37.460764"
"seanspicer","936766645183361024","RT @oliverdarcy: ...and there it is. ABC News still calling this a ""clarification"" https://t.co/7G5gHy9xiK","http://web.archive.org/*/http://twitter.com/seanspicer/status/936766645183361024","2017-12-01 18:22:42.158251"
"IvankaTrump","937477280799924224","My husband, Jared Kushner, had a great conversation on the Middle East with Haim Saban today at the Saban Forum.‚Ä¶ https://t.co/GR7M6RVS3E","http://web.archive.org/*/http://twitter.com/IvankaTrump/status/937477280799924224","2017-12-03 17:23:21.055057"
"nikkihaley","938167872584601600","RT @USUN : We met with the Libyan Ambassador to discuss the disturbing reports of slave trade and the importance of‚Ä¶ https://t.co/ngUyfmxzgk","http://web.archive.org/*/http://twitter.com/nikkihaley/status/938167872584601600","2017-12-05 15:08:35.672127"
"PressSec","938259583033888768","Stop What You‚Äôre Doing And Look At The Photos Of Sarah Sanders‚Äô Son As Marine One Takes Off - The Daily Caller https://t.co/jZ8AvXzh3G","http://web.archive.org/*/http://twitter.com/PressSec/status/938259583033888768","2017-12-05 21:12:16.063671"
"Scavino45","938259945794912256","RT @TwitterGov: Here are the most Tweeted about elected world leaders. #ThisHappened https://t.co/2pXMuwKQRa","http://web.archive.org/*/http://twitter.com/Scavino45/status/938259945794912256","2017-12-05 21:30:18.979423"
